# Blender 4.3.1
# www.blender.org
mtllib w2.mtl
o tripo_node_632bb386-ee21-48be-8c59-27c315b121c3
v 0.300935 0.427804 0.170500
v 0.302911 0.549828 0.140790
v 0.275510 0.544792 0.139235
v 0.276583 0.446739 0.136204
v 0.275283 0.554633 0.103816
v 0.300036 0.557343 0.104037
v 0.363979 0.444577 0.123252
v 0.330594 0.401319 0.185407
v 0.336697 0.383263 0.194261
v 0.338612 0.385986 0.162737
v 0.260749 0.392265 0.159218
v 0.212953 0.390916 0.167185
v 0.273556 0.353137 0.154329
v 0.315467 0.330871 0.126392
v 0.261829 0.343563 0.109007
v 0.261350 0.347137 0.145722
v 0.236993 0.347127 0.177246
v 0.209951 0.342184 0.182909
v 0.228719 0.230656 0.125875
v 0.238903 0.234606 0.134330
v 0.216152 0.368035 0.179666
v 0.232343 0.365989 0.145243
v 0.243116 0.378710 0.124462
v -0.081950 0.256350 0.258416
v -0.091236 0.235643 0.226211
v -0.055975 0.236670 0.160417
v -0.078305 0.229061 0.129585
v -0.091170 0.184835 0.234157
v -0.087599 0.163531 0.401351
v -0.095938 0.169673 0.251401
v -0.122404 0.129357 0.239572
v -0.099667 0.148944 0.383040
v -0.101124 0.176808 0.240167
v -0.110484 0.157341 0.253047
v -0.101922 0.253451 0.250873
v -0.120673 0.213750 0.288561
v -0.088346 0.277436 0.231880
v -0.097349 0.268187 0.194640
v 0.157801 0.334624 0.666090
v 0.132521 0.347501 0.659320
v 0.141697 0.365010 0.663943
v 0.170172 0.354648 0.669227
v 0.199479 0.360534 0.176869
v -0.038006 0.268661 0.067474
v -0.024805 0.277879 0.058786
v -0.036380 0.448702 0.086638
v 0.031199 0.270921 0.050497
v 0.023077 0.276246 0.067358
v -0.011859 0.275855 0.068177
v -0.030401 0.267986 0.083215
v -0.003035 0.260715 0.058955
v 0.017106 0.257928 0.042128
v -0.020103 0.254873 0.015496
v -0.028042 0.255289 0.024522
v -0.038439 0.260067 0.021717
v 0.009804 0.225465 0.000729
v -0.016678 0.495207 0.003431
v -0.072515 0.222408 0.061576
v -0.099266 0.163343 0.068545
v -0.125979 0.172520 0.065676
v -0.022942 0.216251 0.081659
v -0.066495 0.185359 0.080877
v -0.122299 0.085263 0.041784
v -0.113714 0.120164 0.055113
v -0.059996 0.157009 0.076753
v -0.106907 0.146576 0.056211
v 0.026323 0.081605 0.048199
v 0.038805 0.149328 -0.028874
v 0.042147 0.092159 -0.007997
v 0.002863 0.091968 0.061447
v 0.003386 0.110873 0.076534
v 0.049505 0.185813 0.056087
v 0.022369 0.226961 0.045421
v -0.000279 0.226714 0.024585
v 0.029015 0.157718 0.005807
v 0.090655 0.409513 -0.022228
v 0.266319 0.218315 0.082909
v 0.258673 0.221039 0.072830
v 0.058745 0.192750 -0.009582
v 0.320183 0.380170 0.062852
v 0.391077 0.402134 0.039301
v 0.322763 0.462177 0.076561
v 0.378368 0.436548 0.052309
v 0.417623 0.464641 0.029446
v 0.543579 0.472116 -0.072933
v 0.556315 0.453032 -0.096371
v 0.502798 0.440322 -0.087608
v 0.141736 0.417429 -0.077051
v 0.526508 0.416305 -0.065080
v 0.136064 0.337795 -0.068483
v 0.163099 0.384756 -0.074647
v 0.125240 0.383497 -0.034626
v 0.090053 0.403144 -0.031546
v 0.102907 0.338575 -0.141450
v 0.097036 0.423858 -0.122579
v 0.030527 0.460025 -0.052128
v 0.101183 0.425161 -0.059586
v 0.096491 0.433171 -0.041301
v -0.006426 0.544838 -0.069500
v -0.025473 0.526122 -0.083846
v 0.033563 0.478654 -0.036705
v -0.020778 0.399581 -0.025656
v 0.001140 0.477654 -0.060884
v -0.052260 0.681296 -0.096095
v -0.135741 0.647259 -0.130139
v -0.041566 0.492108 -0.083579
v -0.012907 0.530858 -0.082271
v -0.007744 0.483336 -0.084581
v -0.044317 0.335310 -0.229964
v -0.065222 0.514414 -0.251739
v -0.037099 0.370641 -0.251516
v -0.041810 0.457743 -0.293662
v 0.003274 0.430740 -0.245457
v 0.042742 0.454902 -0.199171
v 0.042191 0.443448 -0.224115
v 0.042162 0.614170 -0.152774
v 0.036681 0.597394 -0.149514
v 0.040050 0.600520 -0.132677
v 0.139037 0.408197 -0.196259
v 0.119188 0.402639 -0.238044
v 0.055964 0.337744 -0.246682
v -0.081434 0.171793 -0.275586
v -0.072285 0.154783 -0.276348
v -0.063053 0.153637 -0.263199
v -0.038563 0.198843 -0.304554
v -0.029994 0.192630 -0.315515
v -0.020795 0.210543 -0.298542
v -0.013281 0.200420 -0.312857
v 0.052082 0.230885 -0.263805
v 0.070136 0.232848 -0.256878
v 0.049087 0.249255 -0.251456
v 0.067671 0.244316 -0.246228
v 0.059107 0.181337 -0.229416
v -0.003431 0.205398 -0.224428
v -0.011007 0.160126 -0.255274
v 0.004005 0.076850 -0.252236
v 0.085105 0.098990 -0.217310
v 0.001318 0.148274 -0.261822
v -0.025837 0.144957 -0.268075
v -0.072065 0.124161 -0.259113
v -0.118203 0.139956 -0.409500
v -0.098430 0.133289 -0.426000
v -0.098650 0.132954 -0.405791
v -0.133106 0.105562 -0.403375
v -0.138920 0.131292 -0.298452
v -0.101621 0.064615 -0.235555
v -0.111743 0.102839 -0.251600
v -0.123128 0.106340 -0.244122
v -0.148690 0.263383 -0.311721
v -0.128885 0.275043 -0.216844
v -0.113592 0.258355 -0.296845
v -0.105555 0.166690 -0.256033
v -0.087780 0.168975 -0.247083
v -0.105677 0.146994 -0.249121
v -0.102191 0.143604 -0.262221
v -0.108184 0.147434 -0.273537
v -0.103873 0.168695 -0.276654
v 0.065666 0.205406 -0.222296
v 0.036913 0.192645 -0.218225
v 0.066229 0.214685 -0.172304
v -0.063099 0.263521 -0.208361
v -0.109166 0.299857 -0.193997
v -0.128010 0.247619 -0.212883
v -0.123560 0.079987 -0.207410
v -0.086308 0.168358 -0.226423
v -0.114452 0.071498 -0.154903
v -0.112354 0.068146 -0.079100
v -0.109814 0.054960 -0.077303
v -0.127541 0.251680 -0.038888
v -0.111396 0.258810 -0.072021
v -0.086682 0.300960 -0.092400
v -0.102636 0.328775 -0.086188
v -0.012666 0.300447 -0.037412
v 0.073452 0.226795 -0.110244
v 0.030103 0.139299 -0.055317
v 0.061236 0.094357 -0.027179
v 0.090087 0.176126 -0.095677
v 0.091503 0.183224 -0.204775
v 0.105454 0.203093 -0.134577
v 0.132034 0.153734 -0.147016
v 0.129516 0.146378 -0.125607
v 0.124265 0.123157 -0.173243
v 0.223330 0.123526 -0.163569
v 0.214097 0.101587 -0.163317
v 0.211574 0.105875 -0.152074
v 0.221645 0.125281 -0.151717
v 0.069419 -0.027143 -0.123455
v 0.094422 -0.056791 -0.143335
v 0.016898 -0.018438 -0.141306
v -0.074440 -0.329985 -0.187148
v -0.111122 -0.591037 -0.192576
v -0.095088 -0.328374 -0.208466
v -0.108978 -0.591076 -0.175119
v -0.082283 -0.623830 -0.182227
v -0.068430 -0.590736 -0.141297
v -0.030807 -0.633787 -0.165302
v -0.047030 -0.609998 -0.153170
v -0.101581 -0.173358 -0.227804
v -0.083197 -0.202926 -0.271258
v -0.102936 -0.209620 -0.241203
v -0.111433 -0.612847 -0.204691
v -0.132638 0.021778 -0.264123
v -0.128083 -0.103049 -0.551575
v -0.126643 -0.099743 -0.571545
v -0.126803 -0.116888 -0.559609
v -0.120220 -0.141211 -0.582448
v -0.128534 -0.109149 -0.514073
v -0.118711 -0.176057 -0.583059
v -0.120908 -0.165789 -0.593818
v -0.105042 -0.464064 -0.445386
v -0.088586 -0.458156 -0.451262
v -0.089324 -0.477917 -0.440362
v -0.090816 -0.463551 -0.429922
v -0.110200 0.041969 -0.675159
v -0.111975 0.063236 -0.670926
v -0.103782 0.052195 -0.682394
v -0.090995 0.043795 -0.655268
v -0.081647 -0.155343 -0.265197
v -0.078899 -0.216039 -0.205598
v -0.009088 -0.171855 -0.241714
v 0.082777 0.061305 -0.218900
v 0.224110 0.054385 -0.207054
v 0.206538 0.056060 -0.203582
v 0.206005 0.040417 -0.213188
v -0.045245 -0.336611 -0.228792
v -0.060615 -0.228856 -0.250379
v -0.065583 -0.331564 -0.248083
v 0.220475 -0.005924 0.032478
v 0.046891 -0.028020 0.051776
v 0.044664 -0.027668 0.076358
v 0.028000 -0.027769 0.074754
v 0.033358 -0.028404 0.048168
v 0.218423 -0.084236 -0.011589
v 0.167532 0.010528 -0.132140
v 0.053972 -0.055008 -0.077938
v 0.040064 0.014934 -0.020551
v -0.040702 -0.029018 -0.086308
v -0.130829 0.022291 -0.082703
v -0.113047 0.041576 0.041087
v -0.123315 -0.022949 0.055532
v -0.112315 -0.026015 0.061026
v -0.083183 0.036989 0.059618
v -0.012504 0.039081 0.062434
v -0.032624 0.005773 0.057356
v -0.051294 0.026077 0.061688
v -0.036177 -0.069065 0.110848
v -0.124228 -0.017206 0.080946
v -0.052974 -0.073456 0.085151
v -0.051532 -0.069933 0.110821
v -0.061931 -0.327745 0.318009
v -0.115130 -0.341003 0.182033
v -0.121628 -0.334746 0.166625
v -0.038252 -0.075214 0.082863
v -0.120110 -0.325976 0.146421
v -0.130377 -0.304339 0.121785
v -0.121057 -0.375752 0.114462
v -0.119037 -0.360165 0.132282
v -0.089483 -0.599204 -0.020287
v -0.044581 -0.635537 -0.043774
v -0.189271 -0.602921 -0.068835
v -0.166563 -0.354023 -0.020825
v -0.207413 -0.238155 -0.044637
v -0.220487 -0.361187 -0.002736
v -0.163053 -0.329562 0.147991
v -0.164805 -0.308359 0.123462
v -0.155021 -0.362572 0.127760
v -0.152307 -0.373204 0.110651
v -0.145905 -0.296051 0.259010
v -0.182304 -0.317750 0.301919
v -0.212797 -0.221107 0.301307
v -0.211691 -0.222914 0.227946
v -0.164163 -0.325855 0.177474
v -0.157099 -0.339709 0.170207
v -0.203044 -0.193247 0.218264
v -0.217374 -0.206330 0.242959
v -0.180381 -0.086381 0.311447
v -0.178021 -0.034996 0.324609
v -0.198390 0.042006 0.330042
v -0.195890 -0.005181 0.307877
v -0.132964 -0.014289 0.074156
v -0.153945 -0.018785 -0.030612
v -0.156688 -0.059040 -0.056517
v -0.160441 -0.040954 -0.052023
v -0.163459 -0.148774 0.062425
v -0.175764 -0.152646 0.048534
v -0.206455 -0.095340 -0.055559
v -0.176255 -0.065324 -0.053366
v -0.215350 -0.055825 -0.051289
v -0.205841 0.018506 -0.042270
v -0.177305 -0.007398 0.007915
v -0.171491 0.009034 0.006672
v -0.221511 -0.250035 -0.040671
v -0.225330 0.054828 -0.062725
v -0.232391 -0.310242 -0.050986
v -0.245468 -0.361401 -0.037245
v -0.223619 -0.391909 -0.052065
v -0.221731 -0.592896 -0.022951
v -0.243509 -0.215435 0.204320
v -0.222201 -0.084618 0.314611
v -0.222428 -0.049363 0.331218
v -0.243123 0.044954 0.323987
v -0.242188 -0.001420 0.308227
v -0.277448 -0.191251 0.280651
v -0.238941 -0.183864 0.315474
v -0.269123 -0.225399 0.290667
v -0.264739 -0.225496 0.254495
v -0.241020 -0.420412 0.239084
v -0.251482 -0.401336 0.228628
v -0.253384 -0.407021 0.241617
v -0.240308 -0.244847 0.287605
v -0.239452 -0.408265 0.226152
v -0.272688 -0.226005 0.214442
v -0.169899 -0.072400 -0.554643
v -0.175595 -0.117665 -0.574130
v -0.178200 -0.100075 -0.572372
v -0.177837 -0.101379 -0.553569
v -0.190176 0.035155 -0.388732
v -0.172043 0.020355 -0.397945
v -0.212631 0.051989 -0.343934
v -0.228941 0.031287 -0.354661
v -0.226868 0.038131 -0.308341
v -0.280530 0.028610 -0.483705
v -0.261111 0.055838 -0.471900
v -0.153832 0.052466 -0.594010
v -0.159175 -0.191667 -0.582646
v -0.142599 0.039894 -0.612382
v -0.131348 -0.070904 -0.565991
v -0.156784 0.026678 -0.292979
v -0.178833 -0.618683 -0.100437
v -0.184835 -0.613141 -0.210406
v -0.147047 -0.620529 -0.137930
v -0.147813 -0.618155 -0.204518
v -0.157786 -0.617070 -0.056356
v -0.178590 -0.577182 -0.111648
v -0.191555 0.004435 -0.074182
v -0.189195 -0.067857 -0.062678
v -0.196139 0.045715 -0.068962
v -0.182667 0.025673 -0.071104
v -0.194427 0.044676 -0.237091
v -0.191625 0.029994 -0.280202
v -0.195736 -0.581766 -0.095726
v -0.223890 -0.579883 -0.121788
v -0.192951 -0.579166 -0.195997
v -0.188073 -0.574150 -0.125807
v -0.178671 -0.600209 -0.171456
v -0.186803 -0.602710 -0.122433
v -0.208757 -0.242157 -0.065285
v -0.215604 -0.606114 -0.075077
v -0.242446 -0.601759 -0.094988
v -0.228846 -0.607048 -0.165146
v -0.192467 -0.598274 -0.207564
v -0.218107 -0.588240 -0.181645
v -0.217694 -0.141108 -0.085344
v -0.204611 -0.142307 -0.087542
v -0.216838 -0.139604 -0.067994
v -0.201410 -0.142360 -0.073583
v -0.210992 0.013435 -0.060772
v -0.223154 -0.257414 -0.065107
v -0.263378 0.129101 -0.089122
v -0.240942 0.286392 -0.207694
v -0.268339 0.254123 -0.190777
v -0.238815 0.283446 -0.166593
v -0.236122 0.169053 -0.218748
v -0.216675 0.180121 -0.236089
v -0.214413 0.149703 -0.245226
v -0.230025 0.115616 -0.176694
v -0.243649 0.114966 -0.101428
v -0.197840 0.095789 -0.140221
v -0.205630 0.150719 -0.246719
v -0.216107 0.223741 -0.231807
v -0.199291 0.275811 -0.220423
v -0.193569 0.282424 -0.089684
v -0.174403 0.249110 -0.225841
v -0.174725 0.194599 -0.226477
v -0.172784 0.101756 -0.148233
v -0.140330 0.192474 -0.222706
v -0.151096 0.289122 -0.225362
v -0.133127 0.264170 -0.216777
v -0.129827 0.240714 -0.222738
v -0.148795 0.069073 -0.106672
v -0.153805 0.066711 -0.221861
v -0.133763 0.070567 -0.229025
v -0.140612 0.193816 -0.229557
v -0.130847 0.139267 -0.240930
v -0.131756 0.143165 -0.232509
v -0.131969 0.120193 -0.239027
v -0.129668 0.117308 -0.243724
v -0.169821 0.154229 -0.242154
v -0.157449 0.143211 -0.288280
v -0.135487 0.208200 -0.298468
v -0.167031 0.268382 -0.273685
v -0.177204 0.217438 -0.241079
v -0.153131 0.270827 -0.243556
v -0.168493 0.199479 -0.260717
v -0.166404 0.202647 -0.296669
v -0.205422 0.208525 -0.273593
v -0.190730 0.107821 -0.295023
v -0.160001 0.053148 -0.344103
v -0.154893 0.123162 -0.383536
v -0.143986 0.125902 -0.398378
v -0.166023 0.212638 -0.403302
v -0.154104 0.262960 -0.392407
v -0.149658 0.163999 -0.322205
v -0.135155 0.123658 -0.373245
v -0.143184 0.128699 -0.409867
v -0.136817 0.080036 -0.603774
v -0.150219 0.081501 -0.587299
v -0.132489 0.190599 -0.605967
v -0.153057 0.280302 -0.482700
v -0.152043 0.274823 -0.464455
v -0.147959 0.244797 -0.472687
v -0.147560 0.241446 -0.607722
v -0.157627 0.244937 -0.468780
v -0.164245 0.241880 -0.479121
v -0.172975 0.099403 -0.567017
v -0.151622 0.184415 -0.606976
v -0.153683 0.082395 -0.557020
v -0.159607 0.068902 -0.563330
v -0.161847 0.054573 -0.619353
v -0.181967 0.105812 -0.456667
v -0.180843 0.076738 -0.610141
v -0.260074 0.074099 -0.500160
v -0.284603 0.081168 -0.457450
v -0.257774 0.086696 -0.486152
v -0.279689 0.057737 -0.462536
v -0.192012 0.081178 -0.403236
v -0.200082 0.103630 -0.395825
v -0.207362 0.076200 -0.375908
v -0.173035 0.050703 -0.307488
v -0.173789 0.039213 -0.323731
v -0.194200 0.196675 -0.302330
v -0.202092 0.267652 -0.329132
v -0.206662 0.250703 -0.302474
v -0.189968 0.192571 -0.377883
v -0.181996 0.255539 -0.388938
v -0.207298 0.276234 -0.470829
v -0.206230 0.275603 -0.487118
v -0.208247 0.247636 -0.487214
v -0.207381 0.249145 -0.467675
v -0.184755 0.119088 -0.463216
v -0.171272 0.231034 -0.608999
v -0.264471 0.436139 -0.357108
v -0.267355 0.498346 -0.381762
v -0.280598 0.476879 -0.403566
v -0.285002 0.506725 -0.388349
v -0.302940 0.501904 -0.359964
v -0.305896 0.465147 -0.331090
v -0.292593 0.506561 -0.340761
v -0.292635 0.646917 -0.423198
v -0.329404 0.637566 -0.425884
v -0.332702 0.658059 -0.431212
v -0.331430 0.678216 -0.433718
v -0.293967 0.656071 -0.463888
v -0.293004 0.678120 -0.426476
v -0.286886 0.635149 -0.435224
v -0.291708 0.648616 -0.444635
v -0.257345 0.469010 -0.386167
v -0.223893 0.400699 -0.495292
v -0.218176 0.416187 -0.497025
v -0.198555 0.367054 -0.379827
v -0.186532 0.391969 -0.458172
v -0.176343 0.404361 -0.461277
v -0.198070 0.370162 -0.358111
v -0.219783 0.357524 -0.351518
v -0.221391 0.353391 -0.379309
v -0.257842 0.477280 -0.370751
v -0.257818 0.483832 -0.339345
v -0.206537 0.399358 -0.184979
v -0.157869 0.425373 -0.247654
v -0.176806 0.437037 -0.239971
v -0.163356 0.395449 -0.249333
v -0.226186 0.332663 -0.145769
v -0.219117 0.367365 -0.095972
v -0.226090 0.334387 -0.131015
v -0.339599 0.491840 -0.269380
v -0.326861 0.524445 -0.260189
v -0.339482 0.519620 -0.241983
v -0.329117 0.529808 -0.223914
v -0.422831 0.546117 -0.243556
v -0.417694 0.560572 -0.242047
v -0.372593 0.555836 -0.206148
v -0.376358 0.541274 -0.200594
v -0.333036 0.758296 0.001584
v -0.347199 0.751654 -0.014729
v -0.316115 0.791421 -0.001178
v -0.284872 0.782562 -0.006132
v -0.258106 0.813321 0.005353
v -0.272810 0.825351 0.013492
v -0.274524 0.775381 0.006601
v -0.323398 0.775777 0.026703
v -0.321592 0.760317 0.025385
v -0.313494 0.773107 0.045701
v -0.375534 0.826844 0.051045
v -0.385942 0.781597 0.034279
v -0.377292 0.775098 0.041710
v -0.387734 0.793127 0.055730
v -0.322509 0.740386 0.025341
v -0.280278 0.717505 -0.017267
v -0.280918 0.738309 -0.008956
v -0.311914 0.612664 -0.026868
v -0.333394 0.725823 -0.007183
v -0.295327 0.529782 -0.075314
v -0.303246 0.577242 -0.063444
v -0.308450 0.569589 -0.043676
v -0.303457 0.583480 -0.022653
v -0.238551 0.232497 -0.038197
v -0.224992 0.376747 0.008697
v -0.237758 0.283708 -0.078696
v -0.228719 0.250698 -0.034241
v -0.194503 0.179476 0.014179
v -0.201459 0.225824 -0.013954
v -0.215493 0.133638 0.041717
v -0.194764 0.114499 -0.033399
v -0.189907 0.075696 -0.048377
v -0.178845 0.069935 -0.041446
v -0.147500 0.083740 -0.031976
v -0.142920 0.061283 -0.072644
v -0.175737 0.121996 -0.017035
v -0.139462 0.140768 0.042345
v -0.157745 0.198148 0.056175
v -0.134198 0.192921 0.057148
v -0.134934 0.210264 0.047805
v -0.136379 0.240340 0.019497
v -0.170084 0.176903 0.010391
v -0.175013 0.242254 -0.042383
v -0.144448 0.256302 -0.045150
v -0.129710 0.305855 -0.048632
v -0.205366 0.303699 -0.052481
v -0.195183 0.304325 0.014822
v -0.184190 0.475734 0.037258
v -0.203322 0.464895 0.004381
v -0.184738 0.479093 -0.023348
v -0.172681 0.479942 0.026790
v -0.200464 0.283266 -0.016685
v -0.159383 0.250017 0.048233
v -0.140331 0.251930 0.055671
v -0.134522 0.237555 0.204264
v -0.165277 0.299813 0.190403
v -0.156854 0.265713 0.203148
v -0.168385 0.308985 0.178016
v -0.178667 0.351067 0.150319
v -0.192452 0.378991 0.131649
v -0.208971 0.361220 0.116858
v -0.196058 0.334641 0.146923
v -0.206971 0.278776 0.115250
v -0.193004 0.306567 0.211872
v -0.185623 0.308288 0.207576
v -0.188706 0.263492 0.205802
v -0.183001 0.299882 0.303481
v -0.188332 0.272451 0.310659
v -0.209860 0.304704 0.321900
v -0.190579 0.293183 0.289749
v -0.193950 0.304574 0.297481
v -0.196513 0.309369 0.235548
v -0.195452 0.316247 0.231839
v -0.176874 0.330797 0.230227
v -0.180337 0.295128 0.265108
v -0.181185 0.316966 0.294009
v -0.151035 0.346106 0.247465
v -0.169013 0.357781 0.243707
v -0.159884 0.349805 0.230117
v -0.156663 0.307821 0.281585
v -0.159145 0.316640 0.324535
v -0.150867 0.287911 0.310210
v -0.162948 0.300769 0.294143
v -0.148434 0.249553 0.328643
v -0.143974 0.207447 0.354908
v -0.134086 0.232073 0.337286
v -0.172529 0.232936 0.203484
v -0.127509 0.213122 0.086677
v -0.149889 0.191266 0.077210
v -0.155898 0.198334 0.203787
v -0.136313 0.184393 0.413933
v -0.149028 0.162833 0.178600
v -0.147299 0.175520 0.401280
v -0.206664 0.108980 0.313574
v -0.181371 0.227024 0.330616
v -0.199139 0.119856 0.291082
v -0.202329 0.299187 0.269817
v -0.199171 0.319875 0.149422
v -0.209623 0.307342 0.138687
v -0.208647 0.137841 0.332628
v -0.224673 0.083390 0.235037
v -0.245951 0.103636 0.312340
v -0.250272 0.090153 0.330085
v -0.243704 0.159480 0.318445
v -0.249171 0.134617 0.320305
v -0.235211 0.116299 0.286928
v -0.228937 0.128338 0.358954
v -0.247250 0.130047 0.333739
v -0.250959 0.155023 0.330421
v -0.288341 0.417095 0.140198
v -0.294302 0.435088 0.114215
v -0.240514 0.430936 0.115981
v -0.208560 0.431127 0.042920
v -0.213609 0.414315 0.082427
v -0.263067 0.399400 0.115998
v -0.322359 0.615395 0.154522
v -0.292273 0.616234 0.153488
v -0.297072 0.657075 0.180894
v -0.283600 0.604627 0.182980
v -0.281774 0.623033 0.187946
v -0.279977 0.623408 0.195288
v -0.282788 0.597861 0.200877
v -0.281417 0.583991 0.211770
v -0.310395 0.572666 0.212200
v -0.314501 0.591871 0.204254
v -0.322909 0.629836 0.194603
v -0.333162 0.652929 0.193126
v 0.277226 0.421324 0.167387
v 0.263189 0.413464 0.204731
v 0.287075 0.422780 0.214665
v 0.310684 0.410493 0.217225
v 0.320247 0.409562 0.182496
v 0.332697 0.407784 0.162436
v 0.327702 0.437479 0.151169
v 0.299696 0.462408 0.135634
v 0.286947 0.553582 0.144350
v 0.294205 0.508791 0.139610
v 0.312322 0.515393 0.139258
v 0.320936 0.524611 0.126345
v 0.302786 0.559949 0.130649
v 0.286652 0.559409 0.129411
v 0.276344 0.505442 0.135671
v 0.270976 0.556758 0.128939
v 0.266392 0.510324 0.122056
v 0.269913 0.451954 0.115841
v 0.248604 0.412386 0.140979
v 0.253155 0.414703 0.117372
v 0.275314 0.516825 0.093276
v 0.268059 0.514050 0.107655
v 0.273409 0.559924 0.117567
v 0.286916 0.565005 0.105646
v 0.290899 0.518923 0.090833
v 0.286744 0.562210 0.117484
v 0.307102 0.523432 0.093562
v 0.300215 0.563568 0.117624
v 0.321393 0.528902 0.109494
v 0.343144 0.480521 0.125859
v 0.322388 0.471428 0.138380
v 0.372296 0.415141 0.142343
v 0.362346 0.451680 0.096873
v 0.347117 0.481996 0.101117
v 0.422530 0.445941 0.090142
v 0.409290 0.451452 0.076882
v 0.329362 0.401500 0.211922
v 0.267756 0.370739 0.153764
v 0.250988 0.372504 0.189131
v 0.247138 0.392603 0.192848
v 0.247624 0.369108 0.145917
v 0.256221 0.357553 0.150624
v 0.239336 0.380233 0.140952
v 0.204633 0.373150 0.190276
v 0.221399 0.374167 0.159992
v 0.223548 0.362715 0.141463
v 0.207374 0.361027 0.159527
v 0.381591 0.390329 0.142088
v 0.313640 0.355660 0.160906
v 0.346947 0.360583 0.127154
v 0.383612 0.372301 0.118431
v 0.266001 0.361446 0.197544
v 0.268187 0.337487 0.121834
v 0.278327 0.334316 0.125294
v 0.296853 0.346658 0.159889
v 0.297391 0.330985 0.127160
v 0.328508 0.317980 0.098344
v 0.348357 0.353462 0.095626
v 0.252399 0.352634 0.133719
v 0.257683 0.379955 0.103215
v 0.251115 0.292813 0.099452
v 0.252890 0.294122 0.112042
v 0.254177 0.336582 0.162211
v 0.236051 0.340788 0.149268
v 0.246673 0.348969 0.162740
v 0.232477 0.358639 0.156888
v 0.224849 0.354240 0.180677
v 0.238008 0.331926 0.184166
v 0.217641 0.345392 0.197322
v 0.221276 0.337377 0.168937
v 0.232105 0.258072 0.117799
v 0.232903 0.250409 0.104476
v 0.232565 0.220557 0.115330
v 0.245922 0.253507 0.122954
v 0.250912 0.222007 0.123738
v 0.259433 0.245196 0.118477
v 0.263546 0.411559 0.098640
v -0.061118 0.260028 0.247732
v -0.074913 0.273045 0.240785
v -0.093068 0.264905 0.252434
v -0.086848 0.244010 0.248710
v -0.064525 0.242529 0.240039
v -0.097729 0.214122 0.222685
v -0.080667 0.206516 0.228557
v -0.072728 0.227305 0.228399
v -0.104467 0.253221 0.230895
v -0.098938 0.235447 0.207349
v -0.103252 0.217132 0.206535
v -0.100092 0.252142 0.207985
v -0.045835 0.237484 0.194297
v -0.053999 0.214941 0.196647
v -0.068573 0.208809 0.168779
v -0.058684 0.250939 0.169891
v -0.048877 0.252566 0.191141
v -0.052234 0.261521 0.132925
v -0.042774 0.270813 0.153016
v -0.079425 0.251658 0.108540
v -0.090856 0.210762 0.134270
v -0.105553 0.234375 0.092621
v -0.104797 0.194276 0.220399
v -0.068974 0.175948 0.222983
v -0.060975 0.197038 0.218031
v -0.085124 0.177483 0.245543
v -0.071413 0.161976 0.236463
v -0.099107 0.202745 0.258895
v -0.091628 0.195305 0.264822
v -0.110294 0.194236 0.260363
v -0.112333 0.179542 0.218113
v -0.084187 0.184205 0.382064
v -0.097109 0.193388 0.395490
v -0.103232 0.165092 0.410975
v -0.098378 0.174354 0.372465
v -0.117695 0.149612 0.389003
v -0.084149 0.148595 0.254147
v -0.101300 0.188557 0.265955
v -0.118602 0.160223 0.241155
v -0.106860 0.142264 0.256214
v -0.126592 0.143862 0.243741
v -0.132297 0.151314 0.212129
v -0.129497 0.134054 0.209332
v -0.113508 0.124359 0.203430
v -0.103892 0.121804 0.243399
v -0.115953 0.174403 0.378776
v -0.124199 0.164986 0.215736
v -0.104440 0.272168 0.232639
v -0.129404 0.230991 0.291194
v -0.118519 0.222772 0.329836
v -0.106866 0.217129 0.327474
v -0.106078 0.214328 0.292143
v -0.127873 0.211890 0.245042
v -0.127606 0.227222 0.245323
v -0.106298 0.191926 0.295259
v -0.142849 0.196867 0.288040
v -0.140671 0.199912 0.244061
v -0.123323 0.193845 0.328943
v -0.141615 0.192787 0.331777
v -0.107643 0.194535 0.327049
v -0.061911 0.275261 0.214895
v -0.082051 0.274998 0.211371
v -0.098315 0.267620 0.209308
v -0.079841 0.265566 0.195459
v -0.076286 0.275072 0.183398
v -0.091562 0.287427 0.192288
v -0.119871 0.277678 0.195114
v -0.127900 0.260656 0.195559
v -0.104516 0.254460 0.195390
v 0.174273 0.330254 0.630144
v 0.186799 0.341277 0.635549
v 0.161563 0.342973 0.675873
v 0.145786 0.337658 0.672558
v 0.158300 0.328982 0.625544
v 0.148898 0.346892 0.684502
v 0.135663 0.355294 0.670041
v 0.137428 0.364484 0.622551
v 0.133489 0.348244 0.620556
v 0.138800 0.341594 0.669614
v 0.140521 0.350272 0.680798
v 0.144380 0.336171 0.622266
v 0.148593 0.375661 0.625776
v 0.149118 0.362133 0.675755
v 0.164794 0.378803 0.631129
v 0.157855 0.358858 0.676047
v 0.190239 0.358369 0.638694
v 0.178596 0.371346 0.635082
v -0.026204 0.241330 0.065992
v -0.021213 0.236152 0.080136
v -0.055368 0.458355 0.104474
v -0.060485 0.408369 0.135478
v -0.040329 0.400412 0.114531
v -0.031044 0.447249 0.050312
v -0.041213 0.475577 0.064158
v -0.022526 0.383774 0.089505
v -0.024018 0.413219 0.052094
v -0.024770 0.420958 0.032444
v 0.031160 0.249736 0.072554
v 0.037842 0.240030 0.055649
v 0.007922 0.256335 0.073554
v -0.001184 0.232526 0.081853
v 0.018127 0.223628 0.078222
v -0.001816 0.223983 0.054761
v -0.006558 0.240100 0.017814
v -0.026150 0.263260 0.003404
v -0.024044 0.247165 0.032135
v -0.066825 0.279255 -0.002354
v -0.055849 0.252262 0.029162
v 0.006162 0.213540 0.021822
v 0.018639 0.247974 -0.025873
v -0.019678 0.275050 -0.020179
v 0.032893 0.486202 -0.006695
v -0.004670 0.497923 -0.032883
v -0.016942 0.538565 -0.036269
v -0.014966 0.468920 0.025937
v 0.029389 0.473661 0.018599
v -0.060236 0.483624 0.067422
v -0.052502 0.532077 -0.025705
v -0.071224 0.493960 0.013655
v -0.092922 0.494982 0.068246
v -0.089034 0.247243 0.029148
v -0.110311 0.237216 0.016677
v -0.104086 0.212511 0.049923
v -0.045546 0.228257 0.051859
v -0.100687 0.192361 0.067941
v -0.041960 0.187588 0.088665
v -0.044328 0.215949 0.079628
v -0.030228 0.217821 0.063040
v -0.117668 0.174067 0.060642
v -0.115574 0.157498 0.046311
v -0.103462 0.129328 0.079721
v -0.072461 0.165585 0.080356
v -0.079212 0.129013 0.082934
v -0.128979 0.158607 0.052779
v -0.155695 0.183789 0.046194
v -0.126101 0.172471 0.076816
v -0.130083 0.150448 0.075506
v -0.020052 0.220672 0.067408
v 0.005716 0.204963 0.091919
v -0.049974 0.165040 0.077491
v -0.033868 0.163524 0.081264
v -0.132028 0.107941 0.031661
v -0.148922 0.104007 0.004132
v -0.142191 0.080185 0.007636
v -0.130929 0.045072 0.008990
v -0.116504 0.089364 0.067378
v -0.124854 0.046214 0.073288
v -0.104474 0.088036 0.085672
v -0.126986 0.136049 0.036961
v -0.141431 0.126815 0.021829
v -0.062463 0.127462 0.072574
v -0.047168 0.124523 0.078791
v 0.019306 0.094467 0.040619
v 0.029939 0.108283 0.028027
v 0.033165 0.116888 0.043656
v 0.011717 0.075825 0.055092
v 0.007590 0.092452 0.054446
v 0.048977 0.114638 0.059498
v 0.047443 0.073298 0.057664
v 0.034536 0.127238 0.017213
v 0.028150 0.126037 -0.037939
v 0.052813 0.141445 -0.046167
v 0.079183 0.156018 -0.053368
v 0.069996 0.171691 -0.037502
v 0.035040 0.078319 0.019047
v 0.038135 0.024438 -0.034543
v 0.038277 0.085508 -0.028731
v 0.032128 0.021473 0.019331
v 0.011183 0.068688 0.073029
v -0.004575 0.074048 0.073696
v 0.001597 0.069023 0.054889
v 0.002824 0.154275 0.084175
v -0.015480 0.158925 0.084401
v -0.013562 0.119479 0.090675
v 0.025954 0.113993 0.087290
v 0.022218 0.152138 0.090540
v -0.015320 0.074364 0.095953
v 0.031203 0.065430 0.083391
v 0.045588 0.170471 0.039092
v 0.045950 0.174759 0.022435
v 0.062723 0.191349 0.024741
v 0.039539 0.212494 0.033671
v 0.041077 0.211569 0.056816
v 0.033047 0.216956 0.072187
v 0.035807 0.189836 0.075190
v 0.037876 0.173909 0.077060
v 0.047707 0.168349 0.062163
v 0.037678 0.161104 0.042196
v -0.007954 0.215687 0.047067
v -0.015052 0.231095 0.042372
v 0.038587 0.139868 0.041427
v 0.061097 0.225149 -0.042607
v 0.165348 0.413176 -0.013066
v 0.162712 0.408625 0.009291
v 0.086939 0.406706 -0.001657
v 0.033521 0.401412 -0.031879
v 0.036121 0.385639 -0.032269
v 0.031412 0.406107 -0.015425
v 0.262238 0.212689 0.094687
v 0.246812 0.217508 0.085024
v 0.274779 0.236587 0.081721
v 0.274634 0.236161 0.096948
v 0.265345 0.240233 0.073192
v 0.251788 0.242704 0.080435
v 0.077855 0.196547 -0.076490
v 0.301244 0.329753 0.066994
v 0.280642 0.338325 0.065847
v 0.290063 0.381854 0.065031
v 0.357257 0.402004 0.057639
v 0.365746 0.380712 0.058243
v 0.340920 0.359211 0.067931
v 0.294002 0.415635 0.064239
v 0.318711 0.419520 0.062502
v 0.322085 0.319220 0.072317
v 0.355849 0.422955 0.059398
v 0.411319 0.378388 0.060686
v 0.378170 0.368145 0.084662
v 0.456758 0.406715 0.000357
v 0.466526 0.397453 0.013913
v 0.377945 0.419271 0.047701
v 0.390128 0.411990 0.011452
v 0.454171 0.417012 -0.006438
v 0.337438 0.420163 0.040478
v 0.337482 0.412862 0.025294
v 0.337000 0.414611 0.002812
v 0.295102 0.456964 0.073234
v 0.359896 0.445303 0.067390
v 0.371744 0.430406 0.049370
v 0.388921 0.448897 0.057270
v 0.339995 0.454553 0.050395
v 0.335912 0.436557 0.050984
v 0.447140 0.456051 0.044251
v 0.502172 0.464254 -0.000724
v 0.485873 0.466257 -0.010311
v 0.473942 0.462536 -0.013912
v 0.409889 0.465739 0.011558
v 0.534252 0.469458 -0.047839
v 0.549376 0.458638 -0.046636
v 0.554117 0.463770 -0.078999
v 0.549156 0.464159 -0.096144
v 0.535461 0.473546 -0.085334
v 0.518930 0.471844 -0.053740
v 0.559890 0.449694 -0.081973
v 0.547797 0.443235 -0.102196
v 0.537114 0.454061 -0.102212
v 0.554946 0.434526 -0.088144
v 0.484478 0.442817 -0.066302
v 0.495261 0.455359 -0.063432
v 0.515112 0.450364 -0.090735
v 0.525259 0.441064 -0.101428
v 0.507244 0.429892 -0.095648
v 0.481135 0.428432 -0.063124
v 0.136083 0.414095 -0.052948
v 0.154490 0.392019 -0.055769
v 0.158710 0.401424 -0.074067
v 0.124001 0.419459 -0.093022
v 0.137066 0.398892 -0.102716
v 0.542021 0.418689 -0.066160
v 0.518060 0.413298 -0.019761
v 0.507762 0.412951 -0.033186
v 0.498395 0.415180 -0.044739
v 0.523212 0.416740 -0.082028
v 0.540498 0.424887 -0.089955
v 0.105467 0.323115 -0.073334
v 0.106372 0.321432 -0.102440
v 0.144598 0.344272 -0.081911
v 0.139688 0.351643 -0.048710
v 0.103882 0.339086 -0.044417
v 0.155382 0.364351 -0.056464
v 0.160839 0.375652 -0.062914
v 0.144130 0.375033 -0.101367
v 0.145365 0.355181 -0.092479
v 0.130946 0.397385 -0.036964
v 0.094031 0.383448 -0.026775
v 0.135583 0.369901 -0.036510
v 0.149666 0.380798 -0.046108
v 0.098076 0.363267 -0.028671
v 0.041957 0.369270 -0.032152
v 0.121949 0.365218 -0.134198
v 0.092809 0.295212 -0.113122
v 0.091554 0.287046 -0.166001
v 0.118739 0.394649 -0.132780
v 0.051750 0.436909 -0.125054
v 0.041749 0.452799 -0.091763
v 0.074794 0.438819 -0.079845
v 0.126783 0.399772 -0.168026
v 0.097905 0.425911 -0.171536
v 0.058871 0.439689 -0.185530
v 0.053436 0.456705 -0.047696
v 0.028573 0.453885 -0.070992
v 0.012078 0.475986 -0.076241
v 0.058837 0.436491 -0.059052
v 0.096198 0.456132 -0.042409
v 0.002523 0.530351 -0.108186
v 0.015739 0.554824 -0.105482
v 0.003895 0.591252 -0.088951
v -0.008572 0.592424 -0.064447
v 0.018993 0.592857 -0.116030
v -0.021005 0.501417 -0.053657
v -0.039463 0.508996 -0.076701
v -0.029336 0.502290 -0.114648
v -0.013186 0.514397 -0.108992
v -0.013908 0.386358 -0.034279
v 0.028717 0.411075 0.003902
v -0.012673 0.409224 0.003426
v -0.026822 0.401994 0.013954
v -0.037255 0.383597 -0.001907
v -0.058478 0.375358 -0.035788
v -0.046375 0.370120 -0.043497
v -0.064131 0.359805 -0.015482
v -0.061872 0.650972 -0.074918
v -0.025808 0.647065 -0.069419
v -0.023343 0.681485 -0.103031
v -0.041553 0.691582 -0.155228
v -0.074351 0.690918 -0.125073
v -0.101978 0.658081 -0.098823
v -0.119978 0.666672 -0.171069
v -0.167162 0.578162 -0.129457
v -0.126490 0.588221 -0.078701
v -0.163219 0.566829 -0.192550
v -0.018705 0.486463 -0.110792
v 0.027885 0.471908 -0.097186
v 0.004700 0.474939 -0.104931
v -0.000467 0.335437 -0.236575
v -0.019607 0.294305 -0.227765
v -0.051522 0.302398 -0.215337
v -0.068727 0.312679 -0.180999
v -0.070984 0.336477 -0.184843
v -0.013891 0.377443 -0.241898
v 0.016580 0.375429 -0.246279
v -0.058771 0.342364 -0.227264
v -0.087110 0.344255 -0.191001
v -0.026255 0.520660 -0.229479
v -0.041057 0.487273 -0.238020
v -0.069943 0.485098 -0.264849
v -0.100723 0.455680 -0.269131
v -0.108423 0.459567 -0.252876
v -0.129392 0.467665 -0.252103
v -0.097230 0.539970 -0.253737
v -0.052375 0.327604 -0.258456
v -0.060986 0.335132 -0.282156
v -0.046586 0.379783 -0.276642
v -0.069896 0.323503 -0.227841
v -0.016125 0.460841 -0.269179
v -0.018382 0.427768 -0.279646
v -0.053370 0.432904 -0.299704
v -0.086237 0.447059 -0.291261
v -0.059004 0.476172 -0.284771
v -0.028375 0.478786 -0.253854
v -0.005101 0.466071 -0.234293
v 0.013194 0.471010 -0.188894
v 0.020531 0.425658 -0.243276
v 0.055141 0.434337 -0.215763
v 0.040338 0.416579 -0.240380
v 0.028810 0.576291 -0.161238
v 0.036143 0.592490 -0.174505
v 0.029539 0.615830 -0.177090
v 0.037400 0.628347 -0.141098
v 0.030490 0.596252 -0.140533
v 0.022722 0.565213 -0.139385
v 0.035043 0.610023 -0.116245
v 0.091865 0.426966 -0.207711
v 0.082630 0.407638 -0.242140
v 0.138736 0.362803 -0.171715
v 0.153673 0.340903 -0.206124
v 0.119106 0.355868 -0.243389
v 0.073677 0.371634 -0.257648
v 0.082002 0.315647 -0.214965
v 0.048509 0.281162 -0.210900
v 0.018282 0.288364 -0.222980
v -0.084720 0.149175 -0.278547
v -0.097894 0.166911 -0.263898
v -0.072845 0.175214 -0.258226
v -0.084055 0.142675 -0.270126
v -0.065859 0.178779 -0.243177
v -0.050532 0.168206 -0.248847
v -0.041037 0.153294 -0.244529
v -0.058742 0.133676 -0.251600
v -0.032037 0.172720 -0.284892
v -0.017071 0.184380 -0.275035
v -0.021018 0.165871 -0.295429
v -0.004587 0.175745 -0.289143
v 0.050766 0.203418 -0.242517
v 0.039397 0.215281 -0.229460
v 0.060772 0.215924 -0.221481
v 0.074199 0.163407 -0.231875
v 0.055610 0.147016 -0.256945
v 0.041218 0.159767 -0.254296
v 0.024237 0.162833 -0.236374
v 0.088923 0.165461 -0.206789
v 0.001541 0.247326 -0.220367
v 0.032482 0.249176 -0.201266
v 0.027964 0.219567 -0.199767
v 0.030076 0.198523 -0.201263
v 0.010419 0.180006 -0.228211
v -0.034473 0.213007 -0.230878
v -0.028599 0.254837 -0.227469
v -0.023233 0.172889 -0.241863
v -0.041566 0.185353 -0.239135
v 0.052009 0.029421 -0.209660
v -0.017243 0.057043 -0.233409
v -0.022404 0.106066 -0.273759
v 0.015969 0.110795 -0.283004
v 0.033357 0.091772 -0.262893
v 0.075757 0.072366 -0.240971
v 0.089853 0.117541 -0.232056
v 0.072444 0.142438 -0.227953
v 0.083955 0.140049 -0.206176
v 0.123262 0.086588 -0.214486
v 0.130506 0.102822 -0.227442
v 0.118753 0.059989 -0.217980
v 0.112350 0.068699 -0.195359
v -0.008052 0.140069 -0.274441
v 0.021191 0.138827 -0.273177
v 0.002195 0.128115 -0.281647
v -0.070902 0.075676 -0.245890
v -0.070292 0.095692 -0.258424
v -0.029421 0.123225 -0.273414
v -0.099625 0.133808 -0.257049
v -0.111910 0.137157 -0.397617
v -0.108834 0.139643 -0.417166
v -0.130514 0.138456 -0.427484
v -0.135365 0.138461 -0.411963
v -0.137969 0.136414 -0.396001
v -0.123775 0.136265 -0.440206
v -0.106582 0.127409 -0.415736
v -0.124760 0.128495 -0.432706
v -0.119365 0.128313 -0.405559
v -0.121401 0.078434 -0.404197
v -0.117186 0.080997 -0.443953
v -0.127875 0.105178 -0.447606
v -0.118619 0.105019 -0.376221
v -0.114826 0.071990 -0.373296
v -0.161756 0.102383 -0.415931
v -0.169393 0.104959 -0.392896
v -0.155311 0.099841 -0.454633
v -0.144035 0.120639 -0.329098
v -0.160476 0.129003 -0.327914
v -0.129812 0.100234 -0.307440
v -0.140049 0.099430 -0.328672
v -0.120941 0.139825 -0.287226
v -0.117731 0.100139 -0.293902
v -0.106041 0.066075 -0.199574
v -0.133462 0.046387 -0.237078
v -0.115690 0.060874 -0.253585
v -0.114838 0.118274 -0.254164
v -0.120805 0.262663 -0.330103
v -0.140304 0.291219 -0.334602
v -0.165874 0.284219 -0.327166
v -0.160382 0.264375 -0.293606
v -0.132001 0.238518 -0.305104
v -0.123105 0.235145 -0.312740
v -0.105305 0.233243 -0.323958
v -0.096286 0.262187 -0.228704
v -0.082960 0.296180 -0.228563
v -0.111321 0.277267 -0.176862
v -0.115760 0.251585 -0.202043
v -0.107567 0.219117 -0.235372
v -0.149431 0.279163 -0.278766
v -0.130626 0.314697 -0.280629
v -0.101604 0.302726 -0.296236
v -0.133389 0.244616 -0.300769
v -0.112829 0.210322 -0.296095
v -0.085917 0.254313 -0.281882
v -0.096065 0.209337 -0.279786
v -0.075100 0.294221 -0.284495
v -0.119274 0.177561 -0.238504
v -0.125682 0.158930 -0.239299
v -0.109734 0.148602 -0.255069
v -0.094322 0.210306 -0.255791
v -0.118186 0.172850 -0.292195
v -0.119590 0.167705 -0.219009
v 0.084980 0.206164 -0.187798
v 0.101234 0.187879 -0.177945
v 0.066405 0.202645 -0.194044
v 0.082786 0.208613 -0.124237
v 0.094692 0.206474 -0.161915
v 0.059762 0.230348 -0.163612
v -0.063512 0.216626 -0.223788
v -0.072053 0.287716 -0.174815
v -0.076368 0.242939 -0.189579
v -0.077576 0.267718 -0.165563
v -0.082303 0.209824 -0.211384
v -0.108851 0.304440 -0.145541
v -0.112230 0.289623 -0.140729
v -0.098125 0.326482 -0.193865
v -0.102545 0.320198 -0.146027
v -0.128761 0.226888 -0.217721
v -0.119947 0.219403 -0.215041
v -0.138509 0.091232 -0.181114
v -0.153903 0.093219 -0.196870
v -0.110679 0.186627 -0.213619
v -0.083582 0.188254 -0.218139
v -0.063622 0.191596 -0.232650
v -0.113127 0.070767 -0.113391
v -0.134744 0.079588 -0.106479
v -0.138834 0.090422 -0.135487
v -0.066899 0.025274 -0.177813
v -0.072122 0.039558 -0.145194
v -0.074248 0.046304 -0.119653
v -0.155757 0.096919 -0.163449
v -0.124115 0.052960 -0.060035
v -0.133971 0.072463 -0.054603
v -0.148472 0.065823 -0.047167
v -0.074217 0.045532 -0.096589
v -0.085093 0.029668 -0.086313
v -0.102565 0.018098 -0.067019
v -0.109849 0.257529 -0.047566
v -0.133096 0.251731 -0.016276
v -0.115565 0.259754 -0.015880
v -0.151717 0.254255 -0.015463
v -0.083821 0.276776 -0.071715
v -0.101002 0.280334 -0.100657
v -0.112389 0.278382 -0.104569
v -0.131959 0.266965 -0.080231
v -0.088303 0.272407 -0.046289
v -0.157991 0.264451 -0.066825
v -0.054549 0.294124 -0.056250
v -0.054360 0.314366 -0.065630
v -0.059016 0.335961 -0.069633
v -0.081050 0.326103 -0.097408
v -0.083044 0.320510 -0.138389
v -0.088488 0.301224 -0.136059
v -0.092488 0.287796 -0.134311
v -0.139177 0.299439 -0.068420
v -0.113406 0.309782 -0.095765
v -0.082882 0.347255 -0.057928
v -0.093332 0.329420 -0.035719
v -0.093638 0.335826 -0.142846
v -0.080943 0.337721 -0.140869
v -0.079222 0.339619 -0.099005
v -0.066388 0.354964 -0.071886
v 0.026676 0.272197 -0.037656
v 0.044133 0.299444 -0.041610
v 0.019451 0.328196 -0.036389
v 0.005377 0.349939 -0.036519
v -0.027044 0.329570 -0.042343
v -0.060356 0.282402 -0.035472
v 0.089268 0.261033 -0.114469
v 0.073657 0.275637 -0.067662
v 0.056080 0.247143 -0.064317
v 0.075686 0.251539 -0.169016
v 0.082784 0.068708 -0.014990
v 0.112497 0.110868 -0.028817
v 0.091296 0.137066 -0.047358
v 0.041460 0.087638 -0.035598
v 0.047201 0.023876 -0.039108
v 0.054324 0.023160 -0.034353
v 0.069522 0.008836 -0.026382
v 0.116621 0.157214 -0.084078
v 0.105511 0.177867 -0.128511
v 0.137120 0.165524 -0.188808
v 0.132172 0.148893 -0.194818
v 0.133830 0.167835 -0.167184
v 0.104738 0.182327 -0.151969
v 0.180721 0.129885 -0.144668
v 0.187229 0.142016 -0.156226
v 0.139756 0.108437 -0.152891
v 0.125262 0.131951 -0.184194
v 0.178625 0.111629 -0.173698
v 0.176084 0.113176 -0.157791
v 0.139991 0.063799 -0.171862
v 0.190144 0.140695 -0.174307
v 0.228663 0.109261 -0.163160
v 0.186305 0.126066 -0.182106
v 0.225421 0.111575 -0.148059
v 0.063040 -0.053182 -0.128734
v 0.053884 -0.053241 -0.108907
v 0.058818 -0.030191 -0.101141
v 0.102501 -0.024414 -0.127812
v 0.040556 -0.022873 -0.101866
v 0.171762 -0.025392 -0.095290
v 0.182043 -0.043356 -0.094736
v 0.039607 -0.115809 -0.181285
v 0.026881 -0.099389 -0.168294
v 0.120076 -0.094208 -0.143219
v 0.053646 -0.134693 -0.177662
v 0.035649 -0.005976 -0.182163
v 0.077158 -0.012707 -0.162996
v 0.021182 -0.019648 -0.090031
v -0.012213 -0.009998 -0.121458
v -0.072339 -0.295721 -0.189784
v -0.091411 -0.289765 -0.196650
v -0.087166 -0.336836 -0.195731
v -0.077782 -0.348237 -0.210457
v -0.063547 -0.339134 -0.199449
v -0.050705 -0.303796 -0.194099
v -0.095579 -0.604410 -0.166483
v -0.090682 -0.607437 -0.191437
v -0.128800 -0.599497 -0.200058
v -0.133044 -0.593614 -0.178735
v -0.087943 -0.335802 -0.222149
v -0.098330 -0.292398 -0.217289
v -0.088442 -0.293870 -0.234893
v -0.124066 -0.604984 -0.160140
v -0.090432 -0.616287 -0.159816
v -0.115196 -0.625314 -0.209995
v -0.077374 -0.613842 -0.148395
v -0.057151 -0.622618 -0.160329
v -0.083195 -0.547936 -0.140793
v -0.066204 -0.538686 -0.130536
v -0.039969 -0.577844 -0.141152
v -0.109406 -0.587978 -0.129820
v -0.113420 -0.552719 -0.134189
v -0.111744 -0.609173 -0.133656
v -0.026113 -0.608634 -0.151805
v -0.082758 -0.171969 -0.211435
v -0.073659 -0.150045 -0.226680
v -0.100846 -0.158008 -0.248201
v -0.107320 -0.194354 -0.232727
v -0.102559 -0.181508 -0.257519
v -0.099613 -0.204496 -0.259074
v -0.084110 -0.176992 -0.275607
v -0.073857 -0.231502 -0.239643
v -0.050756 -0.182158 -0.259636
v -0.081028 -0.227766 -0.228846
v -0.139128 -0.031854 -0.275174
v -0.144712 -0.027272 -0.289319
v -0.133460 0.018633 -0.290889
v -0.151390 0.047950 -0.228596
v -0.147856 0.015208 -0.240137
v -0.142859 -0.039302 -0.255022
v -0.111942 0.057228 -0.275228
v -0.120274 0.057886 -0.300104
v -0.123255 -0.135365 -0.541219
v -0.153118 -0.112291 -0.555555
v -0.154209 -0.097543 -0.563059
v -0.119216 -0.082412 -0.544476
v -0.132939 -0.087870 -0.515985
v -0.152126 -0.111795 -0.575106
v -0.113975 -0.112448 -0.588930
v -0.122700 -0.086378 -0.585780
v -0.119650 -0.081314 -0.567704
v -0.119836 -0.158221 -0.565135
v -0.133746 -0.145368 -0.589988
v -0.131543 -0.120831 -0.600216
v -0.133128 -0.171871 -0.599060
v -0.138550 -0.126484 -0.499830
v -0.132316 -0.149548 -0.529173
v -0.140402 -0.067001 -0.480285
v -0.137044 -0.081821 -0.469636
v -0.145644 -0.098037 -0.459524
v -0.129074 -0.188177 -0.586421
v -0.129677 -0.173082 -0.556003
v -0.115959 -0.428662 -0.439921
v -0.105432 -0.424779 -0.448631
v -0.096181 -0.468414 -0.450027
v -0.100372 -0.473556 -0.439565
v -0.115108 -0.432750 -0.426257
v -0.091637 -0.476976 -0.445264
v -0.090784 -0.422593 -0.448386
v -0.080880 -0.424246 -0.438181
v -0.083995 -0.467292 -0.445601
v -0.083860 -0.468276 -0.437487
v -0.096197 -0.473186 -0.434139
v -0.093746 -0.431919 -0.417366
v -0.105821 -0.433506 -0.418528
v -0.082911 -0.428127 -0.424802
v -0.113325 0.050622 -0.678364
v -0.099619 0.043212 -0.677408
v -0.118282 0.036350 -0.654582
v -0.131314 0.049546 -0.652220
v -0.101071 0.035077 -0.657682
v -0.125621 0.072664 -0.646467
v -0.105734 0.078440 -0.640412
v -0.101180 0.060801 -0.671384
v -0.093450 0.053211 -0.667130
v -0.093171 0.063859 -0.634222
v -0.090168 0.046745 -0.629087
v -0.104139 0.033607 -0.625177
v -0.058419 -0.154378 -0.247211
v -0.024724 -0.138132 -0.219548
v 0.012538 -0.186547 -0.222959
v -0.016792 -0.244311 -0.242978
v -0.034324 -0.236238 -0.251788
v 0.094237 0.023885 -0.189473
v 0.119677 0.054713 -0.232088
v 0.210389 0.058610 -0.222981
v 0.215785 0.061903 -0.210592
v 0.216318 0.046795 -0.218914
v 0.213987 0.045263 -0.203295
v 0.171942 0.068615 -0.208469
v 0.169383 0.050373 -0.210252
v 0.170705 0.044223 -0.222027
v 0.176173 0.055596 -0.231993
v -0.059855 -0.238856 -0.180063
v -0.029162 -0.187165 -0.151020
v -0.045322 -0.167422 -0.157568
v -0.051241 -0.147313 -0.172788
v -0.033509 -0.306317 -0.228443
v -0.037707 -0.308672 -0.209523
v -0.053696 -0.341453 -0.216002
v -0.055705 -0.343912 -0.240682
v -0.040125 -0.302016 -0.247289
v -0.068346 -0.350563 -0.226709
v -0.074682 -0.294869 -0.248732
v -0.053806 -0.297128 -0.256162
v -0.077183 -0.336305 -0.236169
v 0.209213 0.025011 0.014443
v 0.179199 0.012831 0.027935
v 0.205112 -0.023424 0.043456
v 0.240536 -0.013426 0.021369
v 0.230230 0.023096 -0.009120
v 0.228504 -0.043634 0.039947
v 0.047710 -0.033560 0.064537
v 0.028277 -0.036803 0.060803
v 0.030274 0.008912 0.046827
v 0.049764 0.006166 0.051481
v 0.054278 0.004980 0.069219
v 0.039676 0.003942 0.081339
v 0.020878 0.002418 0.075418
v 0.016017 0.002536 0.057630
v 0.233369 -0.064745 -0.021027
v 0.243040 -0.057554 0.016558
v 0.214032 -0.082638 0.016003
v 0.183117 -0.093322 -0.053150
v 0.190554 -0.070777 -0.076429
v 0.164426 -0.101119 -0.027705
v 0.176270 0.044813 -0.133260
v 0.204719 0.015944 -0.090523
v 0.173167 -0.007282 -0.105699
v 0.112332 -0.013049 -0.148671
v 0.129550 0.017815 -0.168258
v 0.054118 -0.079374 -0.060718
v 0.108887 -0.041113 -0.008859
v 0.086540 -0.012470 -0.022155
v 0.061187 -0.022169 -0.069603
v 0.007144 -0.107800 -0.131172
v 0.008372 -0.123875 -0.119971
v 0.013504 -0.098227 -0.146104
v 0.028930 -0.019103 -0.054600
v 0.029443 -0.010903 -0.058327
v 0.040172 -0.034211 -0.018125
v 0.031098 -0.044541 -0.052503
v 0.030663 -0.030258 0.017961
v -0.072733 -0.031857 -0.067248
v -0.024658 0.000137 -0.091026
v 0.006550 -0.022785 -0.076730
v 0.004178 -0.043647 -0.078061
v -0.031690 -0.097153 -0.084567
v -0.053133 -0.097312 -0.066875
v 0.001486 -0.100653 -0.080999
v -0.125617 0.034783 -0.098809
v -0.137842 0.056830 -0.085058
v -0.143409 0.032544 -0.068923
v -0.141751 -0.010797 -0.070818
v -0.139360 -0.010159 -0.088427
v -0.115496 0.010846 0.005284
v -0.098552 0.007991 0.032103
v -0.130536 -0.022653 0.064505
v -0.126526 0.002645 0.056033
v -0.114897 -0.000467 0.048047
v -0.116394 -0.026697 0.072038
v -0.102112 -0.002305 0.057615
v -0.102887 -0.001998 0.071166
v -0.076402 0.005706 0.051053
v -0.059854 0.076457 0.068322
v -0.080852 0.080921 0.077220
v -0.012844 0.019765 0.077643
v 0.003792 0.021594 0.045211
v 0.017966 0.069896 0.039715
v -0.028235 -0.034023 0.047454
v 0.003442 -0.031981 0.039326
v -0.033487 -0.041507 0.072248
v -0.051060 -0.038886 0.075775
v -0.022296 -0.040646 0.089816
v -0.053387 0.025956 0.086049
v -0.050321 0.074581 0.080857
v -0.029709 -0.036785 0.108056
v -0.048326 -0.034488 0.109548
v -0.035793 -0.080598 0.098579
v -0.053556 -0.080473 0.100049
v -0.119716 0.002255 0.085329
v -0.132484 0.005237 0.075170
v -0.058451 -0.036573 0.093545
v -0.066297 -0.310066 0.316692
v -0.094139 -0.315063 0.316584
v -0.091242 -0.335250 0.308363
v -0.129688 -0.340425 0.190373
v -0.128653 -0.364170 0.181386
v -0.112403 -0.356793 0.172546
v -0.119051 -0.349866 0.163625
v -0.129514 -0.319026 0.183605
v -0.135951 -0.353940 0.166534
v -0.138120 -0.338074 0.168940
v -0.140697 -0.328514 0.148614
v -0.130352 -0.305029 0.161913
v -0.134516 -0.289486 0.139409
v -0.140971 -0.338584 0.132937
v -0.123132 -0.335305 0.131787
v -0.122966 -0.327164 0.114245
v -0.144888 -0.329557 0.109611
v -0.146258 -0.309694 0.111513
v -0.132501 -0.262825 0.096782
v -0.137040 -0.251267 0.114474
v -0.148165 -0.269932 0.086645
v -0.120095 -0.363976 0.106560
v -0.113555 -0.377512 0.135565
v -0.135135 -0.382453 0.117777
v -0.138494 -0.368942 0.104333
v -0.130440 -0.387370 0.140079
v -0.122682 -0.349756 0.125142
v -0.138688 -0.356152 0.125841
v -0.135949 -0.366311 0.138118
v -0.135325 -0.363355 0.154224
v -0.118252 -0.358768 0.151475
v -0.119120 -0.344885 0.107305
v -0.111898 -0.369852 0.156245
v -0.129336 -0.598834 -0.019654
v -0.120707 -0.614233 -0.005113
v -0.081224 -0.618148 -0.016890
v -0.085916 -0.604632 -0.045744
v -0.127509 -0.599554 -0.046284
v -0.072376 -0.635875 0.005804
v 0.014650 -0.640270 -0.067210
v 0.005579 -0.630256 -0.074160
v -0.042842 -0.624035 -0.057453
v -0.093021 -0.612322 -0.057189
v -0.180073 -0.590778 -0.043517
v -0.214161 -0.609705 -0.094682
v -0.221607 -0.587270 -0.047987
v -0.181711 -0.353250 -0.006491
v -0.193924 -0.384300 -0.014891
v -0.168520 -0.371610 -0.040194
v -0.170211 -0.310674 -0.059405
v -0.170253 -0.307193 -0.039417
v -0.179317 -0.305182 -0.029888
v -0.195621 -0.183576 -0.052377
v -0.196420 -0.185779 -0.069427
v -0.213366 -0.301588 -0.032883
v -0.195828 -0.303330 -0.027402
v -0.189630 -0.242683 -0.036365
v -0.180826 -0.184144 -0.042338
v -0.226836 -0.300884 -0.036515
v -0.217342 -0.339514 -0.009924
v -0.237066 -0.336283 -0.020389
v -0.237233 -0.365813 -0.010321
v -0.209554 -0.374409 -0.004848
v -0.198836 -0.345714 -0.006709
v -0.226266 -0.387383 -0.019526
v -0.165275 -0.313181 0.159311
v -0.164338 -0.294808 0.137675
v -0.165036 -0.335569 0.117763
v -0.159703 -0.340914 0.132548
v -0.167162 -0.267121 0.094447
v -0.169258 -0.257094 0.110782
v -0.151561 -0.383366 0.123489
v -0.151786 -0.385285 0.143125
v -0.153082 -0.369642 0.141412
v -0.161414 -0.358438 0.109472
v -0.141950 -0.349215 0.100933
v -0.152881 -0.247319 0.241171
v -0.123419 -0.248934 0.249751
v -0.105579 -0.290314 0.267076
v -0.091444 -0.322916 0.283689
v -0.119773 -0.333662 0.277030
v -0.152820 -0.360749 0.273558
v -0.168354 -0.338154 0.255712
v -0.179260 -0.281596 0.243864
v -0.180578 -0.239426 0.230993
v -0.191236 -0.324670 0.249306
v -0.138275 -0.297642 0.313679
v -0.149167 -0.253057 0.296168
v -0.175397 -0.257219 0.291640
v -0.193747 -0.264460 0.272717
v -0.205684 -0.313965 0.277221
v -0.164397 -0.351397 0.306197
v -0.127651 -0.325298 0.315373
v -0.221895 -0.200220 0.312758
v -0.243094 -0.207388 0.307757
v -0.230712 -0.228932 0.301285
v -0.224479 -0.240839 0.287393
v -0.209763 -0.220997 0.286942
v -0.213929 -0.193725 0.295620
v -0.198412 -0.222139 0.246473
v -0.221337 -0.217804 0.246238
v -0.236345 -0.226934 0.248827
v -0.240264 -0.226249 0.224922
v -0.214339 -0.220707 0.201648
v -0.183826 -0.220802 0.206878
v -0.147592 -0.343394 0.190962
v -0.149658 -0.321455 0.185757
v -0.149861 -0.305618 0.165734
v -0.154470 -0.356592 0.167673
v -0.148993 -0.366373 0.181300
v -0.187107 -0.213812 0.255455
v -0.167674 -0.202616 0.258764
v -0.179826 -0.181386 0.211506
v -0.226213 -0.191178 0.207386
v -0.233029 -0.188836 0.242203
v -0.202403 -0.089146 0.313496
v -0.202065 -0.085004 0.289236
v -0.181254 -0.077552 0.288718
v -0.176534 -0.072004 0.319702
v -0.201354 -0.070689 0.322474
v -0.172006 -0.062026 0.291891
v -0.175652 -0.052982 0.326726
v -0.174293 -0.045908 0.294210
v -0.184833 -0.032455 0.293376
v -0.203269 -0.027776 0.325619
v -0.201092 -0.050937 0.331044
v -0.201931 -0.026033 0.290019
v -0.196983 0.054150 0.290041
v -0.218912 0.057189 0.290486
v -0.220112 0.041488 0.331953
v -0.195452 0.017485 0.323988
v -0.185578 0.033238 0.286095
v -0.218584 0.016976 0.323158
v -0.192698 0.012010 0.277300
v -0.217790 -0.005013 0.312740
v -0.214843 0.007167 0.275206
v -0.162305 -0.035318 0.020991
v -0.155857 -0.036296 0.015374
v -0.154160 -0.052710 -0.007731
v -0.160175 -0.064011 -0.019702
v -0.162712 -0.049343 -0.038749
v -0.158842 -0.003716 -0.014299
v -0.148690 -0.043092 0.001856
v -0.149620 -0.010101 -0.055069
v -0.142275 -0.061216 -0.076857
v -0.157235 -0.117876 -0.050925
v -0.146505 -0.121166 -0.067897
v -0.175266 -0.116051 -0.049145
v -0.147654 -0.133643 0.066375
v -0.143761 -0.180320 0.114633
v -0.159886 -0.186566 0.102907
v -0.153536 -0.092398 0.018389
v -0.146429 -0.088153 0.028088
v -0.170358 -0.154101 0.020797
v -0.169178 -0.209613 0.054558
v -0.174011 -0.198232 0.073111
v -0.188420 -0.187691 0.084528
v -0.207877 -0.183765 0.076522
v -0.205120 -0.138418 0.027524
v -0.190366 -0.107975 -0.006279
v -0.176896 -0.104887 -0.008878
v -0.221670 -0.053957 -0.080978
v -0.221100 -0.103257 -0.081143
v -0.207070 -0.105477 -0.016137
v -0.217251 -0.089310 -0.016201
v -0.188703 -0.116492 -0.058327
v -0.170965 -0.076525 -0.029072
v -0.182884 -0.083153 -0.034045
v -0.194280 -0.092283 -0.033326
v -0.214291 -0.075011 -0.011631
v -0.207239 -0.034680 -0.046395
v -0.189757 0.036109 -0.051437
v -0.188647 0.019700 -0.031742
v -0.213499 0.006518 0.002220
v -0.224800 0.041813 -0.031098
v -0.182571 0.006557 -0.031324
v -0.183660 -0.042368 0.007736
v -0.161011 0.047965 -0.015365
v -0.180564 0.055070 -0.016959
v -0.178864 0.034184 0.027895
v -0.222408 0.078412 -0.050803
v -0.224565 0.098596 -0.071358
v -0.230749 0.087606 -0.084254
v -0.223924 0.063266 -0.021272
v -0.224430 0.047823 -0.083220
v -0.220311 0.007788 -0.070473
v -0.227873 0.078212 -0.099978
v -0.234739 -0.337384 -0.033057
v -0.219958 -0.305386 -0.068674
v -0.236846 -0.354563 -0.075105
v -0.237325 -0.343470 -0.056573
v -0.240127 -0.388219 -0.044322
v -0.214376 -0.364835 -0.073786
v -0.189713 -0.374629 -0.068222
v -0.209899 -0.395458 -0.035488
v -0.196195 -0.598360 -0.021629
v -0.245182 -0.606480 -0.044378
v -0.232919 -0.613341 -0.015697
v -0.205948 -0.616184 -0.005592
v -0.222795 -0.222541 0.144639
v -0.199324 -0.228012 0.152333
v -0.259018 -0.207354 0.247049
v -0.247714 -0.193373 0.243578
v -0.242592 -0.199466 0.201054
v -0.225345 -0.206816 0.142961
v -0.222457 -0.076561 0.293248
v -0.224898 -0.068776 0.323709
v -0.231621 -0.057996 0.303655
v -0.225299 -0.037556 0.315807
v -0.240653 0.048960 0.287002
v -0.248396 0.026128 0.281426
v -0.241372 0.017286 0.321004
v -0.238414 0.011822 0.275119
v -0.268751 -0.201225 0.269698
v -0.279774 -0.217049 0.276023
v -0.279436 -0.201164 0.296852
v -0.261033 -0.173145 0.288683
v -0.253419 -0.184650 0.270905
v -0.259133 -0.186913 0.310620
v -0.234438 -0.172126 0.296681
v -0.260219 -0.215954 0.298767
v -0.262553 -0.239340 0.283779
v -0.248460 -0.233925 0.294265
v -0.260118 -0.236157 0.216872
v -0.252214 -0.231682 0.251648
v -0.245626 -0.243575 0.271928
v -0.205389 -0.409906 0.267514
v -0.219149 -0.399437 0.279099
v -0.254145 -0.418557 0.233711
v -0.257197 -0.417939 0.223335
v -0.246922 -0.419875 0.226215
v -0.202503 -0.401207 0.252228
v -0.259079 -0.410733 0.229667
v -0.235201 -0.373756 0.260382
v -0.233988 -0.370216 0.245203
v -0.221360 -0.376610 0.242431
v -0.251429 -0.410121 0.221780
v -0.230035 -0.379613 0.272096
v -0.228892 -0.234941 0.269143
v -0.210278 -0.386185 0.243335
v -0.178236 -0.073894 -0.576624
v -0.164911 -0.044412 -0.567660
v -0.174586 -0.041563 -0.580203
v -0.184148 -0.091799 -0.522182
v -0.168453 -0.083341 -0.521965
v -0.142071 -0.072745 -0.549611
v -0.143774 -0.051510 -0.566810
v -0.148583 -0.081136 -0.519769
v -0.180046 -0.140426 -0.570729
v -0.184557 -0.126012 -0.545829
v -0.173194 -0.100274 -0.597539
v -0.170424 -0.128526 -0.597972
v -0.171219 -0.075591 -0.590644
v -0.187366 -0.109364 -0.516116
v -0.200249 0.027451 -0.388852
v -0.188229 0.058126 -0.331213
v -0.183750 0.075532 -0.346260
v -0.170970 -0.019600 -0.443858
v -0.188862 -0.022257 -0.446871
v -0.201488 0.048366 -0.389502
v -0.194256 0.047441 -0.404051
v -0.196786 0.057788 -0.375884
v -0.170244 0.023957 -0.419011
v -0.147632 0.031472 -0.411039
v -0.154554 0.033884 -0.386069
v -0.155955 -0.026793 -0.437227
v -0.184965 0.047184 -0.425207
v -0.216594 0.017257 -0.387329
v -0.225403 0.032494 -0.397178
v -0.229944 0.052311 -0.393725
v -0.221902 0.076708 -0.327496
v -0.243426 0.016567 -0.395134
v -0.224288 0.002653 -0.379905
v -0.221120 -0.014668 -0.369209
v -0.221009 0.017539 -0.332514
v -0.241468 0.026181 -0.343499
v -0.210589 0.001262 -0.321345
v -0.214388 0.023583 -0.288869
v -0.219450 0.052970 -0.247654
v -0.231453 0.063845 -0.256301
v -0.234155 0.078742 -0.264487
v -0.245184 0.049324 -0.310503
v -0.262360 0.026983 -0.344279
v -0.296984 0.040392 -0.489987
v -0.278849 0.061908 -0.502030
v -0.262521 0.035656 -0.491583
v -0.250262 0.027692 -0.467301
v -0.274857 0.018555 -0.464570
v -0.300522 0.013485 -0.464673
v -0.275904 0.043537 -0.459908
v -0.267356 0.036707 -0.444271
v -0.249923 0.046429 -0.456925
v -0.267075 0.068322 -0.466455
v -0.156329 0.066796 -0.585550
v -0.162449 0.065104 -0.589448
v -0.157089 0.037197 -0.593348
v -0.142878 0.026164 -0.603218
v -0.143209 0.037240 -0.579575
v -0.156297 0.054185 -0.570426
v -0.170400 -0.170224 -0.590729
v -0.150607 -0.172669 -0.599559
v -0.147008 -0.192046 -0.585115
v -0.148008 -0.176952 -0.556195
v -0.166879 -0.176266 -0.557601
v -0.175319 -0.160421 -0.566051
v -0.150719 0.014629 -0.613158
v -0.124458 0.030201 -0.620852
v -0.125722 0.029927 -0.586399
v -0.134500 -0.059981 -0.580863
v -0.170160 0.039708 -0.362724
v -0.152248 0.073375 -0.322618
v -0.142101 0.066554 -0.311664
v -0.160928 -0.025460 -0.295466
v -0.178547 -0.030262 -0.284349
v -0.180997 0.017081 -0.270855
v -0.180733 0.040131 -0.268297
v -0.171143 -0.621239 -0.143406
v -0.187424 -0.612113 -0.149353
v -0.159060 -0.614285 -0.104125
v -0.148786 -0.614728 -0.073503
v -0.208640 -0.597306 -0.096359
v -0.177737 -0.594823 -0.193811
v -0.167409 -0.609850 -0.186794
v -0.167209 -0.640589 -0.224496
v -0.215838 -0.635288 -0.226030
v -0.151197 -0.607172 -0.183175
v -0.137636 -0.608089 -0.122221
v -0.118083 -0.617695 -0.145727
v -0.147556 -0.608346 -0.102188
v -0.147817 -0.612769 -0.164735
v -0.166676 -0.613921 -0.167688
v -0.164529 -0.614703 -0.024553
v -0.124342 -0.607525 -0.061013
v -0.198999 -0.593815 -0.134081
v -0.201119 -0.568013 -0.114946
v -0.193234 0.001362 -0.079823
v -0.194652 0.044013 -0.089679
v -0.199652 -0.021896 -0.044487
v -0.189990 -0.010761 -0.037766
v -0.189907 -0.061062 -0.079772
v -0.194303 -0.058299 -0.083633
v -0.197516 0.004795 -0.095892
v -0.190791 -0.119191 -0.076682
v -0.193324 0.078747 -0.106457
v -0.189791 0.083953 -0.092994
v -0.179251 0.035538 -0.059195
v -0.177644 0.060617 -0.064639
v -0.178551 0.063637 -0.081919
v -0.178038 0.030915 -0.098114
v -0.178945 -0.000959 -0.097175
v -0.177168 0.064173 -0.100538
v -0.189973 0.009988 -0.248670
v -0.194417 0.080682 -0.198885
v -0.202285 0.088247 -0.206814
v -0.203132 0.056003 -0.247406
v -0.182058 0.038647 -0.209279
v -0.178613 0.077210 -0.192846
v -0.182542 0.004079 -0.226408
v -0.190875 -0.000557 -0.318897
v -0.176732 0.009091 -0.327904
v -0.176351 0.034940 -0.303188
v -0.223794 -0.577665 -0.099054
v -0.210093 -0.586602 -0.129281
v -0.243057 -0.595847 -0.130208
v -0.213518 -0.587186 -0.202207
v -0.201083 -0.588898 -0.172925
v -0.205024 -0.605756 -0.154460
v -0.186808 -0.188797 -0.083286
v -0.194506 -0.246891 -0.072897
v -0.203090 -0.308894 -0.071298
v -0.240543 -0.611745 -0.073435
v -0.286422 -0.623809 -0.096728
v -0.278329 -0.629430 -0.067811
v -0.284378 -0.624652 -0.137541
v -0.232963 -0.606493 -0.202565
v -0.251776 -0.634605 -0.207562
v -0.270796 -0.630271 -0.175745
v -0.204667 -0.106091 -0.093120
v -0.195478 -0.103970 -0.073444
v -0.232414 0.121465 -0.078561
v -0.250807 0.138037 -0.070798
v -0.270404 0.156023 -0.108701
v -0.261057 0.141395 -0.135653
v -0.262570 0.168094 -0.077491
v -0.261983 0.278965 -0.217207
v -0.227008 0.302659 -0.171837
v -0.220746 0.282263 -0.194946
v -0.211965 0.266867 -0.211031
v -0.225249 0.284236 -0.216530
v -0.284987 0.254143 -0.152241
v -0.265294 0.284009 -0.150783
v -0.265945 0.267326 -0.238110
v -0.261304 0.226555 -0.217058
v -0.261158 0.332951 -0.145629
v -0.260911 0.183034 -0.201252
v -0.246389 0.211949 -0.233450
v -0.230824 0.214846 -0.238440
v -0.239511 0.137763 -0.197017
v -0.259468 0.149964 -0.181771
v -0.229524 0.130084 -0.233529
v -0.200159 0.190088 -0.224992
v -0.202775 0.178038 -0.238675
v -0.224044 0.196247 -0.275042
v -0.195811 0.173459 -0.222975
v -0.224415 0.112095 -0.267683
v -0.235917 0.097061 -0.272128
v -0.196193 0.163184 -0.242748
v -0.213926 0.106271 -0.173424
v -0.214440 0.085895 -0.145033
v -0.226562 0.092274 -0.139066
v -0.233091 0.095682 -0.210863
v -0.219325 0.091073 -0.206329
v -0.236303 0.111303 -0.222367
v -0.246754 0.129883 -0.156441
v -0.234738 0.102768 -0.124585
v -0.200603 0.073589 -0.115105
v -0.212736 0.068376 -0.118631
v -0.199472 0.107403 -0.175764
v -0.195640 0.104190 -0.120215
v -0.182276 0.103775 -0.176537
v -0.180141 0.106086 -0.122074
v -0.172547 0.173764 -0.224264
v -0.244521 0.254023 -0.263365
v -0.227623 0.259561 -0.259939
v -0.221729 0.268644 -0.249871
v -0.214034 0.239260 -0.227986
v -0.194161 0.233308 -0.223301
v -0.190445 0.217289 -0.224667
v -0.193153 0.312075 -0.228690
v -0.171948 0.299500 -0.228909
v -0.176652 0.271336 -0.224218
v -0.216447 0.297660 -0.201591
v -0.209031 0.329115 -0.211797
v -0.195532 0.248725 -0.220702
v -0.213775 0.251157 -0.220198
v -0.221433 0.275223 -0.087584
v -0.195344 0.250717 -0.072481
v -0.177019 0.255937 -0.070683
v -0.166246 0.277043 -0.078188
v -0.170720 0.292077 -0.073867
v -0.192745 0.305437 -0.079561
v -0.185089 0.236037 -0.233051
v -0.156037 0.274849 -0.223149
v -0.163150 0.203153 -0.234641
v -0.146263 0.170316 -0.223250
v -0.146617 0.199547 -0.226917
v -0.173654 0.147079 -0.262519
v -0.184806 0.133208 -0.261581
v -0.168559 0.098841 -0.182452
v -0.155025 0.091247 -0.126401
v -0.167774 0.090604 -0.114521
v -0.101372 0.209850 -0.205432
v -0.165959 0.342782 -0.235881
v -0.142348 0.331900 -0.234607
v -0.135583 0.320555 -0.251377
v -0.164436 0.065676 -0.111560
v -0.162940 0.075518 -0.203628
v -0.163710 0.043087 -0.211310
v -0.162676 0.192104 -0.241643
v -0.162991 0.175214 -0.244627
v -0.144752 0.168581 -0.234785
v -0.148639 0.156087 -0.238732
v -0.149204 0.152544 -0.233985
v -0.161705 0.161684 -0.247323
v -0.165991 0.158937 -0.263438
v -0.157512 0.176669 -0.285694
v -0.136008 0.173388 -0.296177
v -0.167268 0.178881 -0.263884
v -0.177925 0.124279 -0.326366
v -0.175584 0.132270 -0.288909
v -0.157155 0.198153 -0.285219
v -0.139788 0.214322 -0.305500
v -0.205953 0.249030 -0.275832
v -0.194528 0.247885 -0.254066
v -0.190667 0.222024 -0.257104
v -0.180696 0.212261 -0.273707
v -0.151923 0.188288 -0.313093
v -0.130592 0.207103 -0.315012
v -0.172354 0.179946 -0.317019
v -0.194513 0.190528 -0.275382
v -0.191099 0.210220 -0.281111
v -0.200694 0.219322 -0.270119
v -0.216230 0.219518 -0.305144
v -0.201036 0.098427 -0.286568
v -0.185390 0.107778 -0.328100
v -0.132284 0.042862 -0.377493
v -0.172977 0.024387 -0.340893
v -0.142279 0.072594 -0.350362
v -0.157894 0.134372 -0.395336
v -0.167488 0.120797 -0.399485
v -0.131844 0.129792 -0.418748
v -0.160767 0.124746 -0.415161
v -0.178701 0.126702 -0.379008
v -0.175764 0.123003 -0.359981
v -0.158175 0.126827 -0.359150
v -0.181557 0.130440 -0.395867
v -0.141106 0.122790 -0.354729
v -0.165517 0.189341 -0.385053
v -0.194833 0.208374 -0.384150
v -0.148822 0.204444 -0.409173
v -0.143925 0.193681 -0.384938
v -0.191300 0.227479 -0.388361
v -0.172835 0.227704 -0.416889
v -0.135272 0.279151 -0.377433
v -0.116085 0.253796 -0.371104
v -0.128392 0.245174 -0.391107
v -0.132622 0.241470 -0.424731
v -0.150884 0.248050 -0.434682
v -0.166940 0.241539 -0.427430
v -0.156059 0.165744 -0.344144
v -0.129203 0.173525 -0.344308
v -0.132313 0.175092 -0.321616
v -0.185532 0.181488 -0.337648
v -0.131915 0.099846 -0.353506
v -0.153957 0.125611 -0.430291
v -0.138441 0.088060 -0.558636
v -0.116110 0.091900 -0.554939
v -0.112091 0.086244 -0.598434
v -0.177106 0.094721 -0.589473
v -0.160321 0.077371 -0.573743
v -0.131252 0.193818 -0.567392
v -0.152399 0.186608 -0.567125
v -0.135792 0.207054 -0.615645
v -0.122034 0.213381 -0.569721
v -0.158578 0.199329 -0.613969
v -0.149906 0.255984 -0.464866
v -0.153693 0.265943 -0.494833
v -0.182038 0.272737 -0.494492
v -0.182632 0.282371 -0.475671
v -0.182300 0.269795 -0.459551
v -0.180260 0.254362 -0.460533
v -0.132553 0.235765 -0.469550
v -0.131433 0.232167 -0.514051
v -0.147800 0.240419 -0.515887
v -0.139881 0.223487 -0.617588
v -0.165500 0.214098 -0.615874
v -0.146791 0.241915 -0.567858
v -0.127135 0.230988 -0.569743
v -0.169138 0.234056 -0.567848
v -0.165135 0.235188 -0.516557
v -0.181997 0.241781 -0.475017
v -0.185002 0.251991 -0.495114
v -0.174620 0.217849 -0.514962
v -0.174422 0.221399 -0.468880
v -0.196965 0.090552 -0.581399
v -0.179896 0.094271 -0.552218
v -0.171065 0.196701 -0.568895
v -0.174002 0.072676 -0.574746
v -0.164816 0.065442 -0.549041
v -0.176745 0.069732 -0.555646
v -0.162767 0.006743 -0.612766
v -0.176781 0.044512 -0.619041
v -0.194129 0.071759 -0.609986
v -0.165087 0.112350 -0.452799
v -0.173456 0.116352 -0.437621
v -0.191801 0.109702 -0.442954
v -0.168431 0.126225 -0.458892
v -0.197119 0.125604 -0.446523
v -0.286620 0.082093 -0.485138
v -0.308574 0.058021 -0.477389
v -0.299337 0.059359 -0.456609
v -0.296935 0.035656 -0.450338
v -0.207618 0.075442 -0.392962
v -0.189258 0.112061 -0.402280
v -0.181950 0.078007 -0.424787
v -0.203829 0.095293 -0.371055
v -0.196503 0.114030 -0.373724
v -0.201017 0.119484 -0.394992
v -0.202197 0.125531 -0.421665
v -0.198542 0.111377 -0.422418
v -0.180838 0.117507 -0.420202
v -0.185776 0.087423 -0.361602
v -0.204523 0.204004 -0.333076
v -0.206447 0.175889 -0.281691
v -0.211667 0.230783 -0.331110
v -0.187488 0.327102 -0.336315
v -0.212755 0.317447 -0.337736
v -0.205552 0.256756 -0.358152
v -0.208635 0.229504 -0.358367
v -0.219149 0.311606 -0.360925
v -0.189459 0.188253 -0.357788
v -0.206005 0.207526 -0.356512
v -0.160976 0.173860 -0.363392
v -0.209330 0.312171 -0.385531
v -0.187407 0.319777 -0.387903
v -0.211484 0.260515 -0.489439
v -0.211339 0.262681 -0.467210
v -0.177640 0.133759 -0.440740
v -0.177882 0.213799 -0.569176
v -0.288532 0.423115 -0.344161
v -0.292282 0.442804 -0.353976
v -0.273038 0.442117 -0.371541
v -0.255137 0.437443 -0.346611
v -0.244744 0.426381 -0.394011
v -0.230340 0.435198 -0.387284
v -0.268163 0.508574 -0.352555
v -0.242347 0.489417 -0.392155
v -0.243166 0.501828 -0.397153
v -0.271608 0.501926 -0.394336
v -0.274546 0.528080 -0.392766
v -0.269344 0.536527 -0.382263
v -0.247489 0.508852 -0.410199
v -0.266945 0.457628 -0.429533
v -0.280067 0.443662 -0.430762
v -0.298530 0.458298 -0.404721
v -0.306417 0.483013 -0.383751
v -0.294953 0.501952 -0.382707
v -0.281390 0.498595 -0.398209
v -0.315017 0.467145 -0.382962
v -0.253170 0.502808 -0.426418
v -0.251262 0.484431 -0.422645
v -0.248374 0.478025 -0.406750
v -0.268861 0.469749 -0.397926
v -0.252908 0.457331 -0.418210
v -0.286960 0.525789 -0.397816
v -0.300002 0.525657 -0.393393
v -0.307175 0.530097 -0.381197
v -0.329007 0.487813 -0.364609
v -0.301584 0.505238 -0.349482
v -0.305489 0.535181 -0.369610
v -0.343854 0.519378 -0.334088
v -0.329584 0.523716 -0.324469
v -0.298217 0.451665 -0.361612
v -0.296349 0.449991 -0.332574
v -0.324452 0.468568 -0.343790
v -0.308992 0.457216 -0.372137
v -0.289255 0.457419 -0.319449
v -0.296818 0.471275 -0.315719
v -0.318655 0.522346 -0.312926
v -0.304571 0.517554 -0.297051
v -0.280141 0.504415 -0.320753
v -0.276060 0.543180 -0.365116
v -0.294816 0.542328 -0.360991
v -0.284407 0.616469 -0.411503
v -0.284243 0.609708 -0.423926
v -0.311579 0.654662 -0.425031
v -0.311335 0.648557 -0.444389
v -0.310635 0.634999 -0.430743
v -0.333269 0.618111 -0.449783
v -0.317956 0.603272 -0.425591
v -0.319982 0.610811 -0.411554
v -0.333396 0.646660 -0.444210
v -0.323846 0.650427 -0.402447
v -0.330961 0.673316 -0.416596
v -0.310589 0.616757 -0.402295
v -0.341162 0.643024 -0.456134
v -0.340152 0.665472 -0.450005
v -0.309917 0.677286 -0.419535
v -0.313373 0.678883 -0.442826
v -0.316621 0.662712 -0.461643
v -0.290102 0.671793 -0.450751
v -0.290965 0.640004 -0.464514
v -0.315887 0.640368 -0.465748
v -0.304369 0.653472 -0.403452
v -0.293011 0.603617 -0.432911
v -0.290799 0.620530 -0.453343
v -0.244903 0.481037 -0.397583
v -0.237379 0.454386 -0.403762
v -0.201917 0.412308 -0.489121
v -0.211180 0.395146 -0.485250
v -0.240912 0.410830 -0.482005
v -0.231088 0.427149 -0.483365
v -0.229298 0.401970 -0.468059
v -0.213855 0.428213 -0.470969
v -0.167816 0.331516 -0.383272
v -0.214306 0.368977 -0.380987
v -0.219469 0.378830 -0.369411
v -0.206068 0.377175 -0.370015
v -0.164424 0.335948 -0.364670
v -0.198016 0.399136 -0.441201
v -0.213861 0.399099 -0.454120
v -0.196550 0.392040 -0.471306
v -0.185865 0.414533 -0.440245
v -0.187148 0.408896 -0.475399
v -0.197708 0.425061 -0.456326
v -0.167580 0.335362 -0.344853
v -0.211998 0.373607 -0.354935
v -0.225196 0.363218 -0.366302
v -0.251829 0.440912 -0.329567
v -0.252247 0.475847 -0.313775
v -0.254170 0.441606 -0.315532
v -0.270424 0.501722 -0.303413
v -0.202973 0.418428 -0.244952
v -0.201574 0.403767 -0.248174
v -0.203148 0.379087 -0.210875
v -0.198980 0.435149 -0.179123
v -0.216447 0.349441 -0.186921
v -0.218726 0.368935 -0.152998
v -0.167783 0.443374 -0.302921
v -0.184151 0.449225 -0.301134
v -0.161691 0.425295 -0.308978
v -0.157245 0.476373 -0.239607
v -0.186039 0.482341 -0.187552
v -0.185339 0.353937 -0.235091
v -0.179134 0.389497 -0.252638
v -0.133147 0.376558 -0.242358
v -0.171495 0.412224 -0.314230
v -0.125656 0.417423 -0.248441
v -0.222641 0.350122 -0.142945
v -0.222948 0.323829 -0.176544
v -0.222249 0.356379 -0.105817
v -0.246252 0.384410 -0.094085
v -0.230983 0.313608 -0.107968
v -0.215406 0.325531 -0.089126
v -0.340685 0.494204 -0.249748
v -0.334812 0.504336 -0.249634
v -0.349836 0.503278 -0.270045
v -0.341836 0.484688 -0.302801
v -0.327616 0.477302 -0.288033
v -0.334486 0.482363 -0.246121
v -0.342963 0.535410 -0.243717
v -0.312351 0.518760 -0.253328
v -0.296397 0.510185 -0.286634
v -0.344668 0.530980 -0.275536
v -0.359262 0.542440 -0.252443
v -0.314078 0.530247 -0.206757
v -0.364451 0.515481 -0.248209
v -0.343775 0.520437 -0.205068
v -0.406601 0.555650 -0.259385
v -0.415398 0.538987 -0.257397
v -0.400018 0.531549 -0.240724
v -0.410777 0.542281 -0.226503
v -0.406040 0.560399 -0.228524
v -0.390825 0.555978 -0.246028
v -0.389473 0.559635 -0.215164
v -0.395674 0.541266 -0.210142
v -0.361702 0.531946 -0.215976
v -0.359923 0.548491 -0.219685
v -0.374788 0.553618 -0.232384
v -0.382248 0.528496 -0.225628
v -0.336760 0.778861 -0.012194
v -0.333665 0.754677 -0.023216
v -0.325900 0.763080 0.012935
v -0.328088 0.780256 0.011426
v -0.329900 0.740451 0.005705
v -0.313092 0.739711 0.002066
v -0.317841 0.757549 -0.006034
v -0.313442 0.761549 0.006513
v -0.320256 0.729398 -0.020847
v -0.342783 0.799069 0.012732
v -0.353917 0.817671 0.007861
v -0.320151 0.816287 -0.009793
v -0.294040 0.810957 -0.008017
v -0.296378 0.792039 -0.011768
v -0.293679 0.777905 -0.028678
v -0.316895 0.778646 -0.022817
v -0.300268 0.771714 0.000113
v -0.301985 0.762039 -0.013068
v -0.287897 0.768388 -0.016881
v -0.291848 0.764344 0.013001
v -0.276598 0.804225 -0.003772
v -0.261856 0.797462 0.003751
v -0.271165 0.820872 -0.000320
v -0.265448 0.816384 0.021629
v -0.264367 0.797743 0.025851
v -0.290755 0.829967 -0.001477
v -0.286720 0.832789 0.019237
v -0.280762 0.819845 0.036779
v -0.272272 0.750430 0.010296
v -0.286999 0.744818 0.015450
v -0.269949 0.777809 0.024822
v -0.262612 0.749307 0.023905
v -0.333609 0.784154 0.052003
v -0.309955 0.741084 0.046918
v -0.307630 0.758406 0.019380
v -0.306175 0.742508 0.021732
v -0.288419 0.776161 0.036351
v -0.280612 0.799157 0.043231
v -0.301899 0.799418 0.060725
v -0.285283 0.745948 0.038377
v -0.336320 0.801413 0.066581
v -0.375669 0.812888 0.060236
v -0.338514 0.823869 0.061046
v -0.344651 0.841936 0.043828
v -0.383588 0.817722 0.036784
v -0.392576 0.802160 0.047932
v -0.352260 0.834664 0.021440
v -0.370301 0.793294 0.025551
v -0.362886 0.787157 0.040583
v -0.393515 0.789959 0.039762
v -0.380136 0.805223 0.025394
v -0.386803 0.781496 0.053085
v -0.362783 0.785191 0.058447
v -0.369692 0.797685 0.063402
v -0.325508 0.717023 0.015252
v -0.307999 0.719311 0.028253
v -0.278040 0.683562 -0.023453
v -0.292948 0.692602 -0.034519
v -0.302336 0.726779 -0.027803
v -0.288525 0.748006 -0.034446
v -0.267504 0.726092 0.006939
v -0.311197 0.753149 -0.031179
v -0.286040 0.702062 0.006012
v -0.279887 0.670875 -0.006137
v -0.284711 0.723131 0.023945
v -0.295391 0.738936 -0.005284
v -0.309158 0.613688 -0.047302
v -0.323100 0.590186 -0.074117
v -0.311804 0.653584 -0.010453
v -0.315774 0.651997 -0.029421
v -0.334350 0.604438 -0.028944
v -0.331379 0.618561 0.017773
v -0.309357 0.619634 0.015839
v -0.337340 0.582890 -0.073633
v -0.310474 0.694396 -0.030186
v -0.318440 0.692905 -0.016191
v -0.314161 0.692922 0.000885
v -0.294740 0.495038 -0.070199
v -0.303060 0.555176 -0.048786
v -0.314126 0.558496 -0.062491
v -0.287239 0.570511 -0.071655
v -0.278141 0.504764 -0.095004
v -0.294611 0.612503 -0.058558
v -0.294019 0.546337 -0.038680
v -0.313973 0.570885 -0.021013
v -0.319738 0.555271 -0.059642
v -0.289302 0.622184 -0.011976
v -0.294368 0.659902 -0.000162
v -0.284363 0.590639 -0.022331
v -0.299253 0.596703 0.017465
v -0.278146 0.546606 -0.034710
v -0.304786 0.576311 0.019123
v -0.232837 0.274932 -0.056353
v -0.264404 0.263429 -0.074058
v -0.262460 0.237675 -0.060776
v -0.253355 0.202757 -0.058764
v -0.236858 0.195151 -0.038959
v -0.219613 0.377434 0.044167
v -0.241145 0.394309 0.046243
v -0.257773 0.393620 0.030920
v -0.243808 0.396008 -0.003944
v -0.229342 0.365049 -0.051089
v -0.223296 0.344660 -0.045143
v -0.264930 0.416479 0.022925
v -0.264196 0.284162 -0.091574
v -0.257055 0.322772 -0.084313
v -0.272042 0.325418 -0.099911
v -0.241634 0.318239 -0.090626
v -0.218677 0.260536 -0.015020
v -0.220496 0.314212 -0.010526
v -0.227250 0.191501 -0.003051
v -0.221714 0.201117 -0.003101
v -0.214542 0.210895 -0.006555
v -0.190151 0.207894 -0.027338
v -0.204093 0.189050 0.031143
v -0.177556 0.188669 -0.010008
v -0.176339 0.213254 -0.027096
v -0.197198 0.150991 0.028511
v -0.184896 0.168539 -0.006399
v -0.193691 0.243426 -0.043595
v -0.196577 0.277224 -0.038930
v -0.189611 0.231744 -0.052331
v -0.213993 0.189383 0.041045
v -0.195425 0.124826 0.042864
v -0.197496 0.136741 0.017812
v -0.197828 0.134697 0.080550
v -0.213943 0.127555 0.081703
v -0.227975 0.150515 -0.005893
v -0.232369 0.132027 -0.009557
v -0.233892 0.118638 0.034675
v -0.226809 0.137179 0.084945
v -0.226844 0.152790 0.037223
v -0.229152 0.171747 -0.006076
v -0.212572 0.108103 0.095638
v -0.195033 0.104748 0.093562
v -0.228755 0.096394 0.091965
v -0.200175 0.101303 -0.009936
v -0.216349 0.101107 -0.014961
v -0.209545 0.112113 -0.040387
v -0.189911 0.110882 0.000142
v -0.190085 0.111457 -0.064931
v -0.224860 0.123125 -0.044053
v -0.221898 0.129233 -0.065444
v -0.207037 0.105129 -0.066043
v -0.194114 0.098516 -0.074887
v -0.188764 0.113438 -0.082413
v -0.206853 0.085335 -0.045943
v -0.208430 0.074391 -0.015096
v -0.191442 0.067488 -0.015638
v -0.153674 0.069192 -0.030945
v -0.176145 0.088565 -0.046285
v -0.175847 0.087384 -0.065425
v -0.164426 0.106010 -0.025044
v -0.156492 0.031575 -0.051602
v -0.155663 0.038783 -0.034047
v -0.175686 0.103330 -0.044659
v -0.157532 0.121775 0.001785
v -0.162845 0.137382 0.001191
v -0.182226 0.134805 -0.012785
v -0.190847 0.123572 0.008751
v -0.148752 0.140773 0.018350
v -0.157427 0.149277 0.048394
v -0.159409 0.153854 0.023450
v -0.172089 0.211619 0.049943
v -0.170302 0.206926 0.019621
v -0.163859 0.191119 0.029465
v -0.156502 0.251832 0.014411
v -0.172221 0.198149 -0.000528
v -0.163361 0.168744 0.033619
v -0.166492 0.154940 0.002173
v -0.187349 0.150404 -0.010264
v -0.174227 0.220597 -0.010932
v -0.171398 0.243560 -0.015634
v -0.100684 0.316112 -0.013331
v -0.138443 0.301053 -0.018871
v -0.171859 0.305281 -0.038465
v -0.175933 0.304185 -0.059036
v -0.174145 0.301442 -0.016741
v -0.169063 0.289043 0.012814
v -0.213992 0.322601 0.054512
v -0.215159 0.336849 0.079933
v -0.204745 0.483326 0.071427
v -0.223223 0.483955 0.059901
v -0.193078 0.473186 0.033822
v -0.194540 0.444486 0.054317
v -0.178101 0.469649 0.059977
v -0.166860 0.481812 0.025824
v -0.202276 0.499003 0.072725
v -0.207547 0.433044 -0.040712
v -0.213357 0.399378 -0.048886
v -0.210724 0.423445 0.003662
v -0.189312 0.491299 0.010634
v -0.200587 0.471355 0.022193
v -0.170615 0.238281 0.049466
v -0.190327 0.241952 0.086230
v -0.189170 0.265165 0.070613
v -0.169701 0.241501 0.014323
v -0.141715 0.287251 0.013748
v -0.107782 0.268106 0.056063
v -0.106110 0.299227 0.016761
v -0.138519 0.239930 0.242778
v -0.127463 0.224772 0.206892
v -0.115323 0.221000 0.194858
v -0.110487 0.236820 0.194990
v -0.152336 0.241800 0.207921
v -0.155431 0.240824 0.240864
v -0.192166 0.296156 0.175796
v -0.186904 0.297021 0.197508
v -0.169835 0.295407 0.212545
v -0.147653 0.286640 0.192721
v -0.137502 0.304012 0.189816
v -0.164806 0.276996 0.225460
v -0.182391 0.270811 0.230646
v -0.190865 0.315100 0.156382
v -0.154651 0.328120 0.180331
v -0.172617 0.328650 0.165571
v -0.165253 0.354421 0.165417
v -0.167280 0.394674 0.140954
v -0.202139 0.347073 0.135524
v -0.211980 0.383844 0.103098
v -0.212318 0.349250 0.099044
v -0.210256 0.328061 0.134890
v -0.215543 0.380141 0.073992
v -0.207017 0.250947 0.130502
v -0.199479 0.256382 0.174016
v -0.196427 0.274133 0.170723
v -0.166923 0.309963 0.241034
v -0.187102 0.276629 0.201185
v -0.205523 0.231616 0.177994
v -0.194796 0.281280 0.221122
v -0.200430 0.334799 0.249883
v -0.203584 0.293749 0.253543
v -0.175117 0.291855 0.295688
v -0.191044 0.309237 0.281510
v -0.165590 0.274864 0.311401
v -0.168957 0.286380 0.329723
v -0.191156 0.282334 0.327623
v -0.212707 0.292398 0.309833
v -0.194090 0.305439 0.332459
v -0.197608 0.334188 0.303767
v -0.213176 0.329440 0.296437
v -0.212630 0.316112 0.284403
v -0.158723 0.338795 0.238226
v -0.160561 0.324982 0.257994
v -0.197170 0.349705 0.256475
v -0.172278 0.350453 0.234809
v -0.165737 0.296527 0.254937
v -0.156245 0.355792 0.242443
v -0.170874 0.347018 0.270150
v -0.158175 0.338602 0.268165
v -0.185512 0.352189 0.264307
v -0.150192 0.297547 0.319586
v -0.161678 0.330621 0.296750
v -0.174535 0.311415 0.333112
v -0.178615 0.333140 0.302857
v -0.143996 0.241907 0.290556
v -0.160304 0.239144 0.290578
v -0.166199 0.242298 0.336519
v -0.154182 0.223178 0.341915
v -0.172925 0.210364 0.338457
v -0.157432 0.197203 0.336926
v -0.133748 0.199347 0.358460
v -0.131407 0.220746 0.363116
v -0.116844 0.220633 0.364495
v -0.167879 0.229705 0.240188
v -0.171581 0.213026 0.203374
v -0.168761 0.212663 0.240035
v -0.102704 0.190554 0.142612
v -0.104834 0.170784 0.147008
v -0.126418 0.183505 0.097831
v -0.137324 0.187256 0.076576
v -0.165877 0.185843 0.095660
v -0.175278 0.197434 0.095139
v -0.176469 0.184339 0.177804
v -0.158500 0.176187 0.174945
v -0.142558 0.186547 0.192413
v -0.197650 0.204019 0.179963
v -0.156152 0.200225 0.241751
v -0.131418 0.195261 0.194838
v -0.139008 0.201024 0.207939
v -0.122135 0.172735 0.415195
v -0.115208 0.199280 0.401026
v -0.134978 0.203865 0.401566
v -0.146096 0.191146 0.386370
v -0.137067 0.160160 0.395816
v -0.132382 0.175676 0.193281
v -0.146950 0.139226 0.170530
v -0.165955 0.165764 0.128577
v -0.161906 0.145346 0.121842
v -0.167798 0.182799 0.133179
v -0.133649 0.180897 0.382578
v -0.199550 0.137502 0.306618
v -0.207229 0.126776 0.317596
v -0.194654 0.092999 0.316628
v -0.192510 0.095887 0.289733
v -0.229633 0.109591 0.309706
v -0.231467 0.105822 0.330819
v -0.210218 0.105002 0.333887
v -0.196845 0.097927 0.337565
v -0.229401 0.124829 0.314181
v -0.171026 0.226486 0.289551
v -0.170075 0.209843 0.290129
v -0.192290 0.102498 0.259561
v -0.197775 0.120288 0.261984
v -0.209381 0.129286 0.262966
v -0.212296 0.127149 0.287185
v -0.214374 0.141648 0.297576
v -0.203855 0.152563 0.321636
v -0.214785 0.156534 0.338484
v -0.202934 0.140526 0.347898
v -0.198978 0.117470 0.347976
v -0.210124 0.121000 0.340975
v -0.231932 0.124462 0.338156
v -0.230108 0.137064 0.326337
v -0.196374 0.074134 0.232093
v -0.194750 0.087731 0.165696
v -0.214890 0.092065 0.164847
v -0.230760 0.082410 0.161363
v -0.247583 0.069204 0.234893
v -0.251126 0.107594 0.344137
v -0.247670 0.109804 0.329893
v -0.229465 0.085422 0.337831
v -0.229907 0.107902 0.353228
v -0.225492 0.078031 0.314796
v -0.239350 0.152368 0.302686
v -0.242433 0.156908 0.340091
v -0.229995 0.161052 0.326628
v -0.219998 0.156405 0.309056
v -0.232492 0.138069 0.294018
v -0.246363 0.127919 0.302026
v -0.231198 0.115976 0.259284
v -0.227976 0.098088 0.257287
v -0.234205 0.096667 0.284847
v -0.225249 0.125394 0.286610
v -0.224558 0.127067 0.262037
v -0.215973 0.138045 0.359419
v -0.228787 0.151801 0.351357
v -0.242888 0.130575 0.353942
v -0.210193 0.110939 0.358020
v -0.290953 0.440457 0.142025
v -0.292738 0.410686 0.120095
v -0.272505 0.413146 0.139098
v -0.269979 0.438638 0.142724
v -0.277933 0.402060 0.118521
v -0.287955 0.421997 0.087036
v -0.292466 0.403529 0.090112
v -0.267673 0.436257 0.112821
v -0.263148 0.426440 0.090757
v -0.291102 0.465064 0.111700
v -0.265805 0.460238 0.113479
v -0.290618 0.474725 0.131206
v -0.239996 0.454233 0.116504
v -0.241673 0.460056 0.135771
v -0.249829 0.432124 0.135847
v -0.241303 0.407562 0.115054
v -0.228766 0.407972 0.098848
v -0.238411 0.423939 0.096709
v -0.254876 0.409694 0.129409
v -0.239927 0.424513 0.037177
v -0.254120 0.426442 0.065537
v -0.229081 0.424254 0.074941
v -0.228252 0.411248 -0.002648
v -0.186041 0.432667 0.095669
v -0.243949 0.397774 0.082662
v -0.227330 0.399204 0.066963
v -0.274925 0.397476 0.093129
v -0.255791 0.397608 0.101850
v -0.330195 0.610285 0.176112
v -0.334460 0.634483 0.181192
v -0.320736 0.642807 0.166405
v -0.323641 0.594676 0.154314
v -0.324322 0.592468 0.175809
v -0.322714 0.615864 0.120934
v -0.327034 0.594972 0.122274
v -0.293447 0.640576 0.165238
v -0.299148 0.617199 0.118974
v -0.287733 0.591610 0.151140
v -0.290608 0.595488 0.118958
v -0.280547 0.583578 0.175261
v -0.289447 0.646933 0.200149
v -0.316689 0.659951 0.186647
v -0.308870 0.650325 0.208530
v -0.300721 0.622989 0.189319
v -0.301789 0.606245 0.187911
v -0.298755 0.595265 0.204882
v -0.276067 0.581061 0.195755
v -0.298818 0.619316 0.204474
v -0.283417 0.628432 0.212205
v -0.280823 0.600762 0.216767
v -0.293943 0.575629 0.213843
v -0.292505 0.566262 0.194890
v -0.296950 0.597495 0.224267
v -0.314850 0.568448 0.196511
v -0.314301 0.593309 0.223563
v -0.320279 0.608695 0.189415
v -0.319973 0.621480 0.223222
v -0.316885 0.617997 0.210954
v -0.314917 0.573592 0.174239
v -0.329863 0.642691 0.210173
v -0.301373 0.626779 0.222125
v -0.315048 0.576622 0.153086
v -0.296860 0.574294 0.150967
v -0.293770 0.569538 0.173544
v -0.318043 0.576509 0.121834
v -0.298752 0.574775 0.119919
v -0.323193 0.575717 0.073906
v -0.300682 0.575274 0.070716
v -0.294310 0.597810 0.069459
v -0.304464 0.619918 0.071501
v -0.326899 0.619206 0.074951
v -0.337003 0.595930 0.021138
v -0.332511 0.596654 0.075347
v -0.327758 0.574338 0.022076
v -0.338898 0.587627 -0.023940
v -0.332171 0.571083 -0.019347
v -0.341145 0.569567 -0.067459
v -0.335575 0.557098 -0.061370
v -0.343646 0.540217 -0.122694
v -0.339374 0.527506 -0.116447
v -0.324631 0.523486 -0.114509
v -0.340269 0.496754 -0.187319
v -0.325066 0.493762 -0.185870
v -0.313280 0.503710 -0.188760
v -0.314598 0.530315 -0.116959
v -0.309741 0.519051 -0.194298
v -0.310232 0.540337 -0.123815
v -0.314335 0.554684 -0.130479
v -0.327117 0.557760 -0.138484
v -0.339995 0.552668 -0.129633
v -0.346233 0.509744 -0.192924
v -0.310359 0.491585 -0.245731
v -0.306687 0.506848 -0.248137
v -0.301840 0.487013 -0.283143
v -0.295133 0.498383 -0.281466
v -0.285710 0.478631 -0.303175
v -0.273084 0.488221 -0.294063
v -0.275982 0.464638 -0.310582
v -0.260419 0.470020 -0.301503
v -0.274302 0.440220 -0.303916
v -0.261522 0.443819 -0.306532
v -0.269685 0.401737 -0.280168
v -0.252291 0.403342 -0.283566
v -0.242423 0.397759 -0.295288
v -0.239052 0.340250 -0.248231
v -0.230584 0.332687 -0.262362
v -0.230705 0.323173 -0.277468
v -0.241700 0.389547 -0.309853
v -0.238741 0.315858 -0.290628
v -0.247660 0.382641 -0.323982
v -0.255387 0.312895 -0.294721
v -0.263292 0.375842 -0.329262
v -0.270488 0.315762 -0.286124
v -0.280431 0.377043 -0.320308
v -0.284896 0.385052 -0.303984
v -0.292072 0.426026 -0.324694
v -0.275246 0.324212 -0.269908
v -0.271965 0.334437 -0.252737
v -0.282278 0.394446 -0.288473
v -0.259791 0.257461 -0.256142
v -0.287813 0.433609 -0.310291
v -0.256619 0.341299 -0.243499
v -0.220196 0.278050 -0.235978
v -0.312625 0.475827 -0.287334
v -0.321000 0.481480 -0.244805
v -0.262522 0.395464 0.067134
v -0.280757 0.399038 0.058527
v -0.279454 0.419285 0.057168
v -0.159652 0.452567 0.105949
v -0.151729 0.486688 0.071490
v -0.124919 0.501928 0.070886
v -0.115680 0.504124 0.021736
v -0.146675 0.496994 0.026472
v -0.137588 0.466722 0.120712
v -0.106624 0.466028 0.119726
v -0.142365 0.404894 0.145832
v -0.114942 0.410325 0.149255
v -0.087136 0.409193 0.142487
v -0.080430 0.461167 0.111609
v -0.146208 0.355661 0.170561
v -0.120145 0.360509 0.179574
v -0.093259 0.357749 0.179386
v -0.067804 0.350470 0.176006
v -0.128127 0.325081 0.188539
v -0.104513 0.320247 0.193102
v -0.083366 0.311936 0.189190
v -0.067696 0.299415 0.174072
v -0.054981 0.337702 0.154033
v -0.112797 0.296743 0.195703
v -0.035626 0.327795 0.137536
v -0.054187 0.285716 0.161778
v -0.028725 0.313809 0.118541
v -0.067138 0.264196 0.175854
v -0.064107 0.261857 0.191904
v -0.045180 0.262304 0.221909
v -0.047343 0.240419 0.222022
v -0.054358 0.219482 0.218692
v -0.058635 0.194539 0.198621
v -0.064874 0.166921 0.202807
v -0.075777 0.165847 0.180806
v -0.076723 0.191997 0.178166
v -0.081968 0.142597 0.188880
v -0.103983 0.148627 0.149289
v -0.070828 0.145928 0.217626
v -0.081501 0.128040 0.231936
v -0.096100 0.127766 0.196975
v -0.131363 0.129643 0.161580
v -0.113986 0.133971 0.154353
v -0.144556 0.136707 0.113572
v -0.126480 0.142930 0.106542
v -0.118499 0.161377 0.101822
v -0.144326 0.140846 0.079542
v -0.159730 0.148389 0.083175
v -0.165541 0.166495 0.088129
v -0.157751 0.170030 0.063258
v -0.042993 0.303660 0.098919
v -0.038294 0.347848 0.048982
v -0.021181 0.364983 0.065677
v -0.039935 0.369106 0.017204
v -0.024942 0.389397 0.030126
v -0.067136 0.345732 0.004132
v -0.070831 0.326894 0.034142
v -0.073977 0.291148 0.076190
v -0.226550 0.379585 -0.052740
v -0.265317 0.469150 0.135142
v -0.228279 0.489045 0.114416
v -0.250333 0.497920 0.106569
v -0.273417 0.503715 0.093995
v -0.222885 0.507145 0.058673
v -0.244242 0.502167 0.044483
v -0.238858 0.489612 0.047837
v -0.273970 0.486713 0.084632
v -0.251258 0.479487 0.093873
v -0.228846 0.474069 0.103694
v -0.208472 0.087004 0.343007
v -0.204696 0.076740 0.317753
v -0.218291 0.080686 0.287397
v -0.200946 0.080033 0.288429
v -0.215200 0.085875 0.256485
v -0.199520 0.087518 0.256910
v -0.214550 0.095180 0.213068
v -0.198902 0.099043 0.213765
v -0.192388 0.114107 0.217768
v -0.198572 0.115714 0.150581
v -0.192726 0.131905 0.154147
v -0.197212 0.148011 0.159030
v -0.196610 0.130289 0.222377
v -0.210562 0.157529 0.161671
v -0.209503 0.140340 0.225005
v -0.226213 0.152559 0.160451
v -0.225404 0.137035 0.223870
v -0.231746 0.137066 0.156460
v -0.231866 0.122408 0.220107
v -0.226753 0.120683 0.152140
v -0.227376 0.105949 0.216034
v -0.213973 0.110513 0.149390
v -0.231298 0.153062 0.089760
v -0.226624 0.168375 0.094054
v -0.226157 0.182523 0.041754
v -0.230653 0.168397 0.039235
v -0.212141 0.174953 0.095433
v -0.198675 0.167617 0.090662
v -0.193312 0.154020 0.081244
v -0.235800 0.065892 0.157382
v -0.250243 0.048735 0.222871
v -0.228276 0.044169 0.153070
v -0.234704 0.029472 0.216564
v -0.207574 0.038338 0.151421
v -0.210410 0.020983 0.217256
v -0.188043 0.048806 0.154229
v -0.186720 0.029536 0.219795
v -0.182921 0.069875 0.160707
v -0.180476 0.054170 0.226257
v -0.187975 0.071655 0.082141
v -0.184615 0.090736 0.088175
v -0.189713 0.094166 0.030275
v -0.188209 0.110191 0.038326
v -0.204542 0.060239 0.078941
v -0.202647 0.084031 0.023841
v -0.224102 0.063771 0.080511
v -0.220736 0.084667 0.022629
v -0.234929 0.078334 0.085670
v -0.232902 0.098955 0.027773
v -0.229477 0.113491 -0.014128
v -0.230836 0.142825 -0.041627
v -0.231761 0.166493 -0.040003
v -0.245125 0.171962 -0.058889
v -0.236069 0.147142 -0.061557
v -0.274080 0.200884 -0.085586
v -0.288615 0.230183 -0.094110
v -0.297506 0.214921 -0.141956
v -0.287446 0.183666 -0.124910
v -0.283348 0.199811 -0.181786
v -0.281671 0.162360 -0.160957
v -0.282867 0.255147 -0.110359
v -0.273639 0.283195 -0.121123
v -0.274664 0.329604 -0.124137
v -0.280622 0.399204 -0.095016
v -0.282036 0.415232 -0.108191
v -0.266006 0.407953 -0.127731
v -0.261788 0.488661 -0.094911
v -0.244132 0.396319 -0.121876
v -0.271238 0.563105 -0.069889
v -0.261201 0.557672 -0.057654
v -0.253465 0.473597 -0.080647
v -0.264334 0.551432 -0.042218
v -0.257130 0.477993 -0.066617
v -0.269060 0.476631 -0.056534
v -0.254458 0.391283 -0.079234
v -0.284359 0.477786 -0.059200
v -0.271564 0.393255 -0.080312
v -0.267847 0.604805 -0.044042
v -0.270757 0.597417 -0.028998
v -0.272240 0.644855 -0.033480
v -0.274546 0.634532 -0.017609
v -0.284337 0.651185 -0.046713
v -0.277327 0.609976 -0.057062
v -0.302902 0.653015 -0.046339
v -0.158827 0.198865 0.290361
v -0.118267 0.196281 0.357497
v -0.102188 0.193276 0.355176
v -0.092012 0.202252 0.355206
v -0.096241 0.205207 0.325860
v -0.100393 0.214988 0.360445
v -0.094770 0.202704 0.295779
v -0.181314 0.193505 0.138956
v -0.196450 0.209340 0.140901
v -0.187023 0.212037 0.094498
v -0.191642 0.225580 0.090973
v -0.174134 0.224697 0.049896
v -0.206180 0.230291 0.138235
v -0.173255 0.224354 0.015374
v -0.120205 0.185388 0.199902
v -0.110389 0.199697 0.204197
v -0.121758 0.206313 0.194787
v -0.129335 0.210467 0.208850
v -0.150632 0.518204 -0.040290
v -0.099242 0.528513 -0.027181
v -0.079491 0.588015 -0.058872
v -0.189371 0.494471 -0.107027
v -0.202488 0.444010 -0.098657
v -0.210437 0.401887 -0.104718
v -0.216332 0.375955 -0.103114
v -0.038400 0.589062 -0.060001
v 0.001164 0.639207 -0.084388
v 0.019313 0.625596 -0.099532
v 0.025680 0.647452 -0.130489
v 0.008782 0.669428 -0.117785
v 0.019619 0.641207 -0.177904
v -0.003350 0.671981 -0.173102
v -0.008607 0.596741 -0.223587
v -0.038103 0.633276 -0.227338
v -0.081537 0.660877 -0.212934
v -0.132847 0.557755 -0.241716
v 0.009406 0.576961 -0.208312
v 0.020759 0.555609 -0.194684
v -0.008340 0.517405 -0.207929
v 0.015193 0.544660 -0.170686
v -0.006396 0.514732 -0.177390
v -0.019323 0.492691 -0.178123
v -0.025776 0.489852 -0.211422
v -0.007127 0.477458 -0.180280
v -0.017127 0.470538 -0.217223
v -0.023223 0.494559 -0.141265
v -0.010700 0.475983 -0.138145
v 0.011315 0.467379 -0.134621
v 0.036274 0.461834 -0.135431
v -0.006834 0.512574 -0.141651
v 0.012570 0.534210 -0.139731
v -0.200054 0.259627 -0.063535
v -0.200733 0.279808 -0.056089
v -0.143131 0.289630 -0.080879
v -0.120707 0.296657 -0.101968
v -0.142214 0.277109 -0.085322
v -0.122445 0.285857 -0.106071
v -0.102824 0.280383 -0.135583
v -0.094628 0.264730 -0.165351
v -0.094694 0.239299 -0.188002
v -0.180459 0.102608 -0.065310
v -0.180136 0.105364 -0.082833
v -0.175151 0.088528 -0.083374
v -0.174681 0.089936 -0.100340
v -0.181613 0.107658 -0.101680
v -0.193571 0.108995 -0.102004
v -0.134954 0.049666 -0.029225
v -0.118352 0.012272 -0.030519
v -0.091329 -0.033795 -0.036319
v -0.091098 -0.035548 -0.005579
v -0.069444 -0.100323 -0.046745
v -0.070430 -0.104398 -0.025746
v -0.058255 -0.108641 -0.006716
v -0.078044 -0.035974 0.019744
v -0.041394 -0.113073 0.010531
v -0.059275 -0.036258 0.038889
v -0.016243 -0.116574 0.019174
v -0.068226 -0.212772 -0.005797
v -0.041869 -0.221858 -0.005088
v -0.020220 -0.227354 -0.017765
v 0.010849 -0.116932 0.015744
v -0.006332 -0.227780 -0.039184
v 0.035529 -0.113819 0.000176
v 0.000783 -0.223129 -0.061314
v 0.042505 -0.108335 -0.029626
v -0.006421 -0.213323 -0.083071
v 0.029214 -0.103273 -0.060766
v -0.026749 -0.205872 -0.097022
v -0.041059 -0.321521 -0.102032
v -0.062219 -0.316004 -0.114156
v -0.085437 -0.314159 -0.119658
v -0.054889 -0.199080 -0.099340
v -0.109349 -0.312220 -0.111117
v -0.078302 -0.192759 -0.092489
v -0.119753 -0.308806 -0.088256
v -0.095569 -0.192361 -0.070231
v -0.119638 -0.310760 -0.062810
v -0.098381 -0.196687 -0.045502
v -0.111487 -0.315542 -0.039903
v -0.089547 -0.203633 -0.020861
v -0.092230 -0.321352 -0.025810
v -0.109682 -0.404317 -0.058833
v -0.095459 -0.407185 -0.051263
v -0.079217 -0.409545 -0.051283
v -0.068026 -0.325910 -0.023893
v -0.064830 -0.409882 -0.059219
v -0.046382 -0.327756 -0.035321
v -0.055539 -0.408028 -0.073312
v -0.034409 -0.327081 -0.056854
v -0.055564 -0.405346 -0.090944
v -0.031555 -0.324657 -0.082017
v -0.064568 -0.402705 -0.103922
v -0.051551 -0.479015 -0.105256
v -0.066532 -0.477856 -0.125174
v -0.088689 -0.478690 -0.132720
v -0.080373 -0.399920 -0.111249
v -0.107533 -0.478536 -0.130177
v -0.096105 -0.398393 -0.110719
v -0.124628 -0.478989 -0.119438
v -0.110376 -0.398111 -0.102391
v -0.135675 -0.479734 -0.098291
v -0.117883 -0.399085 -0.089564
v -0.132622 -0.481959 -0.074860
v -0.118289 -0.401361 -0.072535
v -0.118790 -0.484355 -0.058222
v -0.146284 -0.547335 -0.076782
v -0.124137 -0.551953 -0.064539
v -0.095677 -0.556054 -0.055622
v -0.097750 -0.486475 -0.050789
v -0.067165 -0.551777 -0.058977
v -0.078376 -0.486458 -0.053827
v -0.054816 -0.543198 -0.071825
v -0.062195 -0.484735 -0.065117
v -0.050500 -0.536958 -0.091337
v -0.051541 -0.482326 -0.082911
v -0.054561 -0.536256 -0.111144
v -0.016815 -0.569039 -0.099503
v -0.022335 -0.567599 -0.123377
v 0.013264 -0.601470 -0.105849
v 0.006064 -0.601507 -0.133878
v 0.028375 -0.628153 -0.108721
v 0.018130 -0.627435 -0.141213
v -0.004966 -0.606204 -0.077929
v -0.023731 -0.579595 -0.079200
v -0.051794 -0.588179 -0.068897
v -0.043908 -0.608703 -0.067046
v -0.089719 -0.586301 -0.067368
v -0.088823 -0.604487 -0.066771
v -0.125490 -0.584324 -0.068170
v -0.123555 -0.601304 -0.071341
v -0.152251 -0.587272 -0.076281
v -0.141384 -0.606329 -0.082713
v -0.159485 -0.587186 -0.102460
v -0.152235 -0.543899 -0.100929
v -0.138248 -0.547927 -0.122232
v -0.141741 -0.587553 -0.123228
v -0.207870 0.055118 0.030155
v -0.189811 0.050177 0.032206
v -0.206110 0.032319 0.094493
v -0.189089 0.026436 0.100599
v -0.178801 0.010748 0.103736
v -0.188435 0.005100 0.170197
v -0.178671 -0.009623 0.174288
v -0.176935 -0.027585 0.177612
v -0.177155 -0.007814 0.103005
v -0.184979 -0.024516 0.110888
v -0.184857 -0.008704 0.051857
v -0.185117 -0.042133 0.182090
v -0.200499 -0.047343 0.189285
v -0.200708 -0.030500 0.118315
v -0.176451 -0.045654 0.244113
v -0.184317 -0.059310 0.246917
v -0.199146 -0.064437 0.252390
v -0.211518 -0.057837 0.261219
v -0.213724 -0.041549 0.199582
v -0.219020 -0.029297 0.211574
v -0.220635 -0.010443 0.140732
v -0.215195 -0.023822 0.128563
v -0.216907 -0.045871 0.270896
v -0.214533 -0.033316 0.281053
v -0.215902 -0.016433 0.223501
v -0.202853 -0.010423 0.233035
v -0.204406 0.010331 0.163444
v -0.217660 0.003184 0.153069
v -0.219843 0.023802 0.083694
v -0.222068 0.008880 0.070892
v -0.222504 0.044893 0.022435
v -0.223978 0.026898 0.011804
v -0.215420 -0.006286 0.058273
v -0.196645 -0.012996 0.049668
v -0.187613 -0.015954 0.238827
v -0.178373 -0.029406 0.241964
v -0.299994 0.695556 0.010189
v -0.306731 0.841593 0.029592
v -0.315621 0.836679 0.004198
v -0.301175 0.825089 0.051997
v -0.385333 0.520796 -0.260225
v -0.400068 0.529291 -0.275476
v -0.381571 0.517901 -0.298715
v -0.370492 0.509065 -0.283415
v -0.357988 0.502786 -0.334127
v -0.355895 0.488282 -0.320010
v -0.334741 0.473837 -0.357189
v -0.372629 0.532004 -0.299946
v -0.359155 0.533415 -0.289133
v -0.392266 0.544882 -0.277363
v -0.376223 0.545628 -0.265348
v -0.109271 0.410852 -0.262856
v -0.120695 0.364605 -0.255321
v -0.098650 0.404312 -0.281476
v -0.114631 0.355880 -0.279791
v -0.071256 0.393344 -0.290075
v -0.086797 0.346377 -0.292974
v -0.191772 0.391612 -0.252509
v -0.188613 0.412070 -0.314549
v -0.188821 0.444805 -0.376607
v -0.172903 0.449530 -0.377906
v -0.169444 0.462211 -0.369999
v -0.181931 0.471003 -0.360842
v -0.200285 0.485275 -0.421582
v -0.199379 0.496395 -0.409698
v -0.208987 0.495796 -0.395048
v -0.220325 0.488133 -0.385762
v -0.198139 0.471964 -0.355379
v -0.207721 0.459954 -0.359830
v -0.201342 0.437545 -0.304214
v -0.222975 0.476277 -0.390696
v -0.220609 0.469668 -0.402985
v -0.203237 0.447623 -0.370368
v -0.201471 0.421608 -0.310461
v -0.210572 0.471775 -0.417711
v -0.197765 0.365287 -0.224154
v -0.134423 0.286972 -0.355844
v -0.116293 0.257372 -0.350135
v -0.101834 0.229599 -0.346193
v -0.103555 0.227961 -0.368059
v -0.110697 0.197554 -0.344450
v -0.114122 0.197738 -0.365834
v -0.127303 0.206510 -0.383715
v -0.121062 0.226920 -0.386028
v -0.134034 0.209745 -0.414100
v -0.126612 0.224707 -0.418232
v -0.133653 0.203550 -0.463345
v -0.125766 0.219342 -0.465817
v -0.133915 0.198919 -0.513632
v -0.125523 0.215156 -0.514268
v -0.150646 0.197483 -0.462524
v -0.152094 0.192902 -0.513319
v -0.167662 0.205181 -0.462384
v -0.168794 0.200782 -0.513899
v -0.135147 0.179705 -0.365035
v -0.113773 0.199041 -0.324037
v -0.231641 0.441966 -0.445257
v -0.215547 0.438756 -0.430307
v -0.206041 0.426242 -0.415615
v -0.219051 0.411386 -0.418363
v -0.235309 0.412523 -0.432224
v -0.259832 0.428163 -0.407574
v -0.274277 0.431449 -0.419938
v -0.251074 0.415564 -0.446245
v -0.282591 0.443151 -0.383635
v -0.293728 0.446437 -0.394772
v -0.259605 0.426670 -0.458660
v -0.248198 0.441866 -0.458120
v -0.307114 0.601732 -0.433264
v -0.312670 0.619840 -0.455628
v -0.303884 0.562354 -0.413092
v -0.312785 0.565895 -0.402634
v -0.290305 0.563731 -0.415425
v -0.278471 0.569846 -0.407989
v -0.276938 0.577052 -0.395329
v -0.296295 0.619706 -0.401750
v -0.286356 0.581502 -0.383767
v -0.301452 0.579577 -0.381519
v -0.312411 0.573130 -0.389343
v -0.154456 0.135705 -0.433811
v -0.147778 0.131186 -0.448788
v -0.182084 0.134693 -0.418539
v -0.158434 0.137514 -0.414770
v -0.147353 0.123893 -0.444604
v -0.185716 0.110753 -0.356907
v -0.176290 0.076960 -0.458653
v -0.175881 0.045845 -0.458812
v -0.168102 0.071170 -0.513102
v -0.162199 0.044128 -0.510811
v -0.144639 0.027333 -0.506097
v -0.159867 0.024248 -0.454954
v -0.124550 0.034964 -0.499312
v -0.137798 0.031338 -0.447313
v -0.110081 0.054163 -0.494803
v -0.121656 0.053079 -0.442995
v -0.128964 0.052578 -0.406811
v -0.109614 0.078906 -0.496673
v -0.099707 0.053459 -0.546416
v -0.102564 0.074356 -0.549614
v -0.122726 0.098581 -0.503852
v -0.148346 0.091109 -0.515749
v -0.092816 0.050578 -0.589991
v -0.097576 0.070034 -0.593578
v -0.107232 0.036020 -0.588690
v -0.113680 0.036903 -0.548027
v -0.132297 0.028900 -0.550619
v -0.150676 0.039842 -0.550095
v -0.313796 0.023629 -0.456101
v -0.304718 0.008785 -0.423276
v -0.288331 0.025922 -0.429990
v -0.284559 0.010951 -0.384246
v -0.275784 0.025986 -0.399427
v -0.256861 0.037199 -0.417535
v -0.238643 0.045446 -0.432790
v -0.261287 0.038984 -0.361055
v -0.246303 0.047490 -0.380235
v -0.248338 0.064422 -0.320141
v -0.235643 0.073425 -0.329139
v -0.239221 0.024426 -0.437491
v -0.261517 0.011249 -0.434582
v -0.287579 0.000208 -0.429510
v -0.265018 0.005995 -0.388618
v -0.183584 0.038270 -0.610754
v -0.199894 0.061698 -0.601570
v -0.206295 0.077036 -0.572849
v -0.190195 0.058456 -0.591798
v -0.191264 0.068226 -0.571934
v -0.192559 0.082376 -0.547750
v -0.176337 0.062774 -0.590316
v -0.170999 0.040668 -0.596243
v -0.180361 0.038727 -0.600404
v -0.175189 0.001824 -0.590269
v -0.165676 0.000211 -0.578363
v -0.172708 0.002711 -0.604727
v -0.170933 -0.039688 -0.595482
v -0.158862 -0.035944 -0.603047
v -0.156542 -0.074835 -0.596099
v -0.145524 -0.028465 -0.601287
v -0.142426 -0.069754 -0.593490
v -0.136062 -0.094469 -0.596267
v -0.154532 -0.100224 -0.598617
v -0.138013 -0.016221 -0.588243
v -0.148595 -0.005567 -0.576440
v -0.151397 -0.125450 -0.601157
v -0.149666 -0.147304 -0.589893
v -0.166214 -0.145969 -0.585187
v -0.170903 -0.016709 -0.364370
v -0.164602 -0.000181 -0.376620
v -0.157570 -0.057739 -0.411792
v -0.149805 -0.042468 -0.422324
v -0.174224 -0.067908 -0.407972
v -0.162764 -0.106831 -0.455582
v -0.186962 -0.026627 -0.359169
v -0.206345 -0.025880 -0.361631
v -0.194185 -0.069024 -0.412515
v -0.208692 -0.060300 -0.423582
v -0.196249 -0.099131 -0.468917
v -0.182085 -0.107215 -0.459122
v -0.185886 -0.124763 -0.507077
v -0.174023 -0.133435 -0.498989
v -0.155991 -0.132402 -0.496761
v -0.170255 -0.155483 -0.529914
v -0.151202 -0.155040 -0.527779
v -0.180288 -0.143521 -0.538234
v -0.199963 -0.085363 -0.480040
v -0.193222 -0.070581 -0.489938
v -0.211132 -0.047246 -0.435166
v -0.203408 -0.032996 -0.444323
v -0.176608 -0.058544 -0.494130
v -0.155612 -0.056970 -0.490226
v -0.161388 0.007607 -0.223481
v -0.176427 -0.046632 -0.247267
v -0.156075 -0.045815 -0.243482
v -0.166417 -0.111662 -0.275270
v -0.147642 -0.110902 -0.270708
v -0.133321 -0.103795 -0.282185
v -0.136563 -0.176933 -0.299816
v -0.122804 -0.169261 -0.311956
v -0.119206 -0.160614 -0.330119
v -0.129947 -0.095552 -0.299965
v -0.127721 -0.154598 -0.346778
v -0.136764 -0.088968 -0.317481
v -0.146341 -0.156209 -0.349810
v -0.155908 -0.090011 -0.321625
v -0.160199 -0.163561 -0.338149
v -0.170121 -0.097076 -0.310119
v -0.164314 -0.172138 -0.320284
v -0.174464 -0.105564 -0.292028
v -0.183887 -0.038962 -0.265426
v -0.155786 -0.178145 -0.303928
v -0.153778 -0.238558 -0.348265
v -0.144120 -0.243878 -0.332613
v -0.125056 -0.241971 -0.330041
v -0.132012 -0.309694 -0.361191
v -0.113689 -0.307203 -0.359643
v -0.101349 -0.299891 -0.371830
v -0.111963 -0.234577 -0.342156
v -0.098823 -0.292131 -0.389185
v -0.109078 -0.226294 -0.360116
v -0.108464 -0.287420 -0.404522
v -0.118267 -0.220712 -0.376378
v -0.126744 -0.289760 -0.406033
v -0.137001 -0.222631 -0.378812
v -0.139401 -0.296847 -0.393840
v -0.150103 -0.230076 -0.366340
v -0.142531 -0.304863 -0.376257
v -0.127886 -0.363835 -0.419875
v -0.129428 -0.370438 -0.403889
v -0.118946 -0.374125 -0.390828
v -0.102523 -0.371817 -0.389637
v -0.090784 -0.365286 -0.400586
v -0.088268 -0.358626 -0.416528
v -0.098706 -0.355304 -0.429653
v -0.115848 -0.357671 -0.430782
v -0.141255 0.035416 -0.113599
v -0.161871 0.032016 -0.111218
v -0.146933 -0.009098 -0.100958
v -0.162813 -0.006369 -0.105782
v -0.146282 -0.062397 -0.095139
v -0.164192 -0.062116 -0.100653
v -0.181031 -0.061033 -0.095699
v -0.163845 -0.123357 -0.094643
v -0.181842 -0.121670 -0.090687
v -0.169579 -0.191065 -0.087038
v -0.156407 -0.191484 -0.077647
v -0.166629 -0.252032 -0.067486
v -0.178561 -0.252018 -0.077356
v -0.148536 -0.123460 -0.086129
v -0.156202 -0.189256 -0.060155
v -0.165701 -0.186215 -0.045280
v -0.174931 -0.246369 -0.037763
v -0.167563 -0.249005 -0.051358
v -0.183161 -0.312405 -0.070941
v -0.222616 0.071141 -0.112298
v -0.199442 0.042267 -0.101875
v -0.212164 0.041284 -0.107694
v -0.222247 0.042959 -0.098090
v -0.211653 0.004643 -0.103210
v -0.221673 0.006602 -0.090858
v -0.209059 -0.054723 -0.097356
v -0.267001 -0.634483 -0.029702
v -0.168647 -0.639259 0.020949
v -0.166226 -0.622244 -0.006553
v -0.117061 -0.635351 0.017543
v -0.204373 -0.064233 -0.006293
v -0.192415 -0.053292 -0.000122
v -0.203477 -0.102707 0.039905
v -0.190039 -0.093794 0.044850
v -0.179029 -0.086951 0.047289
v -0.164214 -0.079090 0.050336
v -0.186253 -0.136118 0.095071
v -0.171502 -0.126913 0.096765
v -0.154207 -0.118937 0.096396
v -0.137418 -0.115753 0.091878
v -0.148710 -0.073699 0.050126
v -0.161972 -0.167043 0.145614
v -0.145543 -0.157861 0.145208
v -0.128594 -0.157248 0.138468
v -0.130210 -0.170145 0.124227
v -0.135101 -0.125404 0.077616
v -0.137015 -0.171913 0.198765
v -0.119555 -0.178278 0.191847
v -0.119513 -0.195339 0.186390
v -0.136771 -0.207125 0.180645
v -0.104992 -0.194146 0.240964
v -0.111701 -0.209457 0.229628
v -0.134487 -0.214245 0.225321
v -0.097235 -0.243605 0.257299
v -0.159260 -0.216674 0.216817
v -0.157031 -0.216560 0.171508
v -0.177527 -0.224289 0.161999
v -0.169451 -0.186435 0.094371
v -0.084955 -0.233394 0.274622
v -0.067085 -0.276434 0.291425
v -0.078816 -0.284403 0.276038
v -0.056882 -0.303327 0.297706
v -0.065239 -0.316503 0.286755
v -0.080442 -0.277827 0.307887
v -0.100599 -0.235079 0.291141
v -0.122007 -0.189239 0.252947
v -0.144373 -0.194259 0.258116
v -0.122719 -0.244032 0.296698
v -0.104525 -0.286503 0.311588
v -0.157644 -0.173903 0.205315
v -0.177028 -0.177364 0.145341
v -0.200965 -0.147086 0.091347
v -0.193767 -0.189645 0.146357
v -0.215264 -0.156585 0.088175
v -0.211356 -0.197310 0.145170
v -0.220350 -0.171512 0.079711
v -0.216286 -0.111492 0.034717
v -0.219232 -0.125658 0.027561
v -0.140962 -0.079386 0.040130
v -0.217181 -0.218811 0.271201
v -0.219276 -0.198814 0.274443
v -0.234286 -0.181082 0.274850
v -0.216132 -0.315383 0.252160
v -0.204381 -0.271463 0.248739
v -0.150419 -0.376441 0.299649
v -0.116438 -0.345213 0.304862
v -0.144130 -0.097078 0.000228
v -0.157504 -0.104702 -0.011917
v -0.138160 -0.149779 0.031531
v -0.151076 -0.154409 0.017602
v -0.136157 -0.203552 0.062498
v -0.150169 -0.211826 0.050106
v -0.149927 -0.193429 0.083518
v -0.164390 -0.193745 0.083407
v -0.155446 -0.249201 0.120372
v -0.151040 -0.286894 0.144470
v -0.153114 -0.366455 0.155869
v -0.149852 -0.379559 0.162904
v -0.128981 -0.379126 0.162163
v -0.040664 0.024944 0.103961
v -0.035558 0.075610 0.098736
v -0.020646 0.022622 0.101866
v -0.033367 0.122513 0.090486
v -0.109721 0.043062 0.086483
v 0.012206 -0.015348 -0.082726
v -0.018739 0.004964 -0.104707
v 0.038502 -0.013164 -0.062271
v 0.047008 -0.016154 -0.065114
v -0.039651 -0.133517 -0.195041
v 0.018105 -0.140781 -0.117700
v 0.064084 -0.104220 -0.059488
v 0.084505 -0.122661 -0.069214
v 0.143517 -0.092565 -0.008198
v 0.125489 -0.069544 -0.002272
v 0.034147 -0.155867 -0.125001
v 0.049312 -0.160395 -0.141783
v 0.106797 -0.129629 -0.089885
v -0.006354 -0.199596 -0.157043
v 0.013122 -0.203214 -0.173987
v 0.020176 -0.197027 -0.198034
v 0.057332 -0.152057 -0.163121
v -0.033368 -0.254170 -0.180446
v -0.014859 -0.258864 -0.197396
v -0.008897 -0.254409 -0.220805
v 0.122897 -0.119511 -0.118927
v 0.193503 -0.072031 0.033228
v 0.170882 -0.047321 0.038561
v 0.147539 -0.010526 0.025181
v 0.146896 0.064441 -0.000570
v 0.115892 0.033160 0.001839
v 0.179018 0.076427 -0.023484
v 0.145680 0.125961 -0.061891
v 0.198625 0.068082 -0.053744
v 0.161016 0.114206 -0.098934
v 0.207867 0.046372 -0.076567
v 0.169206 0.083804 -0.123672
v 0.235291 0.010553 -0.036306
v 0.219547 -0.008166 -0.059248
v 0.231213 -0.035291 -0.040922
v 0.248223 -0.024204 -0.006497
v 0.047064 0.066857 0.074490
v 0.044722 0.114991 0.080066
v 0.043915 0.150761 0.083166
v 0.052309 0.145707 0.061647
v 0.020639 0.177584 0.084816
v 0.022820 0.196080 0.085792
v 0.003543 0.181415 0.088212
v -0.018556 0.183994 0.090075
v 0.180420 0.071571 -0.231880
v 0.125666 0.072141 -0.243348
v 0.131737 0.092197 -0.242920
v 0.179363 0.080029 -0.217983
v 0.079855 0.091005 -0.250638
v 0.087444 0.112254 -0.248311
v 0.045554 0.115304 -0.261147
v 0.061517 0.134237 -0.251949
v 0.035451 0.127005 -0.272243
v -0.109283 0.101894 -0.272576
v -0.045157 0.031670 -0.215193
v 0.080835 0.305459 -0.076117
v 0.066965 0.326831 -0.050735
v 0.052202 0.349166 -0.036477
v -0.093440 0.268781 -0.013223
v -0.004572 0.368385 -0.035903
v -0.036443 0.350034 -0.042969
v -0.079831 0.253996 -0.254416
v -0.066466 0.291434 -0.257544
v -0.012315 0.425900 0.022473
v 0.027077 0.427691 0.021704
v 0.027169 0.451651 0.027314
v -0.015091 0.448568 0.029561
v 0.084332 0.432070 0.028301
v 0.083978 0.455379 0.029292
v 0.084809 0.476956 0.018827
v 0.164458 0.460281 0.041331
v 0.166835 0.478348 0.025396
v 0.168678 0.484243 0.002348
v 0.088366 0.486153 -0.006208
v 0.168935 0.476698 -0.020254
v 0.093215 0.478086 -0.030348
v 0.167512 0.455172 -0.033456
v 0.262025 0.473365 -0.014457
v 0.262311 0.454223 -0.026759
v 0.262208 0.431147 -0.024078
v 0.166551 0.432315 -0.031918
v 0.261729 0.416114 -0.005690
v 0.338709 0.427628 -0.014941
v 0.262021 0.412650 0.016805
v 0.261869 0.421511 0.037211
v 0.163204 0.415339 0.030915
v 0.260478 0.439995 0.048162
v 0.162683 0.436212 0.044487
v 0.085630 0.413635 0.015511
v 0.259954 0.461683 0.046630
v 0.341589 0.473807 0.031379
v 0.260338 0.477511 0.029972
v 0.341139 0.477297 0.009301
v 0.261177 0.480801 0.007039
v 0.341061 0.469008 -0.011042
v 0.404205 0.458655 -0.005289
v 0.400351 0.441354 -0.014563
v 0.340259 0.449213 -0.021196
v 0.395282 0.422701 -0.007370
v 0.458020 0.441105 -0.019873
v 0.454242 0.429467 -0.015084
v 0.487656 0.418955 -0.055432
v 0.512799 0.418862 -0.093757
v 0.533665 0.431308 -0.101570
v 0.463455 0.452772 -0.019120
v 0.505759 0.466188 -0.059517
v 0.524786 0.462910 -0.089055
v 0.554843 0.427043 -0.057332
v 0.556922 0.443379 -0.050356
v 0.526222 0.436846 0.001013
v 0.525012 0.420975 -0.007257
v 0.475766 0.428334 0.047510
v 0.479529 0.411518 0.041363
v 0.475179 0.399615 0.028783
v 0.439614 0.398982 0.094922
v 0.429927 0.379634 0.082266
v 0.439702 0.420158 0.097474
v 0.463245 0.445455 0.048133
v 0.518354 0.453073 0.003003
v 0.277872 0.455018 0.079488
v 0.275317 0.412102 0.078195
v 0.271727 0.453220 0.097325
v 0.270883 0.380586 0.080828
v 0.265608 0.343188 0.080941
v 0.263292 0.284733 0.069112
v 0.253299 0.290364 0.080236
v 0.240851 0.245379 0.091664
v 0.239162 0.216880 0.100450
v 0.257230 0.214129 0.110618
v 0.270333 0.238431 0.111523
v 0.298589 0.269358 0.097724
v 0.293676 0.273558 0.118529
v 0.279514 0.282495 0.122976
v 0.264375 0.290615 0.121265
v 0.296872 0.269204 0.078046
v 0.280830 0.276999 0.069606
v 0.202970 0.378226 0.567922
v 0.185490 0.386180 0.562777
v 0.217059 0.365637 0.571954
v 0.243644 0.373573 0.500373
v 0.226851 0.385930 0.495568
v 0.213501 0.347585 0.568988
v 0.239898 0.353118 0.497483
v 0.265610 0.358942 0.424961
v 0.268077 0.380663 0.427415
v 0.199401 0.333452 0.562991
v 0.224225 0.337525 0.491197
v 0.248986 0.341306 0.417412
v 0.275932 0.348673 0.345122
v 0.296398 0.367671 0.357492
v 0.203828 0.332868 0.484522
v 0.227171 0.335785 0.410127
v 0.248193 0.338272 0.335145
v 0.269077 0.342049 0.266185
v 0.298454 0.355424 0.274459
v 0.205797 0.346614 0.405523
v 0.221206 0.353230 0.330609
v 0.241333 0.358054 0.258399
v 0.288114 0.351386 0.201496
v 0.195731 0.359570 0.329936
v 0.216374 0.366797 0.248150
v 0.198797 0.377808 0.329775
v 0.218266 0.382883 0.252108
v 0.222421 0.399033 0.333305
v 0.240724 0.404901 0.264678
v 0.251230 0.412094 0.341880
v 0.270952 0.419036 0.275087
v 0.278510 0.398080 0.349627
v 0.299495 0.404200 0.280557
v 0.300461 0.386170 0.360624
v 0.325672 0.391211 0.283366
v 0.323619 0.374341 0.277881
v 0.311302 0.361091 0.201503
v 0.250710 0.393043 0.421923
v 0.229396 0.403385 0.415462
v 0.207405 0.395319 0.490246
v 0.207538 0.396441 0.408770
v 0.187347 0.390828 0.483801
v 0.166947 0.383226 0.556789
v 0.171991 0.375326 0.478172
v 0.153207 0.369384 0.551865
v 0.168207 0.355160 0.475791
v 0.148656 0.351930 0.549454
v 0.184740 0.342203 0.479372
v 0.163275 0.338973 0.552252
v 0.180821 0.330513 0.556789
v 0.187877 0.359695 0.403194
v 0.191339 0.379216 0.404593
v -0.209041 0.319093 0.194406
v -0.113997 0.089648 -0.259624
v -0.235413 -0.224981 0.212073
v -0.249533 -0.225235 0.210958
v -0.202357 0.037446 0.301950
v -0.201044 0.038426 0.302207
v -0.203005 0.039282 0.302877
v -0.204139 0.037214 0.302102
v -0.204344 0.036071 0.301300
v -0.202129 0.036808 0.301425
v -0.200120 0.037478 0.301537
v -0.197960 0.038197 0.301659
v -0.200039 0.039412 0.302508
v -0.201978 0.040544 0.303300
v -0.203865 0.041647 0.304072
v -0.204906 0.039490 0.303244
v -0.206219 0.036768 0.302200
v -0.208496 0.036939 0.301960
v -0.208916 0.036177 0.300535
v -0.207127 0.035629 0.299613
v -0.209511 0.037015 0.301853
v -0.205540 0.037884 0.286825
v -0.204061 0.037184 0.287319
v -0.203811 0.038752 0.285322
v -0.204758 0.038710 0.285667
v -0.205799 0.038341 0.286143
v -0.206819 0.037878 0.286899
v -0.206323 0.037290 0.287718
v -0.204802 0.037703 0.286859
v -0.204726 0.038443 0.286019
v -0.205892 0.036783 0.288427
v -0.205452 0.036263 0.289155
v -0.205005 0.035737 0.289889
v -0.203889 0.036372 0.288075
v -0.202735 0.037419 0.287285
v -0.202586 0.038302 0.286407
v -0.203843 0.038167 0.286075
v -0.202872 0.036614 0.288084
v -0.203207 0.038857 0.284571
v -0.204109 0.039957 0.284657
v -0.204249 0.039546 0.284840
v -0.202303 0.038153 0.285722
v -0.201873 0.037925 0.284679
v -0.203589 0.038915 0.285290
v -0.206235 0.038521 0.285864
v -0.204638 0.038272 0.286530
v -0.205904 0.038356 0.286473
v -0.204273 0.037617 0.287991
v -0.205376 0.037729 0.288029
v -0.207555 0.037947 0.287940
v -0.207598 0.038301 0.286749
v -0.207190 0.038314 0.286290
v -0.209388 0.037947 0.287101
v -0.209247 0.037952 0.286539
v -0.209586 0.037940 0.287901
v -0.207022 0.037404 0.289353
v -0.209733 0.037935 0.288490
v -0.204851 0.036829 0.289754
v -0.202862 0.037915 0.287304
v -0.203132 0.038316 0.286161
v -0.201105 0.038911 0.285554
v -0.200880 0.038996 0.286610
v -0.201571 0.039064 0.284639
v -0.202862 0.040067 0.284314
v -0.203601 0.040642 0.284126
v -0.203459 0.040147 0.283859
v -0.204329 0.041209 0.283943
v -0.202518 0.038999 0.283767
v -0.201455 0.037705 0.283666
v -0.200682 0.039069 0.287534
v -0.205115 0.037096 0.290166
v -0.205498 0.036020 0.289691
v -0.206711 0.036424 0.285984
v -0.205919 0.036823 0.289738
v -0.205993 0.036495 0.290232
v -0.205164 0.036801 0.290628
v -0.205447 0.036170 0.290109
v -0.205401 0.036473 0.289608
v -0.205599 0.035900 0.289380
v -0.205608 0.036055 0.289356
v -0.206447 0.036336 0.286789
v -0.206951 0.036394 0.287079
v -0.207664 0.036692 0.286791
v -0.207689 0.036576 0.287911
v -0.208452 0.036911 0.287458
v -0.206115 0.036225 0.287804
v -0.206486 0.036147 0.287727
v -0.207022 0.036294 0.288216
v -0.207293 0.036324 0.288864
v -0.208044 0.036417 0.288535
v -0.206051 0.036106 0.287997
v -0.206325 0.035988 0.288632
v -0.206560 0.036013 0.289207
v -0.206782 0.036032 0.289806
v -0.207528 0.036172 0.289461
v -0.205738 0.035736 0.288950
v -0.205890 0.035722 0.289590
v -0.206053 0.035719 0.290163
v -0.206252 0.035732 0.290740
v -0.206983 0.035928 0.290415
v -0.205484 0.035896 0.290617
v -0.205506 0.035654 0.291146
v -0.205826 0.035485 0.291535
v -0.206417 0.035729 0.291336
v -0.205219 0.036480 0.291134
v -0.205271 0.036159 0.291642
v -0.205327 0.035964 0.291921
v -0.206071 0.035871 0.291244
v -0.205987 0.035730 0.291588
v -0.206726 0.035737 0.290742
v -0.206046 0.036174 0.290740
v -0.206836 0.035922 0.290292
v -0.207437 0.035932 0.289837
v -0.206814 0.036218 0.289794
v -0.207574 0.036001 0.289319
v -0.208010 0.036108 0.288916
v -0.207532 0.036277 0.288882
v -0.208159 0.036064 0.288547
v -0.208701 0.036076 0.288073
v -0.206741 0.036544 0.289302
v -0.201229 0.036130 0.288038
v -0.200699 0.038204 0.286502
v -0.201388 0.039246 0.283914
v -0.205004 0.037592 0.285483
v -0.201120 0.036512 0.287816
v -0.203242 0.036910 0.286676
v -0.203136 0.037189 0.286634
v -0.200706 0.038546 0.285703
v -0.201219 0.038367 0.285826
v -0.200696 0.038049 0.286862
v -0.201547 0.038407 0.284195
v -0.204508 0.037707 0.285299
v -0.202919 0.037263 0.286562
v -0.204083 0.037805 0.285141
v -0.202718 0.037575 0.286429
v -0.203643 0.037906 0.284977
v -0.202413 0.037903 0.286227
v -0.203007 0.038055 0.284742
v -0.202041 0.038060 0.286072
v -0.202533 0.038165 0.284566
v -0.201638 0.038213 0.285948
v -0.202065 0.038274 0.284392
v -0.200750 0.037817 0.287065
v -0.200818 0.037576 0.287204
v -0.200887 0.037334 0.287343
v -0.200961 0.037069 0.287496
v -0.201038 0.036801 0.287650
v -0.114616 -0.640690 -0.219382
v -0.070819 -0.640690 -0.196863
v -0.117009 -0.640690 -0.221331
v -0.067113 -0.640690 -0.194744
v -0.051255 -0.640690 -0.200140
v -0.016628 -0.640690 -0.181583
v -0.028380 -0.640690 -0.015559
v -0.026109 -0.640690 -0.019315
v 0.024058 -0.640690 -0.051205
v 0.021608 -0.640690 -0.061882
v -0.118873 -0.640690 -0.221320
v -0.163698 -0.640690 -0.224342
v 0.043235 -0.640690 -0.107590
v 0.043109 -0.640690 -0.108026
v 0.035387 -0.640690 -0.147486
v -0.005899 -0.640690 -0.180007
v -0.166013 -0.640690 -0.224882
v -0.167487 -0.640690 -0.225149
v -0.193301 -0.640690 -0.239843
v -0.224741 -0.640690 -0.234056
v -0.241622 -0.640690 -0.226107
v -0.261512 -0.640690 -0.215283
v -0.270367 -0.640690 -0.206303
v -0.288086 -0.640690 -0.183565
v -0.294519 -0.640690 -0.174021
v -0.303052 -0.640690 -0.142979
v 0.034792 -0.640690 -0.095440
v 0.031889 -0.640690 -0.079106
v 0.042805 -0.640690 -0.107005
v -0.307014 -0.640690 -0.105233
v -0.308046 -0.640690 -0.091669
v -0.301735 -0.640690 -0.080432
v -0.293981 -0.640690 -0.060400
v -0.282649 -0.640690 -0.040174
v -0.273998 -0.640690 -0.023409
v -0.264885 -0.640690 -0.012154
v -0.245029 -0.640690 -0.001796
v -0.241909 -0.640690 0.001329
v -0.212251 -0.640690 0.015863
v -0.241020 -0.640690 0.001594
v -0.169849 -0.640690 0.030635
v -0.200119 -0.640690 0.017642
v -0.211039 -0.640690 0.015679
v -0.143537 -0.640690 0.043199
v -0.114525 -0.640690 0.050433
v -0.091731 -0.640690 0.035646
v -0.063534 -0.640690 0.026613
vn 0.0803 0.8452 0.5283
vn -0.5921 0.7477 0.3007
vn -0.5599 0.8216 -0.1071
vn 0.0599 0.9931 0.1010
vn 0.4753 0.8656 0.1574
vn 0.6156 0.7304 0.2959
vn 0.6024 0.4576 0.6541
vn 0.3472 0.5049 0.7903
vn -0.0871 0.2854 0.9545
vn -0.6751 0.4295 0.5998
vn 0.4537 0.3630 0.8139
vn -0.1264 0.4737 0.8716
vn -0.0639 -0.0686 0.9956
vn 0.3891 0.0945 0.9163
vn 0.8389 0.3753 0.3942
vn 0.5077 0.7745 0.3774
vn -0.1406 0.9017 0.4088
vn -0.5996 0.1481 0.7865
vn -0.5859 -0.0626 0.8079
vn -0.7575 0.5711 0.3163
vn -0.9839 0.0007 0.1788
vn -0.9830 0.1801 0.0355
vn -0.8690 0.3822 0.3142
vn -0.9320 0.2200 0.2881
vn -0.9211 0.3120 -0.2329
vn -0.6285 0.4442 -0.6384
vn -0.6520 0.1877 -0.7346
vn -0.9698 0.0644 -0.2353
vn -0.7034 0.7085 -0.0566
vn -0.0973 0.8403 -0.5333
vn -0.0710 0.2751 -0.9588
vn -0.1249 0.9904 0.0588
vn 0.4125 0.5814 -0.7013
vn 0.3570 0.3707 -0.8574
vn 0.4580 0.8880 -0.0416
vn 0.8264 0.4805 -0.2936
vn 0.5229 0.5975 0.6079
vn 0.7616 0.3834 0.5225
vn 0.2942 0.2586 0.9201
vn 0.4624 0.3217 0.8263
vn 0.4336 0.8966 -0.0899
vn 0.7813 0.5448 -0.3046
vn 0.3895 0.7570 0.5245
vn 0.0739 0.9742 0.2132
vn 0.8230 0.5553 0.1197
vn 0.8061 0.5798 0.1185
vn 0.9631 -0.2571 0.0793
vn 0.7804 -0.2832 0.5574
vn -0.7623 -0.4203 0.4923
vn -0.8193 -0.4528 -0.3517
vn -0.8715 0.3499 -0.3436
vn -0.2693 0.3174 0.9092
vn 0.1118 0.1459 0.9830
vn -0.8098 0.4461 0.3810
vn -0.1071 0.9939 -0.0264
vn -0.3824 0.5596 0.7353
vn 0.7678 0.4429 0.4630
vn 0.4603 0.8699 -0.1773
vn -0.5747 0.0880 -0.8136
vn -0.8095 -0.0828 -0.5812
vn -0.9885 -0.1489 -0.0264
vn 0.5213 -0.3233 0.7898
vn 0.5307 -0.7764 0.3400
vn 0.5427 -0.5823 0.6053
vn 0.5448 -0.7160 0.4365
vn 0.4231 -0.8254 0.3737
vn -0.4268 -0.7990 0.4236
vn 0.0167 -0.9028 0.4298
vn -0.4721 -0.8688 -0.1496
vn -0.7121 -0.4772 0.5149
vn -0.2949 -0.5132 0.8060
vn 0.0153 -0.9444 0.3285
vn -0.0066 -0.5376 0.8431
vn 0.8542 -0.5094 0.1040
vn 0.6539 -0.7558 -0.0329
vn -0.9886 -0.1035 -0.1092
vn -0.5643 -0.6733 -0.4776
vn -0.8985 0.0271 -0.4381
vn -0.8947 -0.0203 -0.4461
vn -0.9536 0.2863 -0.0934
vn -0.7917 0.2743 0.5459
vn 0.7398 -0.6376 0.2148
vn -0.2497 -0.7868 -0.5645
vn 0.5919 0.5259 0.6108
vn 0.6247 0.5714 0.5323
vn 0.4638 0.7588 0.4574
vn 0.6696 0.5496 0.4996
vn 0.4625 -0.6580 0.5942
vn -0.0425 -0.2463 0.9683
vn -0.7198 -0.6794 0.1424
vn -0.4602 -0.8499 -0.2566
vn -0.8123 -0.2431 0.5302
vn -0.8519 0.3697 0.3709
vn -0.9500 0.1260 -0.2859
vn -0.7414 -0.6587 0.1283
vn -0.0450 -0.0546 0.9975
vn -0.0752 0.2218 0.9722
vn 0.2743 -0.5739 0.7716
vn 0.4010 -0.1225 0.9078
vn -0.2232 0.9076 0.3555
vn -0.8839 0.1444 -0.4448
vn 0.1324 -0.0001 0.9912
vn 0.6092 0.2189 0.7622
vn 0.1988 0.8763 0.4388
vn -0.3807 0.4519 0.8068
vn -0.7568 -0.2767 0.5921
vn -0.2062 -0.6808 0.7028
vn 0.4293 -0.5420 0.7225
vn -0.6942 -0.4319 0.5757
vn -0.6696 0.2015 0.7149
vn 0.0751 0.0306 0.9967
vn 0.1494 -0.4167 0.8967
vn -0.9635 -0.2374 0.1239
vn -0.8949 0.0216 0.4458
vn -0.7981 0.2219 0.5601
vn -0.9861 0.0086 0.1662
vn 0.8827 -0.3565 -0.3063
vn 0.9797 -0.1362 -0.1473
vn 0.9209 -0.3634 -0.1413
vn 0.7606 -0.4918 -0.4238
vn 0.9796 0.1967 0.0421
vn 0.8617 0.4357 -0.2602
vn 0.8021 -0.4920 -0.3385
vn 0.9350 -0.1958 0.2957
vn 0.6915 -0.5250 -0.4962
vn 0.6654 -0.5319 -0.5237
vn 0.6704 -0.5500 -0.4981
vn 0.6006 -0.5452 -0.5848
vn 0.0711 0.7731 0.6303
vn -0.6972 0.3819 0.6067
vn 0.8799 0.0549 0.4719
vn 0.8043 -0.1781 0.5669
vn 0.7873 0.3290 0.5215
vn 0.8759 0.0989 0.4723
vn 0.2130 0.8577 -0.4680
vn 0.9784 0.0871 0.1873
vn -0.8448 0.4709 0.2541
vn -0.9388 0.0671 -0.3378
vn -0.7107 0.5311 0.4614
vn 0.8345 -0.3607 0.4165
vn 0.9978 0.0619 -0.0228
vn 0.5784 0.5545 0.5983
vn 0.3218 -0.3291 0.8878
vn 0.2884 -0.8695 -0.4011
vn 0.3140 -0.5718 -0.7579
vn -0.2867 -0.9380 -0.1947
vn -0.0530 0.0281 0.9982
vn 0.5349 -0.1592 0.8298
vn -0.1637 -0.8828 0.4403
vn -0.7131 0.5000 0.4913
vn -0.4022 0.3555 0.8437
vn -0.1519 -0.2217 0.9632
vn -0.6738 -0.6340 0.3796
vn -0.8349 -0.0323 0.5495
vn -0.9298 0.0965 0.3552
vn -0.7645 -0.6208 0.1736
vn -0.1401 -0.9889 -0.0503
vn -0.0342 -0.8789 0.4759
vn -0.3273 -0.5263 -0.7848
vn -0.7692 0.4976 0.4008
vn -0.7549 0.6463 0.1113
vn 0.8126 0.0126 -0.5828
vn 0.7774 0.6282 -0.0309
vn 0.3208 0.8489 0.4201
vn 0.4550 0.8904 -0.0118
vn 0.5219 0.8502 -0.0700
vn 0.3727 0.9021 -0.2175
vn 0.9237 -0.3814 -0.0373
vn 0.9157 0.4014 -0.0205
vn -0.0183 -0.9992 0.0343
vn 0.1913 -0.9756 -0.1078
vn 0.3544 -0.9348 -0.0229
vn -0.0388 -0.9965 -0.0745
vn -0.0740 -0.9936 0.0855
vn 0.1875 -0.9787 -0.0833
vn -0.1459 0.9804 0.1324
vn 0.3766 0.9176 -0.1271
vn -0.0577 0.9658 -0.2529
vn -0.7278 0.6585 -0.1916
vn -0.1815 0.5163 0.8369
vn 0.2875 0.9526 0.0994
vn 0.6165 0.3021 0.7271
vn 0.3334 0.0813 0.9393
vn 0.0324 0.0908 0.9953
vn 0.1639 0.1609 0.9733
vn -0.4842 0.1713 0.8581
vn 0.2266 -0.9121 0.3415
vn 0.3359 -0.9242 0.1819
vn 0.7643 -0.5311 0.3657
vn 0.5316 -0.4485 0.7185
vn -0.2666 -0.8648 0.4256
vn -0.2142 -0.9768 0.0055
vn 0.0021 -0.2093 0.9778
vn -0.9689 -0.2375 0.0692
vn -0.8705 0.3251 0.3695
vn -0.8677 0.4935 -0.0589
vn -0.9604 -0.2514 -0.1204
vn -0.7251 -0.6229 0.2936
vn -0.6151 0.0489 0.7869
vn -0.5790 -0.8109 -0.0843
vn -0.5258 0.8112 0.2558
vn -0.4857 0.8714 0.0689
vn -0.1280 0.7675 0.6281
vn 0.0838 0.9652 0.2479
vn 0.7440 0.2273 0.6284
vn 0.3943 0.5533 0.7338
vn 0.8446 0.2501 0.4733
vn 0.4775 0.8010 0.3611
vn -0.9035 0.3250 -0.2795
vn -0.8403 -0.2154 -0.4975
vn -0.5824 0.0246 0.8125
vn -0.4519 0.3418 0.8240
vn 0.4340 0.8583 0.2737
vn -0.1976 0.7554 -0.6247
vn -0.1457 0.5085 -0.8486
vn 0.8777 0.3181 0.3584
vn 0.5344 0.5681 0.6259
vn 0.5538 0.3944 0.7333
vn 0.8285 0.2412 0.5053
vn 0.9087 0.1298 0.3968
vn 0.6897 0.5532 0.4672
vn 0.9567 0.1268 0.2619
vn 0.9887 0.1284 0.0771
vn 0.9368 -0.1488 0.3166
vn 0.5634 0.6725 -0.4799
vn 0.1637 0.9237 0.3462
vn 0.6052 0.2620 0.7517
vn 0.9562 0.1972 -0.2161
vn -0.0955 0.3051 -0.9475
vn 0.1233 0.6421 -0.7566
vn 0.1154 0.4054 0.9068
vn 0.1204 0.2629 0.9573
vn 0.3397 0.2381 0.9099
vn -0.4607 0.5064 -0.7289
vn 0.5937 0.7471 0.2989
vn 0.7215 0.6223 0.3038
vn 0.6093 0.7146 0.3437
vn 0.4062 0.8155 0.4122
vn 0.3299 0.7600 0.5600
vn 0.3633 0.6815 0.6353
vn 0.1606 0.8023 0.5749
vn -0.0244 0.7598 0.6497
vn -0.1169 0.9197 0.3747
vn 0.7804 0.4729 0.4090
vn 0.3952 0.9121 0.1092
vn 0.5422 0.5043 0.6721
vn 0.2526 0.7213 0.6450
vn 0.3479 0.8021 0.4853
vn 0.1250 0.9761 0.1779
vn 0.2835 0.8172 -0.5018
vn 0.7532 0.6482 -0.1115
vn 0.9535 -0.1773 0.2435
vn 0.6007 0.4419 0.6662
vn 0.4812 0.4855 0.7299
vn 0.0464 0.6392 0.7676
vn 0.3092 0.8618 0.4020
vn 0.0722 0.6225 0.7792
vn 0.1412 0.9058 0.3995
vn 0.2140 0.9196 0.3294
vn -0.2446 0.6421 0.7265
vn -0.3579 0.7117 0.6045
vn -0.2700 0.7719 0.5755
vn -0.2685 0.6113 0.7444
vn 0.1010 0.7805 0.6170
vn -0.3254 0.2751 0.9047
vn -0.2922 0.1095 0.9501
vn -0.2238 0.0063 0.9746
vn -0.1577 0.6591 0.7353
vn 0.0280 0.9545 0.2968
vn -0.5442 0.0062 0.8389
vn -0.2501 -0.2403 0.9379
vn -0.3226 -0.4131 0.8517
vn -0.8455 0.0390 0.5325
vn -0.8618 0.1191 0.4930
vn -0.5867 0.1785 0.7899
vn 0.0783 0.0066 0.9969
vn -0.0652 0.0111 0.9978
vn 0.1569 0.0256 0.9873
vn 0.4798 0.3286 0.8136
vn 0.6374 -0.6155 0.4635
vn -0.7104 0.0976 0.6970
vn 0.8823 0.3373 -0.3284
vn 0.8206 -0.5565 -0.1300
vn -0.3430 0.4362 0.8319
vn -0.6592 0.6418 -0.3919
vn 0.1215 0.1638 0.9790
vn -0.2096 -0.1501 0.9662
vn -0.2425 -0.1037 0.9646
vn 0.0807 -0.0787 0.9936
vn -0.9415 -0.0687 0.3300
vn -0.8326 -0.0614 0.5505
vn -0.8284 -0.3288 0.4534
vn -0.8977 -0.2834 0.3374
vn -0.8967 -0.3462 0.2759
vn -0.9871 -0.1596 0.0148
vn -0.9222 0.1001 0.3735
vn -0.9457 0.1347 0.2958
vn -0.3063 0.0403 0.9511
vn -0.5654 -0.2702 0.7793
vn -0.7409 -0.2851 0.6081
vn 0.0225 -0.0630 0.9978
vn -0.5238 0.0423 0.8508
vn 0.0924 -0.2044 -0.9745
vn 0.9026 -0.4213 0.0881
vn 0.9763 -0.1753 0.1269
vn 0.8431 -0.2286 -0.4867
vn -0.7912 -0.2565 -0.5551
vn 0.2155 -0.9729 0.0838
vn 0.9473 -0.0800 -0.3103
vn 0.8540 0.0220 -0.5198
vn 0.8520 -0.4215 0.3106
vn 0.9576 -0.2763 0.0817
vn 0.9984 0.0160 0.0538
vn 0.9998 0.0182 0.0045
vn 0.9978 -0.0624 0.0218
vn 0.4127 -0.3279 0.8498
vn 0.2308 -0.1781 0.9566
vn 0.6087 0.3055 0.7322
vn 0.8518 -0.1661 0.4969
vn 0.9402 0.1013 0.3252
vn 0.8965 -0.0443 0.4408
vn 0.9993 -0.0375 -0.0088
vn 0.9322 -0.1894 0.3084
vn 0.9887 0.0619 0.1368
vn 0.8665 -0.0563 0.4961
vn 0.2427 -0.9643 -0.1061
vn -0.7840 -0.2592 0.5640
vn 0.8429 -0.2950 0.4499
vn 0.8365 -0.1657 0.5223
vn 0.1217 -0.1108 0.9864
vn 0.0051 -0.0695 0.9976
vn 0.0369 -0.0595 0.9975
vn 0.3073 0.0669 0.9492
vn -0.0149 -0.1073 0.9941
vn 0.0590 0.0271 0.9979
vn 0.5530 0.0205 0.8329
vn 0.0423 -0.0599 0.9973
vn 0.9542 0.0310 0.2975
vn 0.8379 -0.5441 -0.0442
vn 0.7609 -0.6469 -0.0504
vn 0.9974 0.0692 0.0199
vn 0.6231 0.7773 -0.0869
vn 0.9178 0.3522 0.1835
vn 0.7176 0.1679 0.6760
vn 0.7130 0.1397 0.6871
vn 0.6841 0.1871 0.7050
vn 0.9914 0.0477 0.1217
vn 0.9345 -0.1983 -0.2955
vn 0.1183 0.9904 0.0720
vn 0.4849 0.6245 0.6123
vn 0.9222 -0.0330 -0.3852
vn 0.8057 0.3957 0.4408
vn 0.3505 -0.9347 0.0586
vn 0.0716 -0.8876 -0.4549
vn 0.0228 -0.9953 0.0942
vn 0.0099 -0.9898 0.1419
vn 0.3508 0.0548 0.9348
vn 0.4194 0.8819 0.2152
vn 0.6174 0.0598 -0.7843
vn 0.0383 -0.6659 0.7450
vn -0.0523 -0.0988 0.9937
vn 0.0449 -0.9495 0.3104
vn 0.6052 -0.7057 -0.3685
vn 0.4251 -0.9051 -0.0038
vn -0.5532 -0.6150 -0.5619
vn -0.0511 -0.4436 -0.8948
vn 0.7743 -0.4542 -0.4407
vn 0.8389 -0.5205 0.1591
vn 0.0712 -0.1848 -0.9802
vn -0.6328 -0.0034 -0.7743
vn 0.9272 0.2834 0.2449
vn -0.0395 -0.0784 -0.9961
vn 0.0939 -0.1116 -0.9893
vn -0.3530 0.0451 -0.9345
vn -0.3541 0.0201 -0.9350
vn -0.2814 -0.0693 -0.9571
vn -0.0488 -0.5576 -0.8287
vn 0.3487 -0.4772 -0.8067
vn -0.3006 0.1021 -0.9483
vn -0.0739 0.1535 -0.9854
vn 0.6153 -0.3775 -0.6921
vn -0.3016 0.1907 -0.9342
vn -0.2443 -0.8355 -0.4923
vn 0.0702 -0.9418 -0.3289
vn 0.2716 -0.9384 -0.2137
vn -0.2046 -0.8701 -0.4483
vn 0.0466 -0.9576 -0.2843
vn -0.6923 -0.6920 -0.2047
vn -0.0701 -0.8843 -0.4616
vn -0.2974 -0.8029 -0.5166
vn -0.1157 -0.6790 0.7250
vn -0.0898 -0.9810 0.1720
vn 0.0017 -0.9238 -0.3829
vn 0.1962 0.4126 -0.8896
vn -0.1819 0.2310 -0.9558
vn -0.2067 0.8099 -0.5489
vn -0.9926 -0.0254 0.1189
vn -0.9045 -0.0456 0.4241
vn -0.0316 0.4136 0.9099
vn -0.0560 -0.2430 0.9684
vn -0.0213 0.9579 0.2862
vn 0.0268 0.9793 0.2004
vn 0.1763 0.9213 0.3466
vn 0.2642 0.8880 0.3764
vn -0.0561 0.9960 0.0689
vn -0.2558 0.9323 -0.2558
vn 0.0474 0.9752 -0.2163
vn 0.4049 0.9101 0.0881
vn 0.3322 0.9085 0.2537
vn 0.7486 0.5527 0.3663
vn 0.7679 0.6406 0.0022
vn 0.4071 0.6551 -0.6365
vn -0.0339 0.9342 -0.3553
vn -0.1581 0.9869 -0.0313
vn 0.7892 0.1693 -0.5903
vn 0.9899 0.0954 -0.1044
vn 0.4538 -0.1864 -0.8714
vn -0.1217 0.3433 -0.9313
vn 0.7910 -0.5061 -0.3438
vn -0.6524 0.3571 -0.6685
vn -0.7614 0.3433 -0.5499
vn -0.6155 0.6389 -0.4615
vn -0.5399 0.5046 -0.6737
vn -0.3007 0.1236 -0.9457
vn -0.5602 -0.1348 -0.8173
vn -0.8008 -0.2589 -0.5400
vn 0.5470 0.8301 -0.1086
vn 0.4317 0.7646 0.4786
vn 0.7909 0.3421 0.5073
vn 0.8661 0.4891 -0.1035
vn 0.4802 0.8382 -0.2586
vn 0.7209 0.4120 -0.5572
vn 0.1045 -0.9897 -0.0973
vn 0.4169 -0.9052 -0.0831
vn 0.3874 -0.9161 0.1038
vn 0.0585 -0.9877 -0.1450
vn -0.1643 -0.9582 -0.2340
vn 0.1022 -0.9633 -0.2481
vn 0.4220 -0.8051 -0.4168
vn 0.5248 -0.8118 0.2560
vn 0.4566 -0.8171 0.3520
vn 0.7586 -0.6491 -0.0561
vn 0.7455 -0.6589 -0.1006
vn 0.5326 -0.5935 0.6034
vn 0.2239 -0.6597 0.7174
vn 0.8649 -0.3589 0.3509
vn 0.9763 0.0479 -0.2111
vn 0.9825 -0.1067 0.1524
vn 0.8409 -0.0711 -0.5364
vn 0.8179 -0.4360 -0.3754
vn 0.2852 0.0861 0.9546
vn 0.3707 0.4020 0.8372
vn 0.0608 0.0363 0.9975
vn 0.4222 -0.2026 0.8836
vn 0.6825 0.0513 0.7290
vn 0.1077 -0.3002 0.9478
vn -0.0638 -0.0497 0.9967
vn 0.8319 -0.5441 -0.1091
vn 0.9799 -0.1650 -0.1122
vn 0.9439 -0.3133 0.1047
vn 0.8929 -0.3280 -0.3083
vn 0.4973 0.8615 -0.1022
vn 0.8743 0.4620 -0.1485
vn 0.5618 0.8264 -0.0390
vn 0.5975 0.7924 0.1227
vn 0.3343 0.9423 -0.0186
vn 0.8201 0.5070 0.2653
vn 0.4633 0.8821 0.0849
vn 0.5426 0.8389 -0.0421
vn 0.5022 0.6772 -0.5377
vn 0.5002 0.8203 -0.2774
vn 0.2923 0.5294 -0.7964
vn 0.5964 0.8004 0.0605
vn 0.4876 0.8694 0.0793
vn 0.3961 0.8505 -0.3461
vn 0.1628 0.3120 -0.9360
vn 0.7329 -0.6797 0.0294
vn 0.7465 -0.6020 0.2834
vn 0.9053 -0.2344 0.3542
vn 0.8385 -0.0437 0.5432
vn 0.6289 0.1647 0.7599
vn 0.8396 -0.2803 0.4653
vn 0.6026 -0.7977 -0.0253
vn 0.7715 0.0857 -0.6305
vn 0.9364 -0.2168 -0.2758
vn 0.9139 -0.2168 0.3431
vn 0.6307 -0.7033 0.3280
vn 0.3412 -0.8466 0.4084
vn 0.0029 -0.4443 0.8959
vn -0.0065 -0.8620 0.5069
vn 0.3837 -0.8232 0.4185
vn 0.8765 -0.4731 0.0890
vn 0.7491 -0.6374 -0.1803
vn 0.5726 -0.8018 0.1710
vn -0.0778 -0.5483 0.8326
vn 0.7251 -0.6439 -0.2441
vn 0.7875 0.6160 -0.0211
vn -0.0775 0.8193 0.5681
vn -0.1914 0.4825 0.8547
vn 0.2224 0.4200 0.8799
vn 0.3091 0.8491 0.4284
vn 0.1229 0.9668 -0.2239
vn -0.2697 0.9452 0.1842
vn -0.5401 0.5972 0.5930
vn -0.7997 0.5518 0.2366
vn -0.6390 0.7301 -0.2421
vn -0.9087 0.3817 0.1692
vn -0.5928 0.4395 0.6749
vn -0.8700 0.3407 -0.3564
vn 0.6600 0.7499 0.0452
vn 0.2945 0.9554 0.0238
vn 0.5639 0.8238 0.0589
vn 0.3076 0.9419 -0.1348
vn -0.3017 -0.4212 -0.8553
vn -0.1476 -0.2230 -0.9636
vn -0.1582 -0.1410 -0.9773
vn -0.6785 -0.0334 -0.7338
vn -0.9213 0.0254 -0.3880
vn -0.7091 -0.6256 -0.3253
vn 0.0754 -0.1844 -0.9799
vn -0.1085 -0.0152 -0.9940
vn 0.4562 -0.8899 0.0035
vn 0.6608 -0.4576 -0.5950
vn 0.3944 -0.9089 0.1355
vn 0.2695 0.1147 -0.9561
vn 0.6573 -0.1383 -0.7409
vn 0.6697 0.4720 -0.5734
vn -0.1925 0.7026 -0.6850
vn -0.6876 0.3634 -0.6286
vn -0.3566 0.1490 -0.9223
vn -0.1690 0.0319 -0.9851
vn -0.0508 0.1511 -0.9872
vn 0.9342 -0.3567 -0.0093
vn 0.6842 -0.1794 -0.7069
vn 0.6456 -0.2915 -0.7058
vn 0.7647 -0.3907 0.5124
vn 0.3392 0.3902 -0.8560
vn 0.7003 0.4761 -0.5319
vn 0.7112 -0.1597 -0.6846
vn 0.1313 -0.0245 -0.9910
vn -0.5124 0.2560 -0.8197
vn -0.0282 0.7277 -0.6853
vn 0.4772 0.8249 -0.3029
vn 0.6350 0.1923 -0.7482
vn 0.5992 0.7192 -0.3517
vn 0.3750 0.9084 -0.1845
vn 0.5955 0.7588 -0.2638
vn 0.3900 0.6924 -0.6070
vn 0.1759 0.3887 -0.9044
vn 0.4704 0.7607 -0.4472
vn 0.1661 0.4075 -0.8980
vn 0.9855 0.0748 -0.1524
vn 0.9064 -0.4172 0.0659
vn 0.9287 -0.3620 0.0807
vn 0.9437 -0.0913 -0.3179
vn 0.8077 0.2899 -0.5133
vn 0.9314 0.3628 0.0278
vn 0.8612 -0.4670 0.2007
vn 0.9455 -0.2841 0.1594
vn 0.8772 -0.4280 0.2174
vn 0.8762 -0.1474 0.4588
vn 0.7969 0.5986 -0.0815
vn 0.3325 0.9108 -0.2445
vn 0.5231 0.5000 -0.6901
vn 0.1889 0.5695 -0.8000
vn 0.8961 -0.1032 0.4316
vn 0.8768 -0.4735 -0.0837
vn 0.5659 -0.3426 -0.7499
vn 0.0720 -0.0592 -0.9956
vn 0.0622 -0.4114 -0.9093
vn 0.5157 -0.6614 -0.5446
vn 0.5412 -0.4256 -0.7253
vn 0.1962 -0.3218 -0.9262
vn 0.0216 0.7154 -0.6984
vn 0.5028 -0.1346 -0.8538
vn -0.3466 -0.4696 -0.8120
vn -0.7271 0.5794 -0.3682
vn 0.1530 0.9205 -0.3594
vn 0.6646 0.0232 -0.7469
vn -0.5605 0.8212 0.1072
vn -0.0935 -0.5666 -0.8187
vn -0.1791 0.7507 -0.6359
vn 0.3594 0.3216 -0.8760
vn 0.0138 0.3524 -0.9357
vn 0.0748 0.1429 -0.9869
vn -0.0379 -0.1962 -0.9798
vn -0.9194 0.3568 -0.1658
vn 0.0480 0.9757 0.2138
vn 0.6212 0.4132 -0.6659
vn -0.3120 -0.0865 -0.9461
vn -0.9795 -0.1363 0.1481
vn 0.0734 0.6477 0.7583
vn -0.0782 -0.6375 -0.7664
vn 0.9657 0.0643 -0.2516
vn -0.1958 -0.0961 -0.9759
vn -0.5055 0.8399 -0.1978
vn 0.5439 0.8168 0.1925
vn 0.8462 0.0686 -0.5285
vn 0.8471 0.3212 -0.4234
vn -0.2221 -0.5056 -0.8337
vn -0.9362 0.3035 0.1776
vn 0.1999 0.7349 0.6481
vn 0.2795 0.3314 -0.9011
vn 0.7376 0.2014 -0.6445
vn 0.5952 0.2311 -0.7696
vn 0.1107 0.6631 -0.7403
vn -0.0245 0.7414 -0.6706
vn -0.4551 0.7026 -0.5470
vn 0.6561 0.4341 -0.6173
vn 0.5825 0.0234 -0.8125
vn 0.3844 0.2291 -0.8943
vn 0.3512 -0.0862 -0.9323
vn 0.5747 -0.2856 -0.7669
vn 0.6213 0.0679 -0.7806
vn 0.3289 0.6166 -0.7153
vn 0.2403 0.5768 -0.7807
vn -0.0170 0.2341 -0.9721
vn -0.1064 0.0602 -0.9925
vn 0.0825 0.4472 -0.8906
vn 0.0638 0.3506 -0.9343
vn 0.0912 0.9335 -0.3468
vn 0.4210 0.6648 -0.6170
vn -0.7108 0.2698 -0.6496
vn 0.0095 -0.6307 -0.7759
vn -0.1956 -0.2840 -0.9387
vn 0.1803 -0.2456 -0.9525
vn 0.2038 -0.5614 -0.8021
vn 0.0187 -0.6916 -0.7220
vn 0.3064 -0.7983 -0.5185
vn 0.9131 0.3935 0.1065
vn 0.7114 0.6988 -0.0745
vn 0.9008 0.1538 -0.4061
vn 0.7704 -0.0680 -0.6339
vn 0.0103 0.2788 0.9603
vn 0.3531 0.9102 0.2165
vn -0.2188 -0.6503 0.7275
vn 0.7110 -0.4451 -0.5443
vn 0.6372 -0.0874 -0.7658
vn -0.0017 0.1254 -0.9921
vn 0.1418 0.5655 -0.8125
vn -0.0455 0.2845 -0.9576
vn 0.0169 -0.5975 -0.8017
vn -0.0894 -0.5495 -0.8307
vn -0.1523 -0.4050 -0.9015
vn -0.3319 0.2696 -0.9040
vn 0.6352 -0.0700 -0.7691
vn -0.5023 -0.2306 -0.8334
vn -0.7475 -0.2252 -0.6249
vn 0.0482 0.9944 0.0936
vn 0.3737 0.3037 0.8764
vn 0.8270 0.0331 0.5613
vn 0.4054 0.9130 -0.0461
vn -0.0085 0.9861 -0.1657
vn -0.0627 0.9968 0.0501
vn 0.1406 0.5861 0.7979
vn 0.8228 0.0560 -0.5656
vn 0.3977 0.3376 -0.8531
vn 0.5062 -0.8621 0.0232
vn 0.2141 -0.9280 -0.3050
vn 0.0903 -0.9140 0.3955
vn 0.5363 0.7934 -0.2880
vn 0.9976 0.0169 -0.0665
vn 0.9778 0.1648 0.1296
vn 0.4528 0.8916 -0.0057
vn 0.3633 0.9292 -0.0678
vn 0.5296 0.8475 -0.0363
vn 0.9016 0.4263 0.0736
vn 0.9468 -0.1821 0.2654
vn -0.4251 0.8627 -0.2739
vn 0.0428 0.3693 -0.9283
vn -0.4556 0.8789 -0.1411
vn 0.4683 0.4355 -0.7688
vn 0.7429 0.6583 -0.1215
vn 0.0141 0.9846 -0.1740
vn -0.5064 0.5735 -0.6439
vn 0.7482 0.0773 -0.6589
vn 0.9961 -0.0400 -0.0792
vn 0.6647 0.0115 -0.7470
vn 0.7737 0.0792 -0.6286
vn 0.0148 -0.9021 -0.4313
vn -0.5630 -0.8263 -0.0158
vn -0.4171 -0.8867 0.1997
vn 0.1452 -0.7645 0.6280
vn 0.6158 -0.4673 0.6343
vn 0.8959 -0.3924 0.2083
vn 0.8364 -0.0226 0.5477
vn 0.7490 0.0640 0.6594
vn 0.7282 0.2044 0.6542
vn 0.7068 0.2898 -0.6453
vn 0.2588 0.8797 -0.3989
vn -0.7631 0.3902 -0.5152
vn 0.2267 0.6893 -0.6880
vn 0.3240 0.7062 0.6296
vn 0.7115 0.5429 0.4460
vn 0.6179 0.5646 0.5472
vn 0.0506 0.4630 0.8849
vn 0.1279 0.9916 -0.0180
vn 0.9286 0.2298 0.2913
vn 0.5822 0.1347 0.8018
vn 0.8417 0.1427 0.5208
vn 0.8796 -0.3704 0.2984
vn 0.5820 -0.3326 0.7421
vn 0.7100 -0.3727 0.5975
vn 0.9095 -0.3392 0.2402
vn 0.9270 0.2208 -0.3032
vn 0.7138 0.1774 -0.6775
vn 0.8572 -0.1152 0.5019
vn 0.5507 -0.2321 0.8018
vn 0.1158 0.0603 -0.9914
vn -0.6492 0.4869 -0.5843
vn -0.7249 0.2845 -0.6274
vn -0.0081 0.0360 -0.9993
vn 0.3602 0.4844 -0.7973
vn -0.4398 0.8954 -0.0689
vn 0.4162 -0.1020 -0.9035
vn 0.1793 -0.3274 -0.9277
vn 0.7803 -0.2166 -0.5867
vn 0.8643 -0.2021 -0.4607
vn 0.6953 -0.2201 -0.6842
vn 0.8968 -0.2218 0.3828
vn 0.5004 -0.2041 0.8414
vn 0.3870 -0.1825 0.9038
vn 0.8549 -0.1586 0.4939
vn 0.9195 -0.2650 0.2903
vn -0.5032 0.6699 -0.5460
vn 0.9609 -0.1313 -0.2439
vn 0.5066 -0.1370 -0.8512
vn 0.9093 -0.2156 -0.3561
vn -0.0148 0.4185 -0.9081
vn 0.5584 0.7777 -0.2887
vn 0.7127 0.6862 -0.1454
vn 0.0383 0.9945 -0.0970
vn 0.4668 0.7780 -0.4204
vn 0.7733 0.6174 0.1444
vn 0.7966 0.5864 0.1468
vn 0.6404 0.7559 -0.1363
vn 0.8628 -0.0260 -0.5048
vn 0.9940 0.0366 0.1033
vn -0.7186 0.1814 -0.6713
vn -0.5047 0.2914 -0.8126
vn -0.9095 0.1342 -0.3934
vn -0.5967 0.4688 -0.6513
vn -0.6797 0.4627 -0.5692
vn -0.4749 0.3865 -0.7906
vn 0.9496 -0.2983 0.0968
vn 0.9542 0.2840 0.0940
vn 0.8340 -0.4411 0.3314
vn 0.8842 -0.4633 0.0601
vn 0.7823 0.0987 -0.6151
vn 0.6260 0.0114 -0.7797
vn 0.9792 -0.1905 0.0700
vn 0.4852 0.1332 -0.8642
vn -0.4342 -0.8959 0.0937
vn 0.0807 -0.8632 0.4984
vn -0.5953 -0.8035 0.0080
vn 0.0573 0.2292 -0.9717
vn -0.4264 0.3757 -0.8228
vn -0.3844 0.4158 -0.8242
vn -0.4699 -0.8782 -0.0893
vn 0.0210 -0.9275 -0.3732
vn -0.3619 -0.9120 -0.1932
vn -0.5230 -0.8415 -0.1355
vn -0.6179 -0.7806 0.0939
vn -0.5953 -0.8031 0.0246
vn -0.3394 -0.9406 -0.0039
vn -0.4663 -0.7686 -0.4379
vn -0.6270 -0.2484 -0.7384
vn -0.7929 -0.3193 -0.5189
vn -0.3136 -0.9495 -0.0123
vn 0.8253 -0.4229 0.3742
vn 0.7626 -0.5942 0.2555
vn -0.5443 -0.6445 -0.5370
vn -0.4504 -0.2728 -0.8501
vn -0.7045 -0.3818 -0.5982
vn -0.1027 0.9933 0.0530
vn -0.3515 0.9350 0.0462
vn -0.2538 0.9092 0.3299
vn -0.0942 0.9690 0.2283
vn 0.0218 0.9829 0.1827
vn -0.3829 0.9038 0.1911
vn -0.1337 0.9867 0.0926
vn -0.6211 0.6871 0.3771
vn -0.8350 0.3993 0.3785
vn -0.5615 0.7790 0.2790
vn 0.1356 0.9087 0.3949
vn 0.1862 0.8300 0.5257
vn -0.4805 0.8748 0.0612
vn -0.0923 0.7887 0.6078
vn -0.5363 0.5527 0.6379
vn -0.6569 0.1301 0.7426
vn -0.7363 -0.0828 0.6716
vn -0.9309 0.1291 0.3417
vn -0.9823 0.1138 -0.1488
vn -0.9477 0.2383 -0.2122
vn -0.7398 0.6067 -0.2908
vn 0.6417 -0.7644 0.0629
vn 0.3860 -0.9224 -0.0118
vn 0.3660 -0.8565 0.3638
vn 0.7789 -0.5982 0.1884
vn 0.6237 -0.7796 0.0565
vn 0.6743 -0.7199 -0.1647
vn 0.5366 -0.8438 -0.0109
vn -0.6579 -0.7388 -0.1462
vn -0.4427 -0.8166 0.3703
vn -0.1892 -0.7381 0.6476
vn -0.1103 0.2869 0.9516
vn 0.4330 0.1600 0.8871
vn 0.3915 -0.1321 0.9106
vn 0.0483 -0.0545 0.9973
vn -0.0923 -0.0492 0.9945
vn -0.3881 -0.0236 0.9213
vn -0.2622 0.9153 0.3057
vn 0.9332 -0.3380 0.1218
vn 0.7701 -0.2303 0.5949
vn 0.8293 0.0616 0.5554
vn 0.8029 -0.4028 -0.4394
vn 0.7713 0.5260 0.3583
vn -0.2938 0.2339 0.9268
vn -0.3457 0.1668 0.9234
vn 0.0875 0.5765 0.8124
vn 0.1939 0.5817 0.7900
vn 0.2528 0.1816 0.9503
vn 0.0442 -0.3646 0.9301
vn -0.4499 -0.2687 0.8517
vn -0.5929 -0.2393 0.7689
vn 0.5689 0.7451 0.3482
vn 0.8097 0.5862 -0.0256
vn 0.7978 0.5524 0.2415
vn 0.4775 0.6550 -0.5856
vn 0.2618 -0.0993 -0.9600
vn 0.4727 0.8603 0.1908
vn 0.8469 0.5298 0.0460
vn 0.6983 0.5313 0.4797
vn -0.0228 0.0336 0.9992
vn 0.3731 0.8302 0.4143
vn 0.8356 0.2954 -0.4631
vn 0.2521 -0.4575 -0.8528
vn -0.0947 -0.8335 -0.5443
vn -0.2881 -0.8454 0.4497
vn 0.7023 0.0117 -0.7118
vn 0.7302 0.5560 -0.3970
vn 0.4973 0.6873 -0.5294
vn 0.5899 0.6662 0.4564
vn 0.8578 -0.3841 -0.3415
vn 0.2568 -0.1290 -0.9578
vn 0.6602 -0.2436 0.7105
vn 0.1291 -0.9421 -0.3096
vn -0.0514 -0.8305 0.5546
vn -0.4312 -0.5794 -0.6917
vn -0.4997 0.5946 -0.6299
vn -0.8442 0.5114 -0.1606
vn -0.8738 -0.4824 -0.0606
vn 0.2389 -0.4043 -0.8829
vn 0.1813 0.3537 -0.9176
vn -0.2256 -0.9715 0.0727
vn -0.2483 -0.9520 -0.1792
vn 0.5731 -0.1932 -0.7964
vn 0.6224 0.0400 -0.7817
vn 0.3077 0.4568 -0.8346
vn -0.2317 0.7916 -0.5654
vn 0.6067 -0.1695 -0.7766
vn 0.6636 -0.0857 -0.7432
vn -0.0134 -0.8214 -0.5701
vn 0.1470 -0.8267 -0.5431
vn -0.2633 -0.9465 0.1868
vn -0.5166 -0.8493 0.1088
vn -0.0110 -0.2871 0.9578
vn -0.2061 -0.0522 0.9771
vn -0.8060 0.0965 0.5840
vn -0.5827 -0.5530 0.5955
vn -0.2821 -0.9430 0.1767
vn 0.3933 -0.6355 0.6644
vn 0.4499 -0.3067 0.8388
vn 0.2369 0.8662 -0.4400
vn 0.2266 0.9356 0.2709
vn 0.5447 0.7352 0.4035
vn 0.7516 0.4510 -0.4815
vn 0.3124 0.2680 -0.9114
vn -0.1905 0.7114 -0.6764
vn -0.3806 0.9102 0.1633
vn -0.9570 -0.2890 0.0240
vn -0.7949 -0.4822 -0.3683
vn -0.9914 0.0403 -0.1244
vn -0.8009 -0.0222 -0.5983
vn -0.0889 0.7933 0.6023
vn 0.5560 0.6932 -0.4586
vn 0.3106 0.9505 -0.0065
vn 0.4178 0.6337 -0.6511
vn 0.1909 0.6410 -0.7435
vn 0.2477 0.4851 -0.8386
vn 0.3691 0.7248 -0.5817
vn -0.1101 0.7098 -0.6958
vn 0.1094 0.7174 -0.6880
vn 0.1923 0.7770 -0.5994
vn 0.2596 0.8549 -0.4491
vn -0.1303 0.2462 -0.9604
vn -0.0111 0.0691 -0.9976
vn 0.4813 0.2534 -0.8391
vn 0.2509 0.4466 -0.8589
vn -0.2860 0.0481 -0.9570
vn -0.3056 0.0017 -0.9522
vn -0.2531 0.5888 -0.7676
vn 0.2175 0.4423 -0.8701
vn -0.0716 0.4293 -0.9003
vn 0.0593 0.9720 -0.2274
vn 0.1429 0.9261 -0.3492
vn -0.8241 0.3208 0.4668
vn -0.7444 0.3460 0.5711
vn -0.4250 0.9012 0.0854
vn -0.7241 0.6797 -0.1174
vn -0.9520 -0.1193 0.2820
vn -0.8147 -0.0422 0.5783
vn -0.8819 0.0981 -0.4612
vn -0.1222 -0.4022 -0.9074
vn -0.7354 -0.4298 -0.5239
vn -0.1291 0.1592 -0.9788
vn -0.1396 -0.2112 -0.9674
vn -0.7076 -0.3289 -0.6254
vn 0.3808 0.1481 -0.9127
vn -0.8381 -0.5453 -0.0166
vn -0.9540 -0.2936 -0.0615
vn -0.0597 0.7134 -0.6982
vn 0.9251 -0.3193 0.2055
vn 0.9988 0.0102 0.0484
vn 0.7209 0.1312 -0.6805
vn 0.6840 -0.3020 -0.6641
vn 0.6857 -0.2298 0.6907
vn 0.8024 -0.1929 0.5648
vn 0.8581 -0.1002 0.5036
vn 0.9664 -0.2571 -0.0019
vn 0.7146 -0.2548 -0.6514
vn 0.9400 -0.2948 -0.1714
vn 0.9709 -0.0797 0.2257
vn 0.9755 -0.0551 0.2128
vn 0.9289 0.3661 0.0561
vn 0.0452 0.6252 -0.7792
vn -0.0087 -0.9971 -0.0759
vn 0.8839 0.4085 0.2276
vn 0.8694 0.4878 0.0782
vn 0.8877 -0.1694 0.4282
vn -0.0805 0.3664 0.9270
vn 0.9408 0.0224 -0.3382
vn 0.8678 0.2972 -0.3982
vn 0.9459 0.3130 0.0851
vn 0.9689 -0.1498 0.1969
vn 0.9364 0.0210 -0.3504
vn 0.2622 -0.0023 -0.9650
vn 0.3328 -0.1109 -0.9365
vn 0.9175 -0.3866 -0.0932
vn 0.7521 0.0239 -0.6586
vn 0.2588 -0.1551 -0.9534
vn 0.6840 -0.5240 0.5074
vn 0.6398 -0.5410 0.5459
vn 0.8422 0.5116 -0.1700
vn 0.9752 0.0103 0.2210
vn 0.7156 -0.4788 0.5086
vn 0.4874 -0.8381 -0.2451
vn 0.5522 -0.6640 0.5042
vn -0.8268 -0.3211 -0.4618
vn -0.8806 -0.1267 -0.4565
vn -0.3464 0.0904 -0.9337
vn -0.2195 -0.3906 -0.8940
vn -0.6962 -0.7161 0.0500
vn -0.8833 -0.3533 0.3082
vn 0.1027 -0.8755 -0.4721
vn 0.3865 -0.0156 -0.9222
vn 0.4024 0.1861 -0.8964
vn 0.9542 0.0963 -0.2831
vn 0.8132 -0.2941 -0.5022
vn 0.3947 -0.8865 0.2416
vn 0.8387 -0.3983 0.3714
vn 0.3147 -0.3738 0.8725
vn -0.1895 -0.6813 0.7071
vn 0.3368 -0.3343 0.8802
vn -0.3811 -0.4343 0.8162
vn 0.8867 -0.1192 0.4467
vn -0.3507 -0.7326 -0.5834
vn -0.5463 -0.0122 -0.8375
vn 0.2168 0.1873 -0.9581
vn 0.4615 -0.5274 -0.7133
vn -0.3819 -0.8653 -0.3247
vn -0.8823 -0.1677 -0.4399
vn 0.3938 -0.8954 -0.2077
vn -0.3732 0.6968 -0.6125
vn -0.5890 0.6994 -0.4049
vn 0.3521 0.9030 -0.2463
vn 0.4418 0.6944 -0.5680
vn 0.9312 0.1358 -0.3383
vn 0.9328 -0.3441 -0.1074
vn 0.8988 0.4346 -0.0582
vn 0.9549 -0.2934 0.0466
vn 0.4255 -0.9048 0.0183
vn -0.0758 0.7409 -0.6673
vn 0.1536 0.8027 -0.5763
vn 0.4246 0.2742 -0.8629
vn 0.0082 0.8123 -0.5832
vn 0.7525 -0.0860 -0.6530
vn 0.7066 -0.1899 -0.6816
vn 0.2821 -0.0387 -0.9586
vn 0.3954 -0.5098 -0.7641
vn 0.1983 -0.5921 -0.7811
vn -0.1491 -0.8953 -0.4199
vn 0.5161 0.3460 -0.7836
vn 0.6415 0.7386 0.2071
vn 0.9429 0.0698 0.3257
vn 0.6599 -0.4448 -0.6055
vn 0.3612 -0.5489 0.7538
vn 0.1102 -0.9904 -0.0839
vn 0.0325 0.2865 0.9575
vn -0.0205 0.2792 0.9600
vn -0.2180 -0.5551 0.8027
vn -0.1076 -0.9706 -0.2152
vn 0.1474 -0.3914 -0.9083
vn -0.4192 -0.1336 0.8980
vn -0.3922 -0.2852 0.8746
vn -0.7053 0.0521 0.7070
vn -0.7675 0.4627 0.4438
vn 0.8265 -0.5591 -0.0659
vn 0.9059 -0.4021 -0.1327
vn 0.7925 -0.4319 0.4306
vn 0.6239 -0.7125 0.3211
vn 0.3399 -0.7551 -0.5607
vn 0.6549 -0.2821 -0.7011
vn -0.0765 -0.9779 -0.1943
vn -0.5445 -0.0307 -0.8382
vn 0.0591 -0.1203 -0.9910
vn -0.1599 -0.3752 -0.9130
vn -0.5981 -0.4728 -0.6471
vn 0.3983 0.4648 0.7908
vn 0.4182 0.6314 0.6530
vn -0.0546 0.4216 0.9052
vn 0.0792 0.1699 0.9823
vn 0.8064 0.3117 0.5025
vn 0.7988 0.5612 0.2167
vn 0.5101 -0.1655 0.8441
vn 0.6203 -0.4333 -0.6539
vn 0.6339 -0.7594 0.1467
vn -0.4755 -0.8690 -0.1371
vn -0.1764 -0.4385 -0.8812
vn -0.1659 -0.0381 -0.9854
vn 0.7573 0.0025 -0.6531
vn 0.9484 -0.0294 0.3157
vn 0.3405 -0.4375 0.8322
vn 0.2136 -0.0735 0.9742
vn -0.7477 -0.1573 0.6452
vn -0.5385 -0.4966 0.6807
vn -0.9224 -0.1680 -0.3478
vn 0.5593 -0.8219 -0.1080
vn 0.8184 -0.4827 -0.3118
vn 0.8596 -0.4168 0.2956
vn 0.3908 -0.8365 0.3841
vn 0.5474 -0.8020 -0.2390
vn 0.7117 -0.3670 -0.5990
vn 0.1879 -0.9562 0.2245
vn 0.6179 -0.4512 -0.6439
vn 0.7867 -0.0032 -0.6173
vn 0.8045 -0.1411 -0.5769
vn 0.5681 -0.5456 -0.6161
vn 0.3053 -0.7565 -0.5784
vn 0.5067 -0.4481 -0.7365
vn -0.9151 0.2162 0.3405
vn -0.7525 -0.0287 0.6579
vn -0.6513 -0.0944 0.7530
vn -0.7063 -0.0810 0.7033
vn -0.7666 -0.4693 0.4383
vn -0.7773 0.5289 0.3406
vn -0.7146 0.0628 0.6967
vn -0.6126 0.7834 -0.1052
vn 0.8831 -0.1551 -0.4428
vn 0.6611 -0.7395 0.1269
vn 0.9998 0.0103 -0.0186
vn 0.8488 0.0279 -0.5280
vn 0.8299 -0.0648 0.5541
vn -0.1972 -0.1712 -0.9653
vn -0.6704 -0.2894 -0.6832
vn -0.2301 -0.5618 -0.7946
vn 0.4181 -0.3854 -0.8226
vn 0.4371 -0.0186 -0.8992
vn -0.1644 0.0746 -0.9836
vn -0.6593 0.0711 -0.7485
vn 0.4022 0.0367 -0.9148
vn 0.9259 -0.0506 0.3745
vn 0.9815 0.0783 -0.1745
vn 0.9971 0.0725 0.0225
vn 0.8567 0.0910 0.5077
vn 0.8901 -0.0941 0.4460
vn 0.9696 -0.2016 -0.1384
vn -0.8548 -0.4616 0.2371
vn -0.7260 -0.6819 0.0897
vn -0.2468 -0.6115 -0.7517
vn -0.7575 -0.6233 -0.1940
vn -0.8351 0.0229 -0.5497
vn -0.2876 -0.4165 -0.8625
vn 0.5308 -0.7845 -0.3206
vn 0.2646 -0.8675 0.4211
vn 0.6750 -0.7340 -0.0757
vn 0.7253 -0.3055 0.6169
vn 0.3315 -0.2574 0.9077
vn -0.0681 -0.5611 0.8249
vn 0.4933 -0.7672 0.4099
vn -0.7388 -0.2973 0.6048
vn -0.3472 -0.1392 0.9274
vn 0.3285 -0.1399 0.9341
vn 0.8794 -0.2956 0.3732
vn 0.9503 -0.2531 0.1812
vn 0.6527 -0.1819 0.7354
vn 0.7241 -0.0926 0.6835
vn 0.0145 -0.2781 0.9604
vn 0.4376 -0.1632 0.8842
vn 0.3631 -0.3169 -0.8762
vn -0.7141 -0.1673 -0.6797
vn 0.9709 -0.2272 -0.0760
vn -0.9541 0.0584 0.2937
vn -0.8130 0.0421 0.5807
vn 0.4884 -0.3272 0.8090
vn 0.6027 -0.0458 0.7966
vn -0.4714 0.0926 0.8771
vn -0.4661 -0.2694 0.8427
vn 0.5220 -0.8460 0.1085
vn -0.5955 -0.7781 0.1997
vn -0.1515 -0.4662 0.8716
vn -0.0070 -0.1008 0.9949
vn -0.9106 -0.2649 0.3174
vn -0.9518 0.1063 0.2878
vn -0.6133 -0.4960 -0.6148
vn -0.9917 0.0204 0.1268
vn 0.3279 -0.6185 -0.7141
vn 0.5657 -0.6778 0.4696
vn 0.5582 0.0548 0.8279
vn -0.0201 -0.0553 0.9983
vn 0.2586 -0.8862 0.3844
vn 0.8944 0.1456 0.4228
vn 0.3888 0.0394 0.9205
vn 0.3077 -0.5701 0.7618
vn 0.9477 -0.1440 0.2849
vn 0.4947 0.5237 -0.6935
vn 0.9044 0.0399 -0.4249
vn 0.4839 0.5850 0.6509
vn -0.1938 0.4872 -0.8515
vn -0.0413 -0.4565 -0.8887
vn 0.1054 -0.9931 0.0508
vn 0.9540 -0.2911 0.0712
vn 0.6352 0.6641 0.3943
vn 0.9107 0.1312 -0.3918
vn 0.7363 0.5274 0.4239
vn 0.1287 -0.6105 0.7815
vn 0.8376 -0.3025 0.4548
vn 0.7787 0.3000 -0.5510
vn -0.1375 0.2839 -0.9489
vn -0.0077 -0.1483 -0.9889
vn 0.9542 -0.1008 -0.2816
vn 0.7059 0.4227 0.5683
vn 0.1494 -0.5258 -0.8374
vn 0.6728 -0.5402 -0.5055
vn 0.7163 -0.1604 -0.6791
vn 0.7274 0.6685 0.1547
vn 0.8881 -0.4515 -0.0859
vn 0.1099 -0.8719 -0.4772
vn -0.0170 -0.4250 -0.9050
vn 0.2351 -0.9706 0.0521
vn 0.7855 0.1269 0.6057
vn 0.0033 0.2496 0.9683
vn -0.2238 0.9408 0.2546
vn -0.2542 0.8848 -0.3905
vn 0.4555 0.8139 -0.3607
vn 0.7797 0.1992 -0.5936
vn 0.9466 -0.2849 0.1507
vn 0.3258 0.8535 0.4067
vn -0.1617 0.9295 0.3315
vn 0.0227 0.7228 0.6907
vn 0.4195 0.7856 0.4548
vn 0.3551 0.9014 0.2479
vn 0.3885 0.9199 -0.0535
vn -0.1482 0.9573 -0.2482
vn 0.2413 0.9583 0.1531
vn 0.2099 0.9347 0.2869
vn 0.3428 0.9169 0.2046
vn 0.2391 0.9379 0.2514
vn 0.5017 0.6059 0.6174
vn 0.3162 0.7180 0.6201
vn 0.1906 0.9615 0.1978
vn 0.0645 0.9965 0.0536
vn 0.0830 0.9935 0.0776
vn 0.2602 0.8691 -0.4207
vn 0.4317 0.9020 -0.0059
vn 0.0505 0.9896 -0.1348
vn 0.2487 0.9686 0.0068
vn 0.1997 0.8691 0.4525
vn -0.0496 0.9568 -0.2866
vn -0.2622 0.9594 -0.1042
vn 0.8993 -0.0929 0.4274
vn 0.4965 -0.0404 0.8671
vn 0.3773 -0.7461 0.5487
vn 0.8591 -0.5031 -0.0946
vn 0.9125 -0.0853 -0.4000
vn 0.9470 0.0845 0.3098
vn 0.5013 0.2440 0.8302
vn -0.7098 0.3889 0.5873
vn -0.8446 0.1790 0.5046
vn -0.9396 0.0931 -0.3293
vn -0.7727 0.2913 -0.5641
vn -0.2012 0.3312 0.9219
vn -0.0275 0.3208 0.9468
vn -0.1263 0.1532 0.9801
vn -0.1816 0.1268 0.9752
vn -0.6674 0.4414 0.5998
vn -0.7374 0.3131 0.5985
vn -0.8518 0.2714 -0.4480
vn -0.2238 0.0057 0.9746
vn -0.2019 0.3775 0.9038
vn -0.7625 0.3603 0.5374
vn -0.7258 -0.1302 0.6754
vn -0.0180 -0.4023 0.9153
vn 0.1008 0.2320 0.9675
vn -0.4182 -0.7480 0.5155
vn -0.7953 -0.6022 0.0701
vn -0.9162 0.2686 0.2974
vn -0.9164 0.2337 0.3250
vn -0.9153 -0.1456 -0.3756
vn -0.8513 -0.4988 -0.1624
vn -0.8838 0.0883 0.4595
vn -0.9144 -0.0010 -0.4049
vn -0.6602 -0.4761 0.5810
vn -0.8017 -0.3664 -0.4722
vn -0.9340 0.1330 0.3317
vn -0.8335 -0.0177 0.5523
vn -0.6120 -0.7554 -0.2341
vn -0.6479 -0.7550 0.1015
vn -0.8752 0.4645 0.1353
vn -0.8477 -0.1711 -0.5021
vn -0.5988 -0.5521 -0.5802
vn -0.1110 0.1188 -0.9867
vn 0.2942 -0.2494 -0.9226
vn 0.2601 -0.4283 -0.8654
vn 0.2827 -0.3911 -0.8759
vn 0.2835 -0.2785 -0.9176
vn 0.3377 -0.6129 -0.7143
vn 0.4479 -0.5224 -0.7256
vn 0.5924 -0.4890 -0.6403
vn 0.3753 -0.1630 -0.9125
vn 0.0733 -0.2148 -0.9739
vn 0.0289 -0.5799 -0.8142
vn 0.0855 -0.0117 -0.9963
vn -0.4966 0.1155 0.8603
vn -0.1665 0.1649 0.9721
vn -0.2192 0.4031 0.8885
vn -0.4969 0.3384 0.7991
vn -0.8017 0.2331 0.5503
vn -0.8239 0.2543 0.5065
vn -0.1881 -0.2209 0.9570
vn -0.0474 -0.1422 0.9887
vn 0.6646 -0.3407 0.6650
vn 0.4921 0.0539 0.8689
vn -0.1769 -0.3506 0.9197
vn 0.1053 -0.5641 0.8190
vn 0.5104 -0.8469 0.1493
vn 0.9653 -0.2611 -0.0023
vn 0.8884 0.4493 0.0939
vn -0.2258 -0.9664 -0.1227
vn -0.6322 0.2298 0.7399
vn 0.6319 -0.7313 0.2567
vn 0.5578 0.6785 0.4780
vn 0.4105 -0.8932 -0.1836
vn 0.3037 -0.9502 -0.0695
vn -0.0815 -0.9914 -0.1028
vn 0.0678 -0.9749 -0.2118
vn -0.4121 -0.1473 0.8992
vn -0.3574 0.4400 0.8238
vn -0.2380 0.7694 0.5928
vn -0.9227 0.1614 -0.3500
vn -0.5165 -0.5270 0.6749
vn -0.1630 0.9351 0.3145
vn -0.4312 0.5910 0.6818
vn -0.2850 0.7000 0.6548
vn -0.4028 0.8795 0.2536
vn -0.1695 0.9845 -0.0455
vn 0.1537 0.9840 -0.0903
vn 0.5461 -0.7926 0.2711
vn -0.0217 -0.9233 0.3835
vn -0.1140 -0.9161 -0.3843
vn 0.6130 -0.7379 -0.2824
vn 0.7018 -0.3891 0.5967
vn 0.0475 -0.4249 0.9040
vn 0.9793 -0.1901 -0.0691
vn 0.6095 0.6155 0.4997
vn 0.7013 0.0327 0.7121
vn 0.9616 0.2724 0.0340
vn 0.6125 0.7837 0.1035
vn -0.0708 0.8172 0.5720
vn -0.0005 -0.0313 0.9995
vn -0.1096 0.9847 0.1354
vn 0.4991 0.4458 0.7430
vn 0.5962 0.7376 0.3171
vn -0.0620 0.9380 0.3410
vn -0.1023 0.4193 0.9021
vn 0.6479 -0.2562 0.7174
vn 0.9877 0.0693 0.1401
vn -0.0696 -0.3853 0.9201
vn 0.5479 -0.8138 0.1938
vn 0.7118 -0.6864 -0.1486
vn -0.0425 -0.9202 0.3892
vn -0.0044 -0.9488 -0.3158
vn 0.8030 0.3999 0.4419
vn 0.9196 0.0825 0.3842
vn -0.3828 -0.6159 0.6886
vn 0.2686 0.5221 0.8095
vn 0.9977 -0.0665 0.0151
vn 0.9735 -0.0514 -0.2230
vn 0.9261 -0.1196 -0.3578
vn 0.9283 -0.3656 -0.0672
vn 0.9705 0.1426 0.1943
vn 0.9924 0.1049 -0.0639
vn 0.8797 -0.2868 0.3792
vn 0.8986 -0.0494 0.4359
vn 0.7401 -0.1372 0.6584
vn 0.9900 -0.0489 0.1320
vn 0.5428 0.0380 0.8390
vn 0.9687 -0.0615 0.2406
vn 0.5925 -0.5981 0.5397
vn -0.2224 0.0949 0.9703
vn 0.9957 -0.0922 -0.0017
vn 0.7402 -0.4481 -0.5013
vn 0.6387 -0.6256 -0.4479
vn 0.5360 -0.6974 -0.4757
vn 0.9967 -0.0274 -0.0761
vn 0.8962 -0.2396 -0.3734
vn -0.5283 -0.6421 -0.5556
vn -0.5266 -0.5161 -0.6755
vn -0.7273 -0.3830 -0.5695
vn -0.9647 0.0908 0.2471
vn 0.0351 -0.8313 -0.5548
vn -0.3422 -0.7285 -0.5934
vn -0.2659 -0.7295 -0.6302
vn -0.0049 -0.8040 -0.5946
vn -0.0692 -0.6709 -0.7383
vn -0.3001 -0.9044 0.3035
vn -0.9770 0.0249 0.2116
vn -0.9746 -0.0765 -0.2104
vn -0.9642 -0.0584 -0.2585
vn -0.3281 -0.8004 -0.5017
vn -0.9891 -0.1090 -0.0989
vn 0.0580 -0.9179 0.3924
vn -0.8618 0.0826 0.5004
vn 0.6165 -0.4656 -0.6349
vn 0.4567 -0.6869 -0.5653
vn 0.4692 -0.7624 -0.4457
vn -0.8839 0.3763 0.2775
vn -0.7502 0.3429 0.5654
vn -0.2842 -0.9243 -0.2546
vn 0.9289 -0.1875 -0.3192
vn 0.0231 -0.6996 -0.7142
vn -0.4011 -0.7617 -0.5089
vn -0.4704 -0.1499 0.8696
vn -0.1422 0.9528 0.2681
vn -0.6147 -0.7381 -0.2781
vn -0.9751 -0.2187 -0.0366
vn -0.9857 -0.1224 0.1162
vn -0.9929 0.0817 0.0869
vn -0.8160 0.3284 0.4758
vn 0.7736 0.3302 0.5408
vn 0.5600 0.6888 0.4603
vn 0.8859 0.4116 0.2138
vn -0.9529 0.2128 -0.2162
vn -0.8445 0.4137 0.3400
vn -0.7819 0.1088 0.6138
vn -0.9729 -0.1577 0.1690
vn -0.8859 0.4269 0.1815
vn -0.9901 -0.1376 0.0283
vn -0.9525 -0.0142 0.3041
vn -0.9519 -0.2856 -0.1113
vn -0.9703 0.2311 0.0720
vn -0.4534 0.1111 -0.8844
vn -0.6216 -0.0785 -0.7794
vn -0.9622 0.1973 -0.1878
vn -0.9976 -0.0167 0.0669
vn -0.7292 -0.6688 -0.1449
vn -0.1797 -0.8582 -0.4808
vn -0.0375 -0.3555 -0.9339
vn 0.4415 -0.5417 -0.7153
vn 0.0998 -0.9950 -0.0038
vn -0.2790 0.7991 0.5326
vn 0.2118 0.8082 0.5495
vn -0.6187 0.7783 0.1072
vn -0.4485 0.6470 0.6166
vn -0.0460 0.6799 0.7319
vn -0.7721 -0.3072 -0.5564
vn -0.5455 -0.7682 -0.3350
vn 0.0458 -0.9779 -0.2040
vn -0.7948 0.5065 -0.3343
vn -0.5955 0.7443 -0.3023
vn -0.7830 0.5576 -0.2756
vn -0.8800 -0.1408 -0.4536
vn -0.8890 -0.3629 -0.2793
vn -0.9570 0.1853 -0.2231
vn -0.5619 -0.7534 0.3416
vn -0.7505 -0.5754 -0.3250
vn -0.6464 -0.3598 0.6729
vn -0.9959 0.0114 -0.0901
vn -0.5332 0.0750 0.8426
vn -0.7730 0.5714 0.2756
vn -0.6590 0.4900 0.5707
vn -0.7658 0.5917 0.2519
vn -0.9895 -0.1444 -0.0063
vn -0.6982 -0.2864 0.6562
vn -0.6086 -0.7701 0.1911
vn -0.6089 -0.7552 -0.2429
vn -0.8132 0.5084 -0.2832
vn -0.7675 0.3826 -0.5144
vn -0.9588 -0.2551 -0.1248
vn -0.8684 0.0346 0.4946
vn -0.4204 0.9049 -0.0658
vn -0.3411 0.8018 -0.4907
vn -0.4504 0.3108 0.8370
vn 0.0931 0.4173 0.9040
vn 0.3306 0.9352 0.1269
vn -0.6479 -0.5671 0.5085
vn -0.3968 -0.4167 0.8179
vn -0.5494 -0.8064 0.2187
vn -0.2283 -0.6310 0.7414
vn -0.1267 -0.9335 -0.3353
vn -0.1173 -0.9725 -0.2011
vn -0.0595 -0.9687 -0.2412
vn 0.1099 -0.9853 0.1309
vn 0.2702 -0.9245 0.2690
vn -0.3834 -0.4318 0.8164
vn -0.5771 -0.7378 0.3502
vn -0.6282 -0.4967 -0.5989
vn 0.2262 -0.7903 -0.5695
vn 0.6069 -0.5403 -0.5829
vn -0.5601 0.6066 -0.5642
vn -0.9919 0.1240 -0.0283
vn -0.8765 0.3267 0.3536
vn -0.6544 0.5229 -0.5462
vn 0.1157 0.2437 -0.9629
vn -0.1270 0.1773 -0.9759
vn -0.8316 -0.0403 0.5540
vn -0.6942 0.0334 0.7190
vn 0.0322 -0.9462 0.3220
vn 0.5166 -0.7657 -0.3831
vn 0.4459 -0.0202 -0.8948
vn 0.4403 -0.0681 -0.8953
vn -0.6672 0.5938 0.4496
vn -0.9921 0.1252 0.0039
vn -0.9511 -0.2919 0.1011
vn -0.9337 0.2112 -0.2893
vn -0.4610 0.3183 0.8284
vn -0.9811 0.0941 0.1690
vn -0.8688 0.3675 -0.3318
vn -0.4131 0.8583 -0.3043
vn 0.2753 0.8485 0.4520
vn 0.4933 0.4221 0.7606
vn 0.2471 0.9626 -0.1110
vn -0.9834 0.1383 -0.1174
vn -0.9606 -0.0846 -0.2647
vn -0.9905 -0.0248 -0.1353
vn -0.6747 0.0476 -0.7366
vn -0.5990 -0.2393 -0.7641
vn -0.7275 0.0314 -0.6854
vn -0.9824 -0.0482 -0.1805
vn -0.9278 0.0225 -0.3724
vn -0.4085 0.7187 -0.5626
vn -0.6645 0.5819 -0.4688
vn -0.9964 0.0789 0.0322
vn 0.2245 0.7591 -0.6111
vn -0.3126 0.6893 -0.6536
vn -0.8870 -0.4600 -0.0402
vn -0.8274 -0.3398 -0.4472
vn 0.8683 -0.2784 -0.4105
vn -0.8217 -0.2734 0.5000
vn -0.2988 -0.9477 -0.1120
vn 0.5286 -0.8451 0.0803
vn 0.4144 -0.8743 0.2529
vn 0.8012 0.5447 -0.2478
vn -0.9127 -0.2875 -0.2903
vn 0.3662 0.7006 -0.6124
vn -0.6148 0.5713 -0.5438
vn 0.9330 -0.3121 -0.1792
vn 0.3914 0.8524 -0.3469
vn 0.1186 0.8041 -0.5826
vn -0.3325 -0.9360 -0.1157
vn 0.5428 -0.8399 0.0032
vn -0.9769 0.0691 -0.2023
vn -0.8952 -0.3975 0.2016
vn -0.7963 -0.5655 0.2147
vn -0.7094 -0.6308 0.3145
vn -0.1330 -0.9298 0.3432
vn -0.5143 -0.7204 0.4654
vn -0.4880 -0.7396 0.4635
vn -0.3868 -0.7462 0.5419
vn -0.8311 -0.4733 0.2919
vn -0.9744 -0.1503 0.1672
vn -0.8488 -0.3436 0.4019
vn -0.7434 -0.4299 0.5123
vn 0.0221 -0.7314 -0.6816
vn -0.4948 -0.3280 -0.8047
vn -0.0449 0.1152 -0.9923
vn 0.5117 -0.4544 -0.7291
vn 0.7559 -0.4408 -0.4841
vn 0.2091 -0.8695 -0.4474
vn -0.3710 -0.7905 -0.4873
vn 0.9384 0.2874 0.1918
vn 0.0992 0.6231 0.7758
vn -0.2566 0.9087 0.3294
vn 0.5915 0.8044 -0.0550
vn 0.6436 0.2918 0.7075
vn 0.3672 0.0505 0.9288
vn -0.4267 -0.5452 0.7216
vn -0.7186 -0.3046 0.6252
vn 0.1473 -0.4919 0.8581
vn 0.3812 0.1715 0.9084
vn 0.9936 0.1064 -0.0385
vn -0.3234 -0.5830 -0.7454
vn -0.6389 -0.7656 -0.0751
vn -0.8965 -0.4201 -0.1408
vn -0.6358 -0.5775 -0.5121
vn -0.4620 -0.8764 -0.1357
vn -0.7422 -0.2102 -0.6364
vn -0.1662 -0.1537 -0.9740
vn -0.0236 -0.9723 -0.2325
vn 0.0863 -0.8322 0.5476
vn -0.5468 -0.7525 0.3671
vn -0.9487 -0.3062 -0.0784
vn 0.4690 -0.1389 -0.8722
vn 0.1138 0.2857 -0.9515
vn -0.2338 -0.9637 -0.1286
vn -0.0623 -0.9981 -0.0021
vn -0.3364 0.8346 -0.4363
vn 0.0228 0.9451 -0.3258
vn 0.7270 0.6598 0.1898
vn 0.9381 0.3181 -0.1368
vn 0.8014 -0.5352 0.2669
vn -0.2595 -0.2763 -0.9254
vn 0.6373 -0.7091 -0.3016
vn 0.8089 -0.5488 -0.2108
vn 0.4303 -0.3507 -0.8318
vn -0.2519 0.2074 -0.9453
vn -0.8367 0.0905 -0.5401
vn -0.8553 -0.0389 -0.5167
vn -0.6514 -0.7316 -0.2010
vn 0.2827 0.9495 0.1361
vn 0.5623 0.8100 0.1665
vn 0.9100 0.4147 0.0058
vn -0.3080 0.9488 -0.0702
vn -0.2039 0.9786 -0.0264
vn -0.3479 0.9354 0.0630
vn 0.3114 0.2527 0.9161
vn 0.1950 0.5235 -0.8294
vn 0.2248 0.3321 -0.9160
vn 0.6960 0.6573 -0.2891
vn 0.4031 0.9049 -0.1367
vn 0.0758 0.8308 -0.5514
vn -0.0770 0.8042 -0.5893
vn -0.3158 0.9488 -0.0034
vn -0.5401 0.4707 -0.6977
vn -0.0818 0.9954 0.0500
vn -0.9273 0.3473 -0.1399
vn -0.2355 0.8914 0.3873
vn 0.2270 0.9177 0.3261
vn 0.0333 0.6245 -0.7803
vn 0.0337 0.6545 -0.7553
vn 0.0879 0.8963 0.4347
vn -0.1591 0.9871 0.0184
vn 0.9252 0.3083 0.2215
vn 0.4127 0.6226 -0.6648
vn 0.4591 0.6406 -0.6155
vn -0.0422 0.9990 -0.0160
vn 0.4555 0.2350 0.8586
vn 0.9703 0.0248 -0.2406
vn 0.9793 -0.0704 -0.1898
vn -0.5169 0.5652 0.6430
vn -0.8726 0.3857 0.2996
vn -0.9765 0.2147 -0.0212
vn -0.9673 -0.0156 -0.2532
vn 0.9013 -0.0734 -0.4269
vn 0.7897 -0.0621 -0.6103
vn -0.9684 0.0242 -0.2483
vn 0.9678 -0.1177 -0.2226
vn 0.9974 -0.0436 -0.0568
vn -0.9193 -0.1768 -0.3517
vn -0.8768 0.2932 -0.3812
vn -0.9956 0.0914 -0.0218
vn -0.8425 0.0280 -0.5380
vn -0.7355 0.0217 -0.6772
vn -0.9058 0.0175 -0.4233
vn -0.8701 -0.4144 0.2670
vn -0.9949 -0.0958 -0.0315
vn -0.6154 -0.5060 0.6043
vn -0.3601 -0.7334 0.5765
vn -0.2962 -0.7911 0.5353
vn -0.4048 -0.3932 0.8256
vn -0.0519 -0.5149 0.8557
vn -0.6020 -0.3443 0.7204
vn 0.3320 -0.8035 0.4942
vn 0.3143 -0.7582 0.5712
vn 0.8591 -0.3658 0.3580
vn 0.8637 -0.4258 0.2699
vn -0.3853 0.7455 0.5438
vn -0.4558 0.8398 -0.2949
vn -0.1426 0.7851 -0.6028
vn -0.4833 0.8484 -0.2159
vn -0.3867 0.8551 0.3455
vn -0.4503 0.8841 -0.1246
vn 0.2671 0.9345 -0.2355
vn -0.3520 0.7427 -0.5697
vn -0.5205 0.8178 0.2456
vn 0.0363 0.8732 0.4860
vn 0.5291 0.7539 0.3894
vn 0.2373 0.9701 0.0508
vn -0.5160 -0.0511 -0.8550
vn -0.3455 -0.0238 -0.9381
vn -0.0733 0.0178 -0.9971
vn -0.3787 0.9250 0.0309
vn -0.5349 0.8332 0.1401
vn -0.5083 0.8274 0.2387
vn -0.5303 0.8345 -0.1498
vn -0.5276 0.6617 -0.5327
vn -0.3600 0.8375 -0.4111
vn -0.4696 0.8399 -0.2722
vn -0.7499 -0.5700 -0.3358
vn 0.2508 -0.0975 -0.9631
vn 0.2802 -0.6795 -0.6781
vn -0.3735 -0.5847 0.7202
vn 0.6889 -0.6850 0.2370
vn 0.9800 -0.1893 0.0617
vn -0.7951 -0.5439 0.2683
vn -0.8284 -0.5460 0.1248
vn -0.5663 -0.4295 0.7035
vn -0.6015 -0.4337 0.6709
vn -0.8977 -0.4020 0.1803
vn -0.7862 -0.6128 -0.0795
vn -0.8081 -0.1782 0.5615
vn -0.2383 0.8527 0.4650
vn -0.9031 0.2857 0.3206
vn -0.9014 0.3596 -0.2414
vn -0.5431 0.7156 -0.4393
vn -0.8780 0.3821 -0.2884
vn -0.5116 0.7107 -0.4829
vn 0.1222 0.5276 -0.8407
vn 0.7599 0.6162 0.2067
vn -0.8828 0.4017 -0.2435
vn -0.6900 0.4711 -0.5494
vn -0.9831 -0.1654 -0.0783
vn -0.8989 -0.1703 -0.4036
vn -0.5221 0.4455 -0.7273
vn -0.9557 0.2465 -0.1609
vn -0.4102 0.2340 -0.8814
vn -0.7331 -0.1723 -0.6580
vn -0.7565 -0.2786 -0.5916
vn -0.6141 -0.3903 -0.6860
vn 0.0407 -0.3324 -0.9423
vn -0.5327 0.2436 -0.8105
vn -0.9022 -0.3298 -0.2780
vn -0.7245 -0.5447 -0.4223
vn -0.5640 0.1724 -0.8076
vn -0.9161 0.2085 -0.3424
vn 0.4647 -0.0511 -0.8840
vn 0.2795 0.1175 -0.9529
vn 0.7867 0.6102 0.0936
vn -0.1954 0.4806 0.8549
vn -0.9887 0.1495 -0.0087
vn 0.3492 0.3661 -0.8626
vn -0.6778 0.6114 -0.4084
vn -0.9250 0.3628 -0.1131
vn 0.9778 -0.1755 -0.1144
vn -0.0929 0.6364 -0.7657
vn -0.7658 -0.6417 -0.0421
vn -0.1871 -0.9812 -0.0464
vn -0.0531 -0.8443 -0.5333
vn -0.7074 -0.6217 -0.3362
vn -0.8364 -0.4530 0.3085
vn -0.3013 -0.7884 0.5363
vn -0.9983 -0.0579 -0.0093
vn -0.7529 -0.6315 -0.1852
vn -0.8607 -0.4893 -0.1405
vn 0.4507 -0.8625 -0.2301
vn 0.7594 -0.3834 -0.5257
vn -0.0814 -0.6313 -0.7712
vn -0.0401 -0.9879 0.1499
vn 0.7131 -0.7008 0.0180
vn -0.2352 -0.9180 0.3193
vn -0.1664 -0.9838 -0.0660
vn -0.2625 -0.9642 0.0384
vn 0.0617 0.3015 -0.9515
vn -0.2437 0.8698 -0.4289
vn -0.0278 -0.5032 -0.8637
vn 0.6674 -0.2684 -0.6947
vn 0.9485 0.0157 -0.3163
vn 0.6849 0.1507 -0.7128
vn -0.1845 0.2366 -0.9539
vn -0.2410 -0.1048 -0.9649
vn -0.4436 0.0087 -0.8962
vn -0.4547 -0.0903 -0.8860
vn -0.0466 -0.1716 -0.9841
vn -0.2419 0.0518 -0.9689
vn -0.8532 0.0614 -0.5179
vn -0.8395 0.0483 -0.5412
vn -0.5873 0.6120 -0.5296
vn -0.1825 0.2542 -0.9498
vn 0.5940 0.3128 -0.7411
vn -0.2699 0.1458 0.9518
vn 0.4572 0.6829 0.5698
vn 0.2627 0.7710 0.5802
vn -0.3511 0.6231 0.6989
vn -0.0823 0.1846 0.9794
vn -0.1374 -0.6508 0.7467
vn -0.6180 -0.6406 0.4558
vn -0.9262 0.2676 -0.2656
vn -0.4347 0.1784 -0.8827
vn -0.7981 0.5993 -0.0628
vn -0.0920 -0.2721 -0.9579
vn -0.8446 -0.5162 -0.1419
vn -0.5946 -0.7824 -0.1856
vn 0.2589 -0.0694 -0.9634
vn 0.1942 0.2669 -0.9440
vn 0.2044 -0.9769 -0.0627
vn -0.5837 0.7006 -0.4104
vn -0.4875 0.6774 -0.5510
vn -0.0973 -0.8838 0.4577
vn -0.2353 -0.8594 -0.4539
vn -0.6518 -0.5492 -0.5231
vn 0.1347 0.3414 -0.9302
vn -0.5541 0.0253 -0.8321
vn -0.0166 -0.2079 -0.9780
vn -0.4909 -0.0209 -0.8710
vn -0.9107 0.2705 -0.3122
vn 0.4539 -0.2945 -0.8410
vn -0.4167 -0.1151 -0.9017
vn 0.6229 -0.3568 0.6963
vn 0.5076 -0.4511 0.7341
vn 0.5568 -0.2603 0.7888
vn -0.0004 -0.2592 0.9658
vn -0.7675 -0.3215 0.5546
vn -0.8052 -0.1132 0.5821
vn -0.1845 -0.1705 0.9679
vn -0.0741 0.3788 0.9225
vn 0.3332 0.8500 -0.4080
vn -0.7791 0.3204 0.5388
vn -0.9325 0.3142 -0.1779
vn -0.7390 0.0132 -0.6736
vn -0.0900 -0.0280 -0.9955
vn -0.9944 -0.0343 -0.1000
vn -0.6489 0.7531 -0.1084
vn -0.6735 0.6849 -0.2783
vn -0.5889 -0.5241 -0.6152
vn 0.0064 -0.9362 0.3513
vn 0.7768 -0.5396 0.3248
vn -0.8375 0.5090 0.1987
vn -0.8063 0.4423 0.3927
vn -0.8864 -0.4618 0.0310
vn -0.7551 -0.5111 0.4107
vn -0.3938 -0.8808 0.2629
vn 0.2235 -0.4256 0.8769
vn 0.4505 -0.2472 0.8579
vn -0.3084 -0.9505 0.0373
vn -0.3098 -0.7914 0.5270
vn 0.9738 -0.1881 0.1276
vn 0.3128 -0.7392 0.5965
vn -0.7122 -0.3617 0.6016
vn -0.7556 0.6198 0.2119
vn -0.9995 -0.0324 -0.0046
vn -0.6701 0.5860 -0.4556
vn -0.9592 0.2717 -0.0788
vn 0.1544 0.6806 -0.7162
vn 0.7469 -0.5740 0.3356
vn 0.6626 -0.6926 0.2849
vn 0.9483 -0.2798 0.1497
vn 0.9807 -0.1487 0.1269
vn 0.7760 -0.3550 0.5214
vn 0.4310 -0.8178 0.3813
vn 0.0476 0.8908 0.4518
vn 0.4473 -0.8134 -0.3720
vn 0.1362 -0.9861 -0.0955
vn 0.0354 -0.9994 0.0056
vn 0.2841 -0.9587 -0.0111
vn -0.2644 0.9194 0.2912
vn -0.4343 0.8963 0.0895
vn 0.0473 0.9987 -0.0209
vn -0.2818 0.9168 0.2828
vn 0.6007 0.7801 0.1749
vn -0.5582 -0.6863 -0.4662
vn -0.2034 -0.7663 -0.6094
vn -0.5688 -0.6723 -0.4738
vn -0.7299 -0.3810 -0.5676
vn 0.0437 -0.9798 -0.1952
vn 0.2442 -0.7848 -0.5696
vn -0.8219 -0.0423 -0.5680
vn -0.9543 -0.0643 -0.2920
vn 0.1914 0.5877 -0.7861
vn 0.6850 0.4395 -0.5810
vn 0.8033 0.4256 -0.4166
vn 0.7395 0.4684 -0.4835
vn 0.7560 0.6401 -0.1366
vn 0.0669 0.9843 -0.1636
vn -0.7091 0.6615 -0.2444
vn -0.6705 0.1984 -0.7149
vn 0.0274 -0.8736 0.4859
vn -0.1082 -0.9854 -0.1315
vn 0.5697 -0.8118 -0.1280
vn 0.4952 -0.6439 0.5832
vn -0.6087 -0.7933 0.0100
vn 0.8821 0.1124 0.4574
vn 0.2438 -0.9526 0.1819
vn -0.2291 0.9628 -0.1434
vn 0.3599 0.9303 -0.0715
vn 0.3215 0.9403 -0.1117
vn -0.2117 0.9766 0.0376
vn 0.1018 0.9291 -0.3555
vn 0.2564 0.9663 0.0229
vn 0.9873 -0.0829 0.1358
vn 0.6451 -0.6522 -0.3982
vn 0.7064 -0.7073 0.0284
vn -0.1421 -0.9888 0.0451
vn -0.1495 -0.8994 -0.4108
vn 0.6041 -0.1520 -0.7823
vn 0.9961 -0.0174 -0.0860
vn -0.4427 -0.5060 -0.7403
vn 0.5983 0.7856 -0.1574
vn 0.6228 0.4698 0.6257
vn 0.7437 -0.3573 0.5650
vn 0.6203 0.1300 -0.7735
vn -0.0385 0.4571 -0.8886
vn -0.0670 0.9924 0.1034
vn -0.0612 0.3771 0.9241
vn -0.0488 -0.4138 0.9091
vn 0.6115 0.7866 -0.0853
vn 0.7502 0.6590 -0.0535
vn 0.7632 0.6462 -0.0024
vn 0.1173 0.9921 -0.0443
vn -0.6146 0.1659 -0.7712
vn 0.1341 0.8849 -0.4461
vn 0.4503 0.3576 -0.8182
vn -0.6292 -0.0235 -0.7769
vn -0.6990 0.5518 -0.4548
vn 0.1356 0.9898 -0.0426
vn 0.8211 0.5617 -0.1012
vn -0.7215 0.6920 -0.0228
vn -0.6425 0.7657 -0.0306
vn -0.2380 0.5139 0.8242
vn -0.0865 -0.9893 0.1177
vn -0.0425 -0.4729 -0.8801
vn -0.9981 0.0541 0.0302
vn -0.9994 0.0345 0.0095
vn -0.6422 0.7473 -0.1706
vn -0.0259 0.7791 0.6264
vn -0.7855 -0.6165 -0.0537
vn 0.2430 -0.9528 0.1821
vn -0.9855 -0.1436 0.0900
vn -0.3875 -0.7972 0.4630
vn -0.1844 -0.2449 -0.9519
vn -0.3222 -0.0972 -0.9417
vn -0.5946 0.3350 -0.7309
vn -0.0131 0.6082 -0.7937
vn -0.1078 -0.8935 -0.4360
vn 0.4884 -0.8038 -0.3397
vn 0.3029 -0.9133 0.2722
vn -0.4870 -0.8691 -0.0868
vn -0.3428 0.1089 -0.9331
vn 0.2098 0.4258 -0.8801
vn -0.8064 0.4074 -0.4286
vn 0.6456 0.3816 -0.6615
vn 0.6400 0.7623 -0.0963
vn -0.4471 0.8477 -0.2856
vn -0.1328 0.6468 0.7510
vn -0.9276 0.3019 -0.2198
vn -0.4159 0.4254 0.8038
vn -0.3998 0.6212 0.6740
vn -0.6764 0.2017 -0.7084
vn -0.9409 -0.0317 -0.3371
vn -0.9236 -0.0447 -0.3807
vn 0.3490 -0.7021 -0.6207
vn -0.8659 0.4010 -0.2989
vn -0.8669 0.0817 0.4918
vn -0.7776 0.4867 0.3982
vn -0.8589 0.4908 0.1464
vn -0.8885 0.4554 -0.0563
vn -0.5402 -0.8332 -0.1183
vn 0.3566 -0.9338 0.0294
vn -0.8714 -0.1079 0.4785
vn -0.8439 -0.0932 0.5283
vn -0.8438 -0.5365 -0.0111
vn -0.0681 -0.8030 -0.5921
vn -0.9990 -0.0141 -0.0425
vn -0.7765 0.3124 0.5473
vn 0.0394 0.3161 0.9479
vn -0.6529 0.0502 0.7557
vn -0.9693 -0.0161 -0.2455
vn -0.9588 0.0349 -0.2819
vn -0.9776 -0.2012 -0.0617
vn -0.6382 -0.7394 -0.2145
vn -0.9145 -0.3544 -0.1951
vn -0.1380 -0.9019 -0.4093
vn -0.5970 -0.1252 -0.7924
vn 0.0364 0.1127 -0.9930
vn -0.5683 0.7692 0.2922
vn -0.5504 0.6240 -0.5547
vn -0.8062 -0.1353 -0.5760
vn -0.8048 0.1472 0.5751
vn -0.5481 -0.7965 -0.2553
vn -0.5645 -0.5706 0.5965
vn -0.1892 0.9477 -0.2571
vn -0.9955 -0.0653 -0.0680
vn 0.4938 -0.6966 -0.5205
vn -0.7254 -0.4474 -0.5230
vn -0.6878 -0.6809 -0.2518
vn -0.2906 -0.9540 -0.0742
vn 0.9941 -0.0581 0.0912
vn 0.9946 0.0618 0.0838
vn 0.9174 -0.1068 -0.3832
vn -0.1023 -0.9307 0.3511
vn 0.6851 -0.1277 0.7172
vn 0.8328 0.5128 0.2086
vn 0.7915 0.5120 0.3336
vn 0.9102 0.4137 -0.0196
vn 0.2892 0.1326 0.9480
vn 0.1711 0.8236 0.5407
vn 0.1192 0.8901 -0.4399
vn 0.7064 -0.0874 -0.7024
vn 0.9870 0.1565 -0.0362
vn 0.0334 0.9954 -0.0900
vn -0.4414 0.2834 -0.8514
vn -0.1271 0.8066 -0.5772
vn -0.8192 -0.0500 -0.5714
vn -0.8007 -0.0474 -0.5972
vn -0.6089 0.4258 -0.6693
vn -0.6993 0.1215 -0.7045
vn -0.5358 0.4829 -0.6926
vn -0.7944 -0.2406 -0.5578
vn -0.2467 0.4952 -0.8330
vn -0.2712 -0.4925 -0.8269
vn -0.0345 -0.9706 -0.2383
vn 0.6465 0.1207 -0.7533
vn 0.3661 0.8882 -0.2774
vn -0.2763 0.0710 -0.9585
vn 0.0057 -0.3646 -0.9312
vn -0.5976 -0.4388 -0.6711
vn -0.7782 0.4602 -0.4273
vn -0.9628 -0.2311 -0.1398
vn -0.6514 0.3046 -0.6949
vn -0.4198 0.9076 -0.0037
vn -0.8993 0.1158 0.4217
vn -0.2300 0.7729 -0.5913
vn 0.1681 0.9437 -0.2849
vn -0.5126 -0.8118 0.2797
vn -0.5352 -0.8432 0.0511
vn -0.9179 -0.3366 0.2102
vn -0.4694 -0.8781 0.0923
vn -0.5656 -0.8243 -0.0254
vn -0.6834 -0.2156 0.6975
vn -0.1768 -0.8084 0.5614
vn 0.2361 0.9146 0.3282
vn 0.3093 0.9433 -0.1208
vn 0.3995 0.9167 -0.0024
vn 0.5321 0.8462 0.0282
vn 0.6511 0.4106 0.6384
vn -0.2607 0.4236 0.8675
vn 0.9838 0.1638 0.0724
vn 0.9182 0.2824 0.2778
vn 0.9623 -0.0235 -0.2711
vn 0.9391 0.3364 -0.0695
vn -0.1180 -0.7309 -0.6722
vn -0.0721 -0.2175 0.9734
vn 0.9703 -0.0227 0.2410
vn 0.1095 0.9670 -0.2301
vn -0.9755 0.0744 0.2072
vn -0.9240 -0.3226 0.2053
vn -0.7500 -0.5587 -0.3541
vn -0.8359 -0.5014 -0.2231
vn -0.9161 -0.1206 0.3824
vn -0.7884 -0.1377 0.5995
vn -0.5404 0.1211 0.8327
vn -0.6250 0.5550 0.5489
vn -0.4571 0.1358 0.8790
vn -0.8827 -0.1196 -0.4544
vn -0.6039 0.7969 -0.0129
vn -0.8576 0.3697 -0.3575
vn 0.2292 0.8355 0.4993
vn -0.0441 0.9403 -0.3375
vn -0.1593 0.4890 -0.8576
vn 0.5627 0.3065 -0.7677
vn 0.7086 0.6095 -0.3556
vn 0.6490 -0.1108 -0.7527
vn -0.1618 -0.1419 -0.9766
vn 0.7123 0.6586 0.2427
vn 0.3710 0.3260 0.8695
vn 0.5110 -0.4698 -0.7199
vn 0.6380 -0.4476 -0.6267
vn 0.2143 -0.8801 0.4238
vn 0.5874 0.7991 0.1277
vn -0.3015 -0.5597 -0.7719
vn 0.0803 0.3630 -0.9283
vn 0.5959 0.2376 -0.7671
vn 0.0777 -0.8691 -0.4885
vn -0.7676 -0.3382 -0.5444
vn -0.1951 0.6992 -0.6878
vn -0.4452 -0.8942 0.0462
vn 0.3657 0.8633 -0.3477
vn 0.4228 0.5725 -0.7025
vn 0.5814 0.4398 -0.6845
vn -0.2998 0.4514 -0.8405
vn -0.5038 0.8555 -0.1197
vn 0.3501 0.9196 -0.1783
vn 0.7910 0.6072 -0.0749
vn 0.4559 -0.8837 0.1060
vn 0.2105 -0.8259 0.5230
vn -0.2806 -0.9389 0.1994
vn 0.2236 -0.9220 -0.3162
vn 0.9948 -0.0569 -0.0844
vn 0.8764 0.1765 0.4481
vn 0.7818 0.1785 -0.5974
vn 0.5626 0.8114 -0.1586
vn 0.4866 0.7407 0.4631
vn 0.5811 0.5835 0.5673
vn -0.1949 0.7033 0.6836
vn -0.6796 0.2094 0.7031
vn -0.9786 0.2057 0.0035
vn -0.7086 0.0055 -0.7056
vn 0.9889 0.0898 -0.1180
vn 0.9352 0.2610 0.2394
vn 0.9547 0.1737 0.2418
vn 0.6853 0.6566 0.3152
vn -0.9613 0.2516 -0.1126
vn -0.9430 0.3327 0.0078
vn -0.9503 -0.2638 -0.1651
vn -0.9665 -0.0098 -0.2564
vn -0.9370 0.3189 -0.1426
vn -0.6240 0.7083 -0.3301
vn -0.9502 0.1490 -0.2738
vn -0.9682 0.2320 -0.0931
vn 0.4216 0.3044 -0.8542
vn 0.7460 0.6489 0.1496
vn -0.1415 0.9352 0.3247
vn 0.4264 -0.3462 -0.8357
vn 0.9752 -0.1683 -0.1436
vn -0.6224 0.1982 -0.7572
vn -0.9255 0.2550 -0.2801
vn -0.3714 -0.2327 -0.8988
vn 0.0082 -0.7118 -0.7023
vn -0.3777 -0.0497 -0.9246
vn 0.4488 -0.8090 -0.3796
vn -0.3678 0.0024 -0.9299
vn -0.9771 0.2023 -0.0662
vn -0.9588 0.1417 -0.2461
vn -0.1446 0.7540 -0.6407
vn 0.6299 -0.3519 0.6923
vn 0.5881 -0.0370 0.8080
vn 0.1162 0.1264 0.9852
vn -0.8021 -0.3548 0.4804
vn -0.8276 -0.5431 0.1418
vn -0.9631 -0.2662 0.0389
vn -0.9483 -0.2233 0.2253
vn -0.5703 -0.7445 0.3471
vn -0.3716 -0.9159 0.1521
vn -0.5555 -0.8271 0.0855
vn -0.5018 -0.8424 0.1963
vn 0.5454 0.8134 0.2022
vn -0.6606 -0.3964 0.6375
vn -0.2892 0.9447 -0.1548
vn 0.4040 0.9125 -0.0639
vn 0.6834 0.7297 0.0209
vn 0.6309 0.7257 0.2744
vn 0.3416 0.9333 -0.1109
vn 0.4010 0.8964 -0.1891
vn 0.7103 0.6818 -0.1750
vn -0.2469 -0.8933 0.3756
vn -0.8792 0.4366 -0.1906
vn -0.9859 -0.1627 0.0381
vn -0.6311 0.7757 0.0082
vn -0.3156 0.7740 -0.5490
vn -0.8538 -0.3679 -0.3683
vn -0.4622 -0.8640 0.1996
vn -0.7356 -0.3637 0.5715
vn -0.3764 0.8472 0.3749
vn 0.2311 0.9497 -0.2115
vn 0.3255 0.6990 0.6368
vn -0.1824 0.8730 0.4524
vn -0.5428 -0.3185 0.7771
vn 0.0705 -0.2545 0.9645
vn 0.4678 -0.5191 0.7154
vn 0.7263 0.6144 0.3083
vn 0.3324 0.9302 -0.1556
vn -0.2417 -0.8923 0.3814
vn -0.7173 -0.1198 0.6864
vn -0.7813 0.5661 -0.2628
vn -0.6414 0.0049 -0.7672
vn -0.9884 -0.1050 -0.1099
vn -0.7036 -0.6479 0.2917
vn -0.9981 -0.0299 -0.0531
vn -0.6613 0.3220 0.6775
vn 0.1420 0.8839 0.4455
vn 0.4525 -0.2816 0.8461
vn 0.1921 -0.9814 -0.0060
vn -0.9428 -0.3110 -0.1199
vn -0.5190 -0.1961 -0.8319
vn -0.5276 0.2745 -0.8039
vn -0.4484 -0.5488 -0.7055
vn -0.5087 0.1469 -0.8483
vn -0.2853 0.1494 -0.9467
vn 0.1005 0.1582 -0.9823
vn 0.1908 0.3646 -0.9114
vn 0.3851 0.5003 -0.7755
vn -0.3280 0.5842 -0.7424
vn -0.7570 -0.6515 0.0499
vn 0.6920 -0.2988 -0.6572
vn 0.4736 -0.8780 -0.0691
vn 0.4935 -0.1925 0.8482
vn 0.9803 0.0563 0.1891
vn 0.6392 -0.3661 -0.6763
vn -0.0208 -0.5292 -0.8482
vn 0.3907 0.0056 -0.9205
vn 0.8638 -0.2116 -0.4572
vn 0.9031 0.2879 -0.3187
vn 0.5110 0.5599 -0.6522
vn 0.5421 0.8388 0.0495
vn 0.8097 0.4528 0.3733
vn 0.8783 -0.1528 0.4530
vn 0.2506 0.7106 -0.6574
vn 0.4440 0.8926 0.0777
vn 0.6351 0.5056 0.5840
vn 0.5292 0.3200 -0.7859
vn -0.3047 0.5505 -0.7773
vn 0.9053 -0.1668 0.3906
vn 0.9537 -0.0542 0.2958
vn -0.8840 -0.4674 -0.0029
vn -0.1973 -0.4698 0.8604
vn -0.1216 -0.7999 0.5877
vn -0.9650 0.1669 0.2025
vn -0.2673 -0.2691 0.9253
vn -0.1787 -0.5844 -0.7915
vn -0.2692 0.5988 -0.7543
vn 0.4965 -0.1791 0.8494
vn 0.6360 -0.0952 0.7658
vn 0.3709 -0.1481 0.9168
vn 0.4555 -0.2197 0.8627
vn 0.0623 -0.1383 0.9884
vn -0.5241 0.7642 0.3759
vn -0.4552 0.3948 0.7981
vn 0.0385 0.5013 0.8644
vn -0.1565 0.9428 0.2944
vn -0.7853 0.5797 -0.2174
vn -0.9446 0.2193 0.2441
vn -0.4145 0.7943 -0.4442
vn -0.4016 -0.6882 -0.6042
vn -0.2452 -0.5519 -0.7970
vn 0.0430 -0.9708 -0.2359
vn 0.0711 -0.9818 -0.1761
vn -0.9229 -0.2609 -0.2831
vn -0.6496 0.0861 -0.7554
vn -0.4928 -0.7127 0.4992
vn 0.0249 -0.7668 0.6414
vn -0.6384 -0.1349 0.7578
vn -0.2100 -0.1205 0.9702
vn -0.7791 -0.4063 0.4774
vn -0.1675 -0.5825 0.7954
vn 0.8898 -0.0148 -0.4560
vn 0.9439 0.2014 -0.2616
vn 0.2682 0.2825 -0.9210
vn -0.0455 -0.0829 -0.9955
vn 0.5212 0.0156 -0.8533
vn 0.7966 0.5683 -0.2062
vn 0.9613 -0.2756 -0.0010
vn -0.2402 -0.0095 -0.9707
vn 0.7306 -0.3823 0.5658
vn 0.8084 -0.0680 0.5847
vn 0.5129 -0.5742 0.6381
vn 0.0541 0.8801 0.4717
vn -0.7876 0.3416 -0.5128
vn 0.1744 0.4700 -0.8652
vn 0.0428 0.8614 -0.5061
vn -0.6361 0.6887 0.3479
vn -0.7759 -0.2485 0.5798
vn -0.9661 -0.0048 -0.2583
vn -0.7112 0.6755 -0.1946
vn -0.6397 0.7670 -0.0496
vn 0.4892 0.8599 -0.1461
vn -0.7703 0.5890 -0.2443
vn -0.5512 0.1147 -0.8264
vn -0.9613 -0.1714 -0.2155
vn -0.7292 -0.4269 0.5349
vn -0.8278 -0.1556 -0.5390
vn -0.9662 -0.1980 0.1654
vn -0.8023 -0.4608 0.3794
vn -0.3566 -0.8408 0.4073
vn -0.1525 0.2772 -0.9486
vn -0.2040 0.2830 -0.9372
vn -0.2415 0.2593 -0.9351
vn -0.0548 -0.8599 0.5074
vn -0.5302 -0.3586 0.7683
vn 0.5605 -0.4624 0.6871
vn 0.0637 -0.8894 0.4526
vn 0.4516 -0.8743 0.1780
vn 0.0754 -0.2591 0.9629
vn 0.0291 -0.2870 0.9575
vn 0.1780 -0.2250 0.9580
vn 0.9938 0.0401 -0.1038
vn 0.2256 -0.2689 0.9364
vn 0.6111 -0.7914 -0.0141
vn -0.7467 0.1939 0.6363
vn -0.8107 0.3215 0.4892
vn -0.8718 -0.2462 -0.4236
vn -0.4863 0.7980 0.3559
vn -0.6952 0.4597 0.5526
vn -0.7385 0.1351 0.6606
vn -0.7588 -0.1476 0.6344
vn -0.9015 -0.1053 0.4197
vn -0.8656 -0.4982 0.0514
vn -0.8754 -0.4351 0.2106
vn -0.3187 -0.9294 0.1863
vn -0.6233 -0.7598 -0.1850
vn -0.9077 0.0496 -0.4167
vn -0.9870 -0.0816 -0.1386
vn -0.9486 -0.3106 -0.0608
vn -0.7145 0.4199 -0.5596
vn 0.0742 0.7077 0.7026
vn -0.8059 0.2477 0.5377
vn -0.2700 -0.0308 0.9624
vn -0.9041 -0.1061 0.4139
vn 0.5765 0.2358 0.7823
vn -0.6328 0.1216 0.7647
vn -0.9539 -0.2379 0.1829
vn -0.9628 0.1600 0.2177
vn -0.7556 0.4841 0.4413
vn -0.4721 0.5583 0.6822
vn 0.9159 0.2130 0.3402
vn 0.4838 0.5981 0.6389
vn 0.6751 0.2987 0.6746
vn 0.5718 0.7325 0.3694
vn -0.4321 0.5325 0.7278
vn -0.7394 0.4426 0.5073
vn 0.9697 -0.1567 0.1876
vn 0.2916 -0.1463 0.9453
vn 0.9730 0.1883 0.1335
vn 0.9432 -0.3321 -0.0020
vn 0.3933 -0.6445 0.6556
vn 0.2808 0.7190 0.6358
vn -0.1420 0.9315 0.3348
vn -0.8302 0.0293 0.5567
vn 0.7410 0.5929 0.3153
vn 0.9207 0.1898 0.3411
vn 0.7776 -0.6076 -0.1616
vn -0.1587 -0.9584 -0.2371
vn -0.9931 0.0253 0.1141
vn -0.9965 0.0808 0.0231
vn -0.9324 0.3248 0.1584
vn -0.8577 -0.4984 -0.1261
vn -0.9545 -0.2951 -0.0427
vn -0.9904 -0.1146 0.0770
vn -0.1960 0.9313 0.3069
vn 0.6002 0.7638 0.2374
vn -0.8485 0.5044 0.1600
vn 0.0750 -0.9967 0.0299
vn 0.4105 -0.8474 -0.3369
vn -0.2918 -0.8625 -0.4135
vn -0.2535 -0.9519 -0.1723
vn -0.0861 -0.7456 0.6608
vn 0.9056 -0.4239 -0.0154
vn -0.1121 -0.2552 0.9604
vn 0.9586 -0.0212 0.2840
vn 0.2071 -0.9686 0.1377
vn -0.1210 -0.9749 0.1871
vn -0.8355 -0.5227 -0.1697
vn -0.7152 -0.5311 0.4544
vn 0.6657 0.7439 0.0593
vn 0.0065 0.8509 0.5252
vn -0.1414 0.9239 0.3555
vn 0.5176 0.7996 0.3045
vn -0.2340 0.8756 0.4225
vn 0.4682 0.1479 0.8712
vn -0.7147 -0.4442 0.5403
vn -0.8924 -0.0733 0.4453
vn -0.9985 -0.0542 0.0038
vn -0.6500 -0.5705 0.5019
vn 0.9600 -0.0196 0.2792
vn 0.9666 -0.0634 0.2484
vn -0.6833 -0.6198 0.3860
vn -0.7236 -0.3350 0.6034
vn -0.6634 -0.3170 0.6778
vn 0.2844 -0.1306 0.9498
vn 0.9548 0.1498 0.2567
vn -0.1878 -0.9060 0.3794
vn -0.7134 -0.5385 0.4484
vn -0.8094 -0.5872 0.0106
vn -0.8501 -0.4748 0.2278
vn -0.6449 -0.7614 0.0653
vn -0.8991 -0.4241 -0.1082
vn -0.9740 -0.1922 0.1196
vn -0.9196 -0.2264 0.3210
vn 0.7146 0.5239 0.4635
vn 0.3192 0.9016 0.2919
vn 0.7247 -0.2658 -0.6358
vn 0.8322 -0.3298 -0.4457
vn -0.1849 0.9810 0.0589
vn -0.5927 0.1674 -0.7879
vn -0.9039 -0.0669 0.4224
vn -0.9680 0.0459 0.2468
vn -0.9561 -0.0313 0.2913
vn -0.7111 -0.3198 0.6262
vn 0.4197 -0.1973 0.8860
vn -0.6117 0.6916 0.3840
vn -0.9899 0.0856 0.1132
vn -0.8129 0.5805 0.0469
vn 0.5810 -0.7726 -0.2559
vn 0.1895 -0.9424 -0.2757
vn 0.3272 -0.9447 -0.0203
vn 0.1272 -0.9914 0.0310
vn 0.2068 -0.9760 -0.0685
vn -0.6924 -0.7159 0.0895
vn -0.1717 -0.8943 -0.4131
vn -0.9621 -0.2727 -0.0070
vn -0.9951 -0.0539 0.0826
vn 0.0259 0.2537 0.9669
vn 0.5247 -0.7644 0.3747
vn -0.1534 -0.9875 -0.0360
vn -0.7308 -0.4315 0.5288
vn 0.3036 0.9423 0.1412
vn 0.7342 0.5211 0.4352
vn -0.6877 0.6016 0.4065
vn -0.6352 0.6826 0.3614
vn -0.3468 0.9276 0.1386
vn -0.9183 0.3156 -0.2391
vn -0.9596 0.2755 -0.0566
vn -0.8828 0.4294 -0.1906
vn -0.8049 0.5682 -0.1710
vn 0.0482 0.9435 -0.3280
vn -0.7769 0.6296 -0.0118
vn -0.5723 0.8069 0.1462
vn -0.8756 -0.4478 0.1813
vn -0.9159 0.2482 -0.3153
vn -0.9099 -0.0612 -0.4103
vn -0.8374 -0.3520 -0.4182
vn -0.8464 0.5322 0.0224
vn 0.1968 -0.8226 -0.5335
vn 0.5371 -0.6193 -0.5727
vn 0.5277 -0.7319 -0.4311
vn 0.5023 0.5225 0.6890
vn 0.4346 0.9006 0.0004
vn 0.8778 0.1423 0.4573
vn -0.0302 0.1067 0.9938
vn -0.2478 0.1592 0.9556
vn 0.3692 -0.0204 0.9291
vn -0.0293 0.7211 0.6923
vn -0.3072 0.9516 0.0077
vn 0.2270 0.4050 0.8857
vn -0.1752 0.2194 0.9598
vn -0.4220 0.5544 0.7174
vn 0.0028 0.8528 0.5222
vn -0.8205 0.4007 0.4078
vn -0.6980 0.7071 -0.1136
vn 0.8304 0.5561 -0.0340
vn -0.7314 -0.3293 0.5972
vn -0.7285 0.1471 0.6690
vn 0.7741 -0.4797 0.4131
vn -0.1491 -0.8899 0.4310
vn -0.6019 0.3949 0.6941
vn -0.9408 0.0136 0.3386
vn -0.3986 0.2674 0.8773
vn -0.5731 0.3072 0.7597
vn -0.6002 0.3145 0.7354
vn -0.4902 0.3531 0.7968
vn -0.5081 0.4369 0.7423
vn -0.6595 0.3636 0.6580
vn -0.7625 0.2692 0.5884
vn -0.6200 0.2791 0.7333
vn -0.8793 0.1992 0.4326
vn -0.9105 0.1798 0.3723
vn -0.9877 0.0413 0.1508
vn -0.9058 0.1293 0.4034
vn -0.9550 -0.1399 0.2614
vn -0.6773 0.1424 0.7218
vn -0.9875 -0.1505 -0.0466
vn -0.9968 0.0120 -0.0793
vn -0.9485 0.0866 0.3049
vn -0.9668 0.0758 0.2439
vn 0.4236 0.6485 -0.6325
vn 0.0977 0.3689 -0.9243
vn 0.9408 0.0299 -0.3375
vn -0.8556 0.2266 -0.4654
vn -0.9939 0.0459 -0.1003
vn -0.8898 0.2518 -0.3806
vn -0.6922 0.6125 -0.3818
vn -0.9970 -0.0202 0.0748
vn -0.9184 -0.1217 0.3764
vn -0.9412 -0.3365 -0.0291
vn -0.8475 0.2352 -0.4758
vn -0.8948 -0.4032 0.1920
vn 0.2122 0.1096 -0.9711
vn 0.1326 -0.3373 -0.9320
vn 0.1803 -0.5193 -0.8354
vn 0.7948 -0.1560 -0.5865
vn 0.3792 -0.9115 0.1595
vn -0.1587 -0.9423 -0.2948
vn 0.3310 -0.7842 -0.5249
vn -0.1860 -0.9656 -0.1817
vn 0.4100 -0.9058 -0.1064
vn 0.3078 -0.4697 0.8274
vn -0.3344 -0.6807 0.6518
vn -0.8678 -0.4890 0.0878
vn -0.7883 0.1042 0.6064
vn -0.3394 0.1958 0.9200
vn -0.2492 0.8075 0.5347
vn -0.8259 0.5124 0.2352
vn -0.9707 -0.1352 -0.1989
vn -0.6528 -0.7575 -0.0123
vn 0.7750 -0.2331 -0.5873
vn 0.9599 -0.2025 -0.1941
vn -0.6745 0.6910 -0.2601
vn -0.2406 0.5845 -0.7749
vn 0.4112 0.3145 -0.8556
vn 0.0219 -0.9059 0.4230
vn 0.8475 -0.5230 0.0907
vn 0.9453 -0.3182 -0.0720
vn 0.9880 0.1378 0.0701
vn 0.6122 0.7766 -0.1488
vn 0.3017 0.8554 0.4209
vn 0.8919 0.3658 0.2659
vn -0.0626 0.9950 -0.0778
vn -0.1586 0.9634 0.2160
vn 0.9033 -0.2001 0.3795
vn 0.7332 -0.6478 -0.2067
vn 0.7174 0.6422 0.2702
vn 0.6398 0.5143 0.5710
vn 0.1558 0.3817 0.9111
vn 0.1225 0.8520 0.5090
vn 0.1903 0.9357 0.2970
vn 0.2954 0.9544 -0.0418
vn -0.4771 0.8736 -0.0954
vn -0.4141 0.7058 0.5748
vn -0.3338 0.2931 0.8959
vn -0.8174 -0.1131 0.5649
vn -0.7749 -0.3198 0.5452
vn -0.5331 -0.7478 0.3958
vn -0.3757 -0.9095 -0.1778
vn -0.2319 0.8844 0.4051
vn 0.3026 0.9059 0.2963
vn -0.8987 0.4375 0.0285
vn -0.7788 -0.3830 0.4968
vn -0.9203 -0.3910 0.0116
vn 0.7841 -0.3365 -0.5215
vn 0.8666 -0.0698 -0.4942
vn 0.9395 0.0703 -0.3352
vn 0.7202 -0.1164 -0.6839
vn -0.4992 -0.5082 -0.7018
vn -0.8892 -0.3775 -0.2583
vn -0.6574 -0.7179 -0.2289
vn -0.2929 -0.8495 0.4388
vn -0.5337 -0.7857 0.3129
vn -0.6375 -0.6376 0.4324
vn -0.2593 -0.5260 0.8100
vn -0.7922 -0.4773 0.3803
vn -0.3723 -0.9280 -0.0158
vn -0.0116 -0.3581 0.9336
vn 0.3976 -0.8520 0.3406
vn -0.4209 0.1556 0.8937
vn -0.0288 -0.2015 0.9791
vn 0.2854 0.6552 0.6995
vn -0.3762 0.7059 0.6001
vn -0.9927 -0.0030 -0.1207
vn -0.9353 -0.2888 0.2042
vn -0.6231 -0.7807 -0.0464
vn -0.8571 -0.1895 0.4791
vn -0.6530 0.1528 0.7418
vn -0.7759 -0.5929 0.2157
vn -0.9718 -0.2068 0.1132
vn -0.8091 -0.5860 0.0438
vn -0.8406 -0.5417 -0.0046
vn -0.5135 -0.5545 -0.6549
vn 0.6688 0.5163 0.5349
vn 0.8925 0.4505 0.0195
vn 0.9428 0.2881 -0.1676
vn 0.5864 -0.4186 0.6935
vn 0.9788 -0.0232 0.2034
vn 0.9933 -0.0809 0.0823
vn -0.6837 0.5484 0.4814
vn 0.0999 0.8510 -0.5156
vn 0.4348 0.7779 -0.4536
vn 0.9756 0.0012 0.2194
vn -0.3437 -0.6576 0.6704
vn -0.9322 0.2196 0.2876
vn -0.9464 0.3062 -0.1032
vn -0.8760 -0.4773 -0.0689
vn 0.9961 -0.0872 -0.0128
vn 0.8300 0.5461 0.1135
vn 0.2452 0.9543 0.1710
vn 0.2997 0.8687 -0.3944
vn 0.3176 0.6143 -0.7223
vn 0.9199 -0.3776 -0.1059
vn 0.8224 0.5659 -0.0592
vn 0.4828 0.8262 0.2903
vn 0.8874 0.3311 0.3208
vn 0.9906 0.0638 0.1206
vn 0.4862 0.0472 -0.8726
vn 0.1932 -0.1788 -0.9647
vn -0.0338 -0.9967 -0.0739
vn -0.1485 0.9561 0.2526
vn 0.5724 0.7860 0.2335
vn 0.5729 0.8011 0.1735
vn -0.1595 0.9737 0.1627
vn -0.7975 0.6030 0.0202
vn -0.8052 0.5757 0.1422
vn -0.9534 0.1743 -0.2463
vn -0.8184 -0.5613 0.1235
vn -0.8486 -0.1844 0.4959
vn -0.7471 0.5068 -0.4301
vn -0.3081 -0.8234 0.4765
vn -0.2498 -0.3929 0.8850
vn -0.3669 -0.9292 -0.0435
vn -0.5475 0.7855 -0.2884
vn -0.4713 0.6170 -0.6302
vn -0.8753 -0.4788 -0.0676
vn -0.8854 0.4503 0.1154
vn -0.5680 0.7022 0.4294
vn 0.0326 0.9992 0.0210
vn 0.2545 0.8443 -0.4716
vn -0.9411 -0.1999 -0.2727
vn -0.3494 0.4753 -0.8075
vn -0.9470 -0.2485 -0.2037
vn -0.9438 0.2344 -0.2330
vn -0.9812 0.1877 -0.0455
vn -0.8653 -0.4777 -0.1517
vn -0.9192 -0.3395 -0.1993
vn -0.4238 0.7440 -0.5165
vn -0.5550 0.8253 0.1043
vn -0.2415 -0.0082 0.9704
vn 0.2200 0.3099 0.9250
vn -0.1818 0.6858 0.7047
vn -0.6806 0.1132 0.7239
vn 0.3093 -0.2634 0.9138
vn -0.5729 -0.4124 0.7083
vn -0.6539 0.0711 0.7533
vn -0.8954 0.2446 -0.3722
vn -0.8244 -0.5290 0.2011
vn 0.0274 -0.5649 0.8247
vn 0.1061 0.0173 0.9942
vn -0.2157 -0.9207 0.3252
vn -0.7364 0.5985 -0.3155
vn -0.8414 -0.5325 -0.0917
vn 0.0645 0.5273 -0.8472
vn -0.0066 0.9753 -0.2209
vn -0.8095 -0.0596 -0.5841
vn 0.0309 -0.3933 -0.9189
vn -0.6809 0.5065 0.5289
vn 0.9617 0.2709 -0.0415
vn 0.7965 -0.4157 -0.4390
vn 0.6163 0.1261 0.7774
vn 0.6098 -0.1433 0.7795
vn 0.7246 -0.5237 0.4480
vn 0.8108 -0.3477 0.4708
vn 0.5250 0.8387 0.1446
vn 0.4420 -0.5932 0.6728
vn -0.2081 0.9538 -0.2168
vn -0.1080 0.9925 -0.0573
vn 0.0511 0.9719 0.2300
vn -0.4935 0.7607 -0.4216
vn -0.4751 0.4905 0.7305
vn -0.6595 0.5431 0.5198
vn 0.2345 -0.9589 0.1601
vn -0.3837 -0.8485 0.3645
vn 0.0946 -0.9362 0.3386
vn -0.1970 -0.9768 0.0840
vn 0.1616 -0.9672 0.1962
vn -0.7910 0.4503 -0.4142
vn -0.9925 -0.1043 0.0634
vn -0.9933 0.0474 -0.1051
vn -0.4327 0.5169 -0.7387
vn -0.9755 -0.2170 -0.0361
vn -0.9677 -0.2369 0.0867
vn -0.6462 0.7584 0.0852
vn -0.9865 -0.1344 0.0934
vn 0.7367 0.5313 -0.4183
vn 0.5523 0.5053 -0.6631
vn 0.9780 -0.1940 0.0763
vn 0.9086 0.3530 0.2231
vn 0.5483 0.8359 -0.0265
vn 0.9742 -0.1084 -0.1979
vn 0.9957 -0.0098 -0.0925
vn 0.9447 -0.2397 -0.2239
vn 0.4657 0.8470 -0.2563
vn 0.6926 0.6616 0.2872
vn -0.2005 0.9723 -0.1200
vn 0.0865 0.7569 0.6478
vn 0.0514 -0.8070 0.5884
vn 0.1079 0.4041 0.9084
vn -0.2316 0.8418 -0.4876
vn 0.8914 0.4227 -0.1632
vn 0.9488 -0.3120 0.0499
vn 0.9197 -0.2068 -0.3338
vn -0.2419 -0.5569 -0.7945
vn 0.7895 0.3376 0.5126
vn 0.8051 -0.0031 0.5932
vn 0.7828 -0.3356 0.5240
vn 0.2874 -0.6792 0.6754
vn 0.3182 -0.9449 0.0775
vn 0.2254 -0.1413 0.9640
vn -0.4880 -0.6652 0.5651
vn -0.6336 -0.7594 0.1481
vn -0.6207 -0.2552 0.7413
vn -0.9910 0.1043 0.0839
vn -0.5718 -0.0076 0.8204
vn -0.6690 0.0116 0.7431
vn -0.8059 -0.4375 -0.3989
vn -0.6461 -0.7603 -0.0675
vn -0.7634 -0.5484 0.3413
vn -0.7493 0.2321 0.6202
vn -0.8281 0.5469 0.1230
vn 0.1910 0.3347 0.9228
vn -0.5916 -0.8053 -0.0401
vn 0.4304 -0.8852 -0.1764
vn 0.3399 -0.9075 -0.2467
vn -0.5643 -0.8236 0.0564
vn 0.5241 -0.8504 -0.0468
vn -0.5474 -0.8350 0.0567
vn 0.5927 -0.8042 -0.0436
vn 0.9947 0.0642 -0.0803
vn 0.5212 0.8530 -0.0269
vn -0.6231 0.7781 0.0790
vn -0.9961 -0.0552 0.0692
vn -0.9913 -0.0874 0.0980
vn -0.5340 -0.8406 0.0908
vn -0.9979 -0.0324 0.0562
vn -0.5838 -0.7807 0.2231
vn -0.9980 -0.0206 0.0604
vn -0.6430 -0.6793 0.3538
vn -0.9975 -0.0378 0.0602
vn -0.6668 -0.6589 0.3482
vn 0.1948 -0.8844 0.4242
vn -0.6365 -0.7390 0.2208
vn 0.2342 -0.9249 0.2994
vn 0.8418 -0.5090 0.1797
vn 0.8096 -0.5346 0.2423
vn 0.9994 0.0301 0.0183
vn 0.9976 -0.0619 -0.0326
vn 0.7818 0.5618 -0.2706
vn -0.0944 0.9267 -0.3638
vn -0.8233 0.5272 -0.2101
vn -0.9962 -0.0872 -0.0052
vn 0.8256 -0.5211 0.2164
vn 0.9845 0.0604 0.1646
vn 0.5821 -0.6751 0.4533
vn 0.7985 -0.0494 0.6000
vn 0.0303 -0.6879 0.7252
vn 0.4839 -0.0970 0.8697
vn -0.3638 -0.2388 0.9003
vn 0.4370 -0.0941 0.8945
vn -0.3442 0.3145 0.8847
vn 0.4418 0.2341 0.8660
vn -0.2636 0.4603 0.8477
vn 0.5093 0.5050 0.6968
vn 0.9276 0.3061 0.2140
vn 0.6270 0.4871 0.6079
vn 0.9625 0.2461 0.1142
vn 0.9600 0.0222 -0.2790
vn 0.9764 0.0828 -0.1994
vn 0.6553 -0.2642 -0.7077
vn 0.7538 -0.1939 -0.6278
vn -0.0843 -0.4815 -0.8724
vn 0.0269 -0.4497 -0.8928
vn -0.7809 -0.3922 -0.4861
vn -0.7542 -0.3911 -0.5275
vn -0.9892 -0.1424 0.0355
vn -0.9886 -0.1289 0.0772
vn -0.9887 -0.1481 0.0243
vn -0.8445 0.1593 0.5113
vn -0.8492 0.1566 0.5044
vn -0.7264 -0.4333 -0.5335
vn -0.8205 0.1460 0.5527
vn -0.1778 0.4879 0.8546
vn 0.9730 0.2243 -0.0548
vn 0.2294 -0.9332 0.2766
vn 0.2853 -0.9371 0.2011
vn -0.0673 -0.9966 0.0476
vn -0.7232 -0.6373 -0.2662
vn -0.7303 0.5805 -0.3601
vn -0.5819 0.5659 0.5840
vn -0.5487 0.7798 0.3015
vn -0.1291 0.9430 0.3066
vn -0.0572 0.9601 0.2737
vn -0.4655 0.8652 0.1864
vn -0.2755 0.6424 0.7151
vn 0.1646 0.6457 0.7456
vn -0.3230 0.4568 0.8289
vn 0.0185 0.4836 0.8751
vn 0.2381 0.4986 0.8335
vn 0.2966 0.6437 0.7054
vn -0.3350 0.3985 0.8538
vn -0.1146 0.4295 0.8958
vn 0.1553 0.4184 0.8949
vn 0.5665 0.2613 0.7816
vn -0.2009 0.2427 0.9491
vn 0.0584 0.1954 0.9790
vn 0.4711 0.0756 0.8788
vn 0.6993 0.0342 0.7140
vn 0.7798 0.1337 0.6116
vn -0.0000 0.0856 0.9963
vn 0.8541 0.1027 0.5098
vn 0.7372 0.0706 0.6719
vn 0.9705 -0.2388 0.0345
vn 0.7603 0.4563 0.4622
vn 0.5327 0.8219 -0.2016
vn 0.8884 0.4212 0.1827
vn 0.8800 -0.2777 0.3853
vn 0.7862 -0.3429 0.5141
vn 0.9399 -0.2867 -0.1856
vn 0.9529 -0.2525 -0.1680
vn 0.8175 -0.2257 -0.5299
vn 0.7824 -0.3153 -0.5371
vn 0.7544 -0.5274 -0.3908
vn 0.8176 -0.3699 -0.4411
vn 0.9072 -0.4207 -0.0069
vn 0.6201 -0.7535 0.2182
vn 0.4270 -0.8728 -0.2364
vn -0.1801 -0.9810 -0.0723
vn 0.4429 -0.8441 -0.3022
vn -0.1411 -0.9815 -0.1292
vn 0.6030 -0.7489 -0.2749
vn 0.9456 -0.0940 -0.3114
vn 0.0228 -0.9936 -0.1108
vn -0.8135 -0.5707 -0.1118
vn -0.9841 0.0123 -0.1771
vn -0.9014 0.4112 -0.1354
vn 0.7424 -0.5278 -0.4125
vn 0.7416 -0.5411 -0.3966
vn 0.9677 -0.2109 -0.1378
vn 0.7754 -0.5268 -0.3483
vn 0.9600 -0.2016 -0.1942
vn 0.7027 -0.6384 -0.3143
vn 0.6625 -0.6310 -0.4036
vn 0.6500 -0.5750 -0.4969
vn -0.8411 0.4415 -0.3125
vn 0.0387 0.4736 0.8799
vn 0.6285 0.4396 0.6417
vn 0.0578 0.8754 0.4799
vn -0.6067 0.7949 -0.0068
vn 0.1036 0.9911 -0.0834
vn -0.6593 0.5251 -0.5381
vn -0.5599 -0.7993 -0.2181
vn -0.7002 -0.3774 -0.6060
vn -0.0555 -0.8647 -0.4991
vn 0.6588 -0.7513 -0.0392
vn 0.3306 -0.7055 0.6269
vn 0.4228 -0.8924 0.1576
vn -0.3644 -0.9125 -0.1858
vn 0.5145 -0.8517 -0.0996
vn -0.3030 -0.9291 -0.2120
vn 0.5806 -0.7956 -0.1727
vn -0.2399 -0.9444 -0.2249
vn 0.6498 -0.7374 -0.1843
vn 0.9979 -0.0635 -0.0144
vn 0.7060 -0.6854 -0.1784
vn 0.9996 -0.0248 -0.0109
vn 0.8208 0.5530 0.1430
vn 0.8355 0.5297 0.1463
vn 0.1538 0.9561 0.2493
vn 0.2179 0.9418 0.2561
vn -0.7006 0.6912 0.1769
vn -0.6379 0.7444 0.1973
vn -0.9995 0.0306 0.0065
vn -0.9970 0.0735 0.0232
vn -0.8371 -0.5310 -0.1316
vn -0.8519 -0.5107 -0.1159
vn -0.1799 -0.9541 -0.2394
vn -0.9999 0.0148 -0.0030
vn -0.7490 0.6413 0.1667
vn -0.7765 0.6032 0.1824
vn -0.9963 0.0854 0.0093
vn 0.0585 0.9643 0.2582
vn 0.7640 0.6233 0.1666
vn 0.9966 0.0811 0.0133
vn -0.9891 -0.0674 -0.1311
vn -0.9841 -0.1225 -0.1287
vn -0.6248 -0.7410 -0.2461
vn -0.6076 -0.7508 -0.2592
vn 0.1101 -0.9560 -0.2720
vn 0.0452 -0.9647 -0.2593
vn 0.7963 -0.5790 -0.1750
vn 0.7534 -0.6397 -0.1524
vn 0.9824 0.1854 0.0249
vn 0.9833 0.1676 0.0704
vn 0.8442 -0.4993 -0.1949
vn 0.9822 0.1853 0.0294
vn 0.8957 -0.3945 -0.2049
vn 0.9792 0.2005 0.0308
vn 0.2187 -0.9200 -0.3252
vn 0.3506 -0.8562 -0.3796
vn -0.5571 -0.7824 -0.2784
vn -0.4319 -0.8235 -0.3678
vn -0.9827 -0.1704 -0.0731
vn -0.9419 -0.3012 -0.1487
vn -0.8683 -0.4284 -0.2501
vn -0.9776 -0.2040 0.0509
vn -0.9536 -0.1308 0.2711
vn -0.7714 -0.1849 0.6089
vn -0.7500 -0.3792 0.5419
vn -0.8390 -0.2116 0.5013
vn -0.9194 0.0637 0.3882
vn -0.9985 0.0044 -0.0554
vn -0.9294 -0.3291 0.1669
vn -0.8976 -0.1003 -0.4292
vn -0.8469 -0.4868 -0.2141
vn -0.9162 0.3540 0.1876
vn -0.9766 0.2149 0.0070
vn -0.9763 -0.0153 -0.2159
vn -0.9568 -0.1586 0.2438
vn -0.9130 0.0113 -0.4078
vn -0.2363 0.2428 -0.9409
vn 0.6511 0.3147 -0.6906
vn 0.6455 0.3041 -0.7006
vn 0.5956 0.3077 -0.7420
vn 0.9789 0.1553 -0.1325
vn 0.9743 0.1558 0.1625
vn 0.8213 -0.0713 0.5660
vn 0.7916 -0.0725 0.6067
vn 0.2742 -0.2376 0.9319
vn 0.4703 -0.1002 0.8768
vn -0.5769 -0.2981 0.7605
vn -0.4999 -0.2195 0.8378
vn 0.9698 0.1702 -0.1746
vn 0.8123 -0.0697 0.5791
vn 0.9588 0.1905 -0.2107
vn 0.8187 -0.0718 0.5696
vn 0.4197 0.3150 -0.8512
vn 0.5157 0.2967 -0.8038
vn -0.4305 0.2256 -0.8739
vn -0.4429 -0.8953 -0.0482
vn -0.1819 -0.9314 -0.3152
vn 0.3089 -0.8427 -0.4409
vn 0.9837 0.0679 -0.1666
vn 0.9979 -0.0175 -0.0624
vn 0.6014 0.7812 0.1674
vn 0.9980 -0.0084 0.0630
vn -0.6722 -0.7307 -0.1190
vn -0.8397 -0.5285 -0.1250
vn -0.8220 -0.5116 -0.2500
vn -0.9268 -0.1859 -0.3263
vn -0.9751 -0.0391 -0.2183
vn -0.9812 -0.1639 -0.1020
vn -0.9988 0.0413 0.0243
vn -0.6236 0.3075 0.7187
vn -0.7248 0.2811 0.6291
vn 0.0596 -0.1038 0.9928
vn 0.8419 -0.4343 0.3204
vn -0.6285 0.6551 0.4192
vn -0.1267 0.7215 0.6808
vn -0.2035 0.4215 0.8837
vn -0.9260 0.3647 0.0982
vn -0.9475 0.3196 -0.0092
vn -0.9690 0.2438 -0.0409
vn -0.9429 0.3211 -0.0890
vn 0.0867 0.3552 0.9308
vn 0.6315 0.3236 0.7046
vn 0.8232 0.1199 0.5550
vn 0.8538 0.5034 0.1328
vn 0.6639 0.7039 0.2526
vn 0.7448 0.4695 -0.4742
vn 0.5147 0.7532 -0.4096
vn 0.5111 0.1806 -0.8403
vn 0.2300 0.4592 -0.8581
vn -0.2320 0.6910 -0.6846
vn -0.5186 0.2978 -0.8015
vn 0.6864 0.0143 -0.7271
vn 0.8652 -0.3078 -0.3958
vn 0.8160 -0.4064 -0.4112
vn 0.8687 -0.4939 -0.0371
vn 0.8169 -0.5737 -0.0598
vn 0.9973 0.0100 -0.0723
vn 0.9210 0.1319 -0.3666
vn 0.5620 0.8236 -0.0766
vn 0.5192 0.8261 -0.2189
vn 0.9922 -0.0125 0.1237
vn 0.6011 0.7991 -0.0093
vn 0.3295 0.9403 -0.0852
vn 0.5910 0.8064 -0.0224
vn 0.7467 -0.6586 0.0925
vn 0.8515 -0.5212 0.0581
vn 0.8164 0.5590 -0.1447
vn 0.6266 0.1458 -0.7656
vn 0.4593 -0.5268 0.7152
vn 0.8311 -0.4182 0.3665
vn 0.4555 0.3102 0.8344
vn 0.7925 0.2921 0.5354
vn 0.1853 0.9715 -0.1478
vn 0.2580 0.7579 -0.5992
vn 0.2349 0.5482 -0.8027
vn -0.8475 -0.5308 -0.0020
vn -0.8038 -0.5945 -0.0233
vn -0.9947 -0.0995 -0.0255
vn -0.9479 -0.2192 -0.2312
vn -0.5901 -0.8068 0.0304
vn 0.6672 -0.7441 0.0337
vn -0.9155 -0.3754 -0.1446
vn -0.8758 -0.4445 -0.1881
vn -0.8864 -0.3771 -0.2685
vn -0.8765 -0.4291 0.2180
vn -0.9401 0.0361 -0.3391
vn -0.9723 -0.0550 0.2270
vn -0.7818 -0.1402 0.6075
vn -0.7256 -0.4348 0.5333
vn -0.4544 -0.2259 0.8617
vn -0.4427 -0.3900 0.8074
vn 0.0181 -0.2839 0.9587
vn -0.3985 -0.0639 0.9149
vn 0.1028 -0.2284 0.9681
vn 0.5654 -0.3397 0.7516
vn 0.4542 -0.2987 0.8393
vn 0.8564 -0.3643 0.3659
vn 0.8373 -0.2468 0.4879
vn 0.9474 -0.2897 -0.1365
vn 0.9875 -0.1418 -0.0691
vn 0.7502 -0.1213 -0.6500
vn 0.8083 -0.0394 -0.5874
vn 0.3580 0.0448 -0.9327
vn 0.6955 -0.1427 -0.7042
vn 0.3127 -0.0231 -0.9496
vn -0.1081 0.0493 -0.9929
vn -0.1028 0.1901 -0.9764
vn -0.6446 0.1023 -0.7576
vn -0.5859 0.2947 -0.7549
vn -0.9554 0.1200 -0.2700
vn -0.9080 0.2896 -0.3029
vn -0.9817 0.0605 0.1807
vn -0.9595 0.2048 0.1932
vn -0.7887 -0.0431 0.6133
vn -0.7809 0.0933 0.6177
vn -0.3592 -0.1697 0.9177
vn -0.7012 -0.0359 0.7120
vn -0.2591 -0.1231 0.9580
vn 0.2461 -0.1750 0.9533
vn 0.1646 -0.2700 0.9487
vn 0.6869 -0.1825 0.7034
vn 0.6439 -0.3173 0.6962
vn 0.9508 -0.1472 0.2725
vn 0.9041 -0.3095 0.2947
vn 0.9575 -0.0767 -0.2782
vn 0.9448 -0.2594 -0.1999
vn 0.6471 0.0126 -0.7623
vn 0.9443 0.0619 -0.3231
vn 0.6137 0.1375 -0.7774
vn 0.1111 0.1735 -0.9786
vn 0.2199 0.0706 -0.9730
vn -0.3158 0.1807 -0.9315
vn -0.2328 0.0951 -0.9679
vn -0.6813 0.2101 -0.7011
vn -0.7133 0.1105 -0.6920
vn -0.9562 0.2265 -0.1853
vn -0.9714 0.1020 -0.2144
vn -0.8827 0.1459 0.4467
vn -0.9592 0.0522 0.2778
vn -0.5433 0.0286 0.8391
vn -0.8018 0.1110 0.5872
vn -0.3807 -0.0690 0.9221
vn -0.0721 -0.1739 0.9821
vn -0.1280 -0.0292 0.9913
vn 0.3208 -0.0748 0.9442
vn 0.3495 -0.0239 0.9366
vn 0.7139 0.1766 0.6776
vn 0.7567 -0.0026 0.6537
vn 0.9188 0.3543 0.1740
vn 0.9772 0.0128 0.2118
vn 0.8335 0.3866 -0.3946
vn 0.7321 0.6579 0.1766
vn 0.6032 0.6679 -0.4359
vn 0.8163 0.5528 0.1678
vn 0.6398 0.5536 -0.5331
vn 0.7274 0.6730 0.1340
vn 0.5239 0.7278 -0.4425
vn 0.6050 0.7879 0.1149
vn 0.6061 0.7823 -0.1437
vn 0.4399 0.8549 -0.2751
vn 0.1949 0.8849 -0.4231
vn 0.0329 0.9875 -0.1545
vn 0.0439 0.9660 -0.2549
vn 0.0483 0.9544 -0.2945
vn -0.1156 0.9224 -0.3686
vn -0.1975 0.8943 -0.4016
vn -0.2849 0.8931 -0.3482
vn -0.3465 0.8864 -0.3071
vn -0.4278 0.8636 -0.2668
vn -0.4897 0.8401 -0.2332
vn -0.5594 0.8153 -0.1496
vn 0.0334 0.9994 0.0131
vn 0.5039 0.7857 0.3589
vn 0.5551 0.7309 0.3970
vn 0.5377 0.4126 0.7353
vn 0.5600 0.3869 0.7326
vn 0.2199 0.0476 0.9744
vn 0.1941 0.3537 0.9150
vn -0.0285 -0.1415 0.9895
vn 0.0283 0.3936 0.9188
vn -0.2508 -0.1683 0.9533
vn -0.2786 0.3461 0.8959
vn -0.7408 -0.1914 0.6438
vn -0.7618 0.3058 0.5711
vn -0.9753 -0.1464 -0.1655
vn -0.9657 0.1915 -0.1751
vn -0.6333 0.1037 -0.7670
vn -0.5986 -0.0585 -0.7989
vn -0.2243 0.9091 0.3510
vn 0.5616 0.7798 0.2767
vn -0.2364 0.9199 0.3129
vn 0.5501 0.7960 0.2524
vn 0.9271 0.3576 0.1126
vn 0.5395 0.8071 0.2400
vn 0.9310 0.3513 0.0991
vn 0.9763 -0.2086 -0.0574
vn 0.9696 -0.2425 -0.0341
vn 0.5925 -0.7835 -0.1875
vn 0.6666 -0.7412 -0.0798
vn 0.5823 -0.7867 -0.2050
vn -0.1689 -0.9559 -0.2404
vn -0.1326 -0.9614 -0.2410
vn 0.9739 -0.1996 -0.1080
vn 0.5777 -0.7625 -0.2914
vn -0.1639 -0.9123 -0.3752
vn -0.7779 -0.5395 -0.3223
vn -0.7794 -0.6108 -0.1393
vn -0.9953 -0.0964 0.0032
vn -0.9949 -0.1003 -0.0029
vn -0.7686 -0.6222 -0.1487
vn -0.9838 0.0172 -0.1785
vn -0.7829 0.6220 0.0100
vn -0.8439 0.5098 0.1674
vn -0.1876 0.9419 0.2785
vn -0.2116 0.9337 0.2890
vn -0.8575 0.4868 0.1663
vn -0.8800 0.4422 0.1732
vn -0.9906 -0.1359 -0.0135
vn -0.8945 0.4068 0.1852
vn -0.9790 -0.1961 -0.0555
vn -0.7301 -0.6605 -0.1753
vn 0.0104 -0.9811 -0.1931
vn 0.5494 0.8051 0.2236
vn 0.9250 0.3721 0.0775
vn 0.0009 -0.4773 0.8787
vn 0.2288 0.9592 0.1659
vn -0.0589 0.8222 -0.5661
vn 0.4078 0.5460 0.7319
vn -0.4554 -0.8800 0.1350
vn -0.8075 -0.3868 -0.4453
vn -0.8537 -0.2263 -0.4690
vn -0.5612 -0.8192 0.1181
vn -0.7845 0.0529 -0.6178
vn -0.6956 -0.7169 -0.0464
vn -0.7611 -0.5522 -0.3403
vn -0.3145 0.7543 -0.5763
vn 0.1971 0.9513 -0.2370
vn -0.2773 0.7219 -0.6340
vn 0.2829 0.9161 -0.2841
vn -0.7959 0.1227 -0.5929
vn -0.8357 0.1807 -0.5186
vn -0.6415 0.0887 -0.7619
vn -0.6874 0.2338 -0.6876
vn 0.0329 -0.1044 -0.9940
vn 0.0206 0.0509 -0.9985
vn -0.6307 -0.6349 -0.4462
vn -0.2991 -0.8752 -0.3801
vn -0.0641 -0.8471 -0.5275
vn 0.6901 -0.4711 -0.5494
vn 0.9423 0.3098 -0.1271
vn 0.4923 0.8170 0.3004
vn 0.5089 0.0844 -0.8567
vn 0.5953 0.7717 -0.2241
vn 0.2475 0.8733 0.4197
vn -0.3001 0.4634 0.8338
vn -0.2987 0.7949 0.5281
vn -0.9487 0.0460 0.3128
vn -0.9220 0.3487 0.1685
vn -0.6855 -0.4570 0.5668
vn -0.4447 -0.8889 -0.1096
vn -0.7158 -0.6717 -0.1910
vn -0.8701 -0.4614 -0.1730
vn -0.0004 -0.6893 -0.7245
vn -0.8190 -0.1458 -0.5550
vn 0.8448 0.5329 -0.0477
vn 0.8659 0.4997 -0.0225
vn 0.9961 0.0859 0.0182
vn 0.9257 0.0215 -0.3777
vn 0.8843 -0.4669 -0.0038
vn 0.7600 -0.4956 -0.4204
vn 0.6700 -0.5455 -0.5035
vn 0.8769 -0.0453 -0.4786
vn 0.7039 -0.7058 -0.0797
vn 0.9951 -0.0443 -0.0880
vn 0.6645 -0.7430 0.0804
vn 0.9985 -0.0523 0.0146
vn 0.6545 -0.7515 0.0830
vn 0.9966 -0.0698 0.0449
vn -0.0381 -0.9931 0.1111
vn -0.0652 -0.9928 0.1008
vn -0.7244 -0.6833 0.0913
vn -0.7388 -0.6690 0.0807
vn 0.4094 -0.7741 -0.4829
vn 0.7433 -0.3574 0.5655
vn 0.3139 0.9083 -0.2766
vn 0.5521 0.8337 -0.0030
vn 0.7861 0.1043 0.6092
vn 0.0862 -0.8447 0.5283
vn -0.3269 -0.9145 0.2382
vn -0.3580 -0.9069 0.2221
vn -0.6094 -0.7927 -0.0154
vn -0.5487 -0.8353 0.0345
vn -0.4012 -0.9101 0.1040
vn -0.6283 -0.7752 -0.0666
vn -0.8260 -0.1618 -0.5400
vn -0.1921 0.7850 -0.5890
vn -0.1993 -0.6749 -0.7105
vn -0.0937 -0.6302 -0.7708
vn -0.4590 -0.4498 -0.7661
vn -0.9307 -0.2750 -0.2412
vn 0.2645 -0.3765 -0.8879
vn 0.8516 -0.0944 -0.5156
vn 0.9578 0.2479 0.1456
vn 0.4373 0.3411 0.8321
vn 0.4681 0.4688 0.7491
vn -0.3441 0.3867 0.8556
vn -0.9073 0.0645 0.4156
vn -0.0580 0.9793 -0.1940
vn 0.3351 0.4263 -0.8402
vn -0.2810 0.9585 0.0489
vn -0.0974 0.9943 0.0431
vn 0.4457 -0.8253 -0.3466
vn -0.8757 0.3740 0.3055
vn -0.9120 0.3579 -0.2002
vn -0.9106 -0.3511 -0.2181
vn -0.9532 0.2490 -0.1715
vn -0.8466 -0.5015 -0.1784
vn -0.1810 -0.9803 -0.0788
vn -0.2686 -0.9585 -0.0955
vn 0.5787 -0.8090 0.1025
vn 0.5528 -0.8255 0.1138
vn 0.9277 -0.3308 0.1729
vn 0.8980 -0.4067 0.1677
vn 0.8502 -0.5253 0.0354
vn 0.9530 0.2799 0.1163
vn 0.9481 -0.2760 0.1582
vn 0.9166 0.3908 0.0842
vn 0.3876 0.9202 -0.0554
vn -0.4781 0.8660 -0.1465
vn 0.9578 -0.2604 0.1216
vn 0.8934 0.4473 0.0422
vn 0.5286 -0.8436 0.0943
vn 0.5746 -0.8113 0.1077
vn -0.0790 -0.9965 -0.0258
vn -0.7365 -0.6641 -0.1285
vn -0.9896 -0.1363 0.0451
vn -0.9027 -0.2691 0.3356
vn -0.4684 0.8098 0.3533
vn -0.8057 -0.3398 0.4853
vn -0.6282 0.7648 0.1431
vn -0.4259 0.9042 0.0339
vn 0.5129 0.8250 -0.2373
vn -0.7967 0.6031 0.0380
vn -0.5008 0.8467 -0.1795
vn -0.9068 0.4216 0.0066
vn -0.5769 0.7560 -0.3093
vn 0.8308 -0.4623 -0.3098
vn 0.3976 -0.8917 -0.2164
vn -0.0747 -0.9925 -0.0964
vn 0.1397 -0.9711 0.1936
vn -0.8373 -0.3796 -0.3935
vn -0.9287 -0.3050 -0.2109
vn -0.9675 -0.0863 0.2379
vn -0.3688 -0.7405 0.5618
vn -0.2465 -0.9041 0.3492
vn -0.4927 0.0014 0.8702
vn 0.0570 -0.6264 0.7775
vn -0.2660 -0.0485 0.9627
vn -0.7443 -0.3109 0.5911
vn -0.9398 0.0232 0.3410
vn -0.3827 0.2626 0.8858
vn -0.8269 -0.2329 -0.5118
vn -0.7766 -0.1185 -0.6188
vn -0.1360 -0.2006 -0.9702
vn -0.0783 0.0098 -0.9969
vn 0.5917 -0.1263 -0.7962
vn 0.4579 0.0860 -0.8848
vn 0.3106 0.2048 -0.9282
vn -0.0403 0.1184 -0.9921
vn 0.9923 0.1170 0.0406
vn 0.4408 0.3085 0.8429
vn -0.0294 -0.2056 -0.9782
vn -0.1095 -0.0619 -0.9921
vn -0.6738 -0.1103 -0.7306
vn 0.8028 -0.3696 0.4678
vn 0.9849 0.0698 0.1587
vn 0.7428 -0.3972 0.5390
vn 0.9736 0.0820 0.2128
vn 0.2142 -0.7208 0.6592
vn 0.1997 -0.7700 0.6060
vn 0.2398 -0.7509 0.6154
vn -0.4644 -0.7313 0.4996
vn -0.4041 -0.7489 0.5252
vn -0.8683 -0.4636 0.1765
vn -0.8547 -0.4990 0.1432
vn -0.3792 -0.7875 0.4859
vn -0.8810 -0.4583 0.1171
vn -0.3994 -0.7942 0.4579
vn 0.1666 -0.7965 0.5812
vn -0.4859 -0.7446 0.4577
vn 0.1069 -0.7815 0.6146
vn -0.9182 -0.3826 0.1029
vn -0.9717 -0.0602 -0.2285
vn -0.7635 0.3919 -0.5134
vn -0.9740 -0.0109 -0.2264
vn -0.7401 0.4199 -0.5253
vn -0.2554 0.7205 -0.6447
vn 0.3278 0.7813 -0.5312
vn 0.4217 -0.2885 0.8596
vn -0.6213 -0.3648 0.6935
vn 0.3193 -0.3158 0.8935
vn -0.6133 -0.3877 0.6881
vn 0.2809 -0.3443 0.8958
vn 0.8734 -0.0748 0.4813
vn 0.3074 -0.3461 0.8864
vn 0.8798 -0.0702 0.4702
vn 0.9809 0.1826 -0.0667
vn 0.9857 0.1642 -0.0368
vn 0.5793 0.4007 -0.7098
vn 0.6365 0.3802 -0.6711
vn -0.3213 0.3366 -0.8852
vn -0.2593 0.3469 -0.9013
vn -0.8703 0.0764 -0.4866
vn -0.8527 0.0943 -0.5139
vn -0.9811 -0.1826 0.0645
vn -0.9860 -0.1626 0.0375
vn -0.9916 -0.1297 0.0017
vn -0.5819 -0.4045 0.7055
vn -0.9739 -0.2046 0.0982
vn -0.5291 -0.4175 0.7388
vn 0.3547 -0.3348 0.8730
vn -0.4754 -0.4320 0.7664
vn 0.3852 -0.3266 0.8631
vn 0.8967 -0.0514 0.4397
vn 0.8911 -0.0598 0.4498
vn 0.9677 0.2071 -0.1441
vn 0.9750 0.1960 -0.1045
vn 0.4925 0.3842 -0.7809
vn 0.5351 0.4011 -0.7435
vn -0.3750 0.2845 -0.8823
vn -0.3579 0.3180 -0.8779
vn -0.8875 0.0321 -0.4597
vn -0.8813 0.0590 -0.4689
vn -0.9617 -0.2369 0.1381
vn -0.8906 -0.0099 -0.4547
vn -0.9366 -0.2818 0.2082
vn -0.4220 -0.4442 0.7904
vn 0.3771 -0.3332 0.8642
vn 0.8910 -0.0632 0.4496
vn 0.9586 0.1971 -0.2054
vn 0.4426 0.3329 -0.8326
vn -0.3668 0.2307 -0.9012
vn 0.4985 0.0272 -0.8665
vn -0.2754 -0.0673 -0.9590
vn 0.5489 -0.2009 -0.8114
vn -0.1593 -0.1135 -0.9807
vn 0.7322 -0.1050 -0.6730
vn 0.0042 -0.0909 -0.9959
vn -0.6346 -0.0346 -0.7720
vn 0.1250 -0.1200 -0.9849
vn -0.5784 -0.0529 -0.8140
vn 0.1790 -0.1614 -0.9705
vn 0.8695 -0.1899 -0.4559
vn 0.9007 -0.1594 -0.4041
vn 0.2323 -0.1441 -0.9619
vn 0.8255 -0.1360 -0.5478
vn 0.9550 -0.1140 0.2739
vn 0.5553 0.0067 0.8316
vn 0.5355 0.0526 0.8429
vn 0.9505 -0.0647 0.3040
vn 0.3957 -0.0963 -0.9133
vn -0.8206 -0.4164 -0.3915
vn 0.7296 -0.1794 -0.6599
vn -0.1678 -0.2779 -0.9458
vn -0.9026 -0.1725 -0.3945
vn -0.1764 -0.1372 -0.9747
vn -0.9492 -0.0771 -0.3051
vn -0.0598 -0.1146 -0.9916
vn -0.6283 0.7760 -0.0550
vn -0.5889 0.8004 0.1119
vn -0.5122 0.8161 0.2675
vn -0.5327 0.8010 0.2733
vn -0.5005 0.8072 0.3128
vn -0.4915 0.8307 0.2616
vn -0.3693 0.8754 0.3120
vn -0.2609 0.8998 0.3497
vn -0.5571 0.6673 0.4943
vn -0.4452 0.6335 0.6328
vn -0.2857 0.6225 0.7286
vn -0.1496 0.6969 0.7014
vn -0.0487 0.9208 0.3870
vn 0.0031 0.7914 0.6113
vn -0.0575 0.9879 0.1439
vn -0.0156 0.7751 0.6316
vn 0.0093 0.7603 0.6495
vn 0.0366 0.9198 0.3906
vn -0.0561 0.9875 0.1475
vn 0.0043 0.9863 0.1651
vn 0.0745 0.9800 0.1848
vn 0.1193 0.9782 0.1697
vn -0.7282 0.5150 0.4523
vn -0.7517 0.4639 0.4688
vn -0.6315 0.5834 0.5106
vn -0.6098 0.5741 0.5464
vn -0.5900 0.5401 0.6001
vn -0.3243 0.5988 0.7323
vn -0.5173 0.6273 0.5821
vn -0.4212 0.6657 0.6159
vn -0.1714 0.7327 0.6586
vn 0.6468 0.6117 0.4555
vn 0.4920 0.6206 0.6106
vn -0.3874 0.8312 0.3989
vn -0.0579 0.8899 0.4524
vn 0.7983 0.5643 0.2106
vn 0.8998 -0.3124 -0.3046
vn 0.9668 -0.1020 -0.2342
vn 0.0787 0.9641 0.2538
vn 0.8188 0.5739 0.0129
vn 0.8430 -0.4547 -0.2876
vn 0.4772 -0.8403 -0.2574
vn 0.8335 0.5522 0.0200
vn 0.7471 -0.3812 -0.5446
vn 0.3454 -0.7578 -0.5536
vn 0.6196 -0.1767 -0.7648
vn 0.2763 -0.8607 -0.4277
vn 0.3836 -0.9043 -0.1872
vn 0.2590 -0.9519 -0.1635
vn 0.4487 -0.8239 -0.3461
vn 0.8950 0.4445 0.0367
vn 0.9262 0.3767 -0.0150
vn 0.5684 -0.0865 -0.8182
vn 0.9843 0.1749 -0.0251
vn 0.6803 -0.4201 -0.6005
vn 0.3736 0.4138 0.8302
vn 0.3011 0.5770 0.7592
vn 0.2100 0.8401 0.5002
vn -0.1290 0.7719 0.6225
vn -0.0578 0.4644 0.8837
vn -0.0119 0.2565 0.9665
vn -0.2496 0.9321 0.2624
vn -0.5033 0.7934 0.3423
vn -0.5352 0.6337 0.5586
vn -0.4326 0.8572 0.2794
vn -0.7511 0.5185 0.4086
vn -0.5120 0.8437 0.1617
vn -0.9773 -0.1301 -0.1674
vn -0.8536 0.4049 0.3276
vn -0.9517 -0.2282 -0.2052
vn 0.9825 0.1853 0.0174
vn 0.9122 -0.2893 -0.2902
vn 0.8843 0.4106 -0.2222
vn 0.3667 0.8680 -0.3347
vn -0.8124 0.2727 -0.5153
vn -0.9063 -0.0195 -0.4223
vn 0.4377 -0.7948 0.4203
vn 0.4191 -0.8080 0.4141
vn 0.9675 0.0495 -0.2481
vn 0.4303 -0.3880 -0.8150
vn 0.9977 0.0348 -0.0586
vn 0.3385 -0.4563 -0.8229
vn 0.9891 -0.0019 -0.1471
vn 0.2523 -0.4948 -0.8316
vn 0.6405 0.3676 0.6742
vn -0.5526 -0.2843 0.7835
vn -0.2354 0.5046 0.8307
vn -0.1977 0.6528 0.7313
vn -0.8803 0.4380 -0.1823
vn -0.5766 -0.7179 0.3901
vn 0.2964 -0.8443 0.4464
vn -0.3959 0.1307 0.9090
vn -0.3540 0.1343 0.9256
vn 0.6155 0.0003 0.7882
vn -0.3074 0.1459 0.9403
vn -0.0307 -0.0225 0.9993
vn -0.1288 -0.9809 -0.1454
vn -0.5710 -0.8199 -0.0421
vn -0.0726 -0.8151 0.5748
vn -0.3115 -0.8010 0.5113
vn -0.5017 0.8636 -0.0502
vn -0.4124 -0.4167 0.8101
vn -0.5124 -0.4396 0.7377
vn -0.1367 -0.8081 0.5729
vn -0.2067 -0.7672 0.6072
vn -0.5143 -0.3701 0.7737
vn 0.0269 -0.7541 0.6562
vn 0.4718 -0.8472 0.2443
vn 0.2945 -0.9382 0.1817
vn 0.1648 -0.5773 0.7997
vn 0.6641 -0.6491 0.3709
vn 0.8732 -0.4432 -0.2025
vn 0.7335 -0.6050 -0.3097
vn 0.2522 -0.4123 0.8755
vn 0.7554 -0.4973 0.4267
vn 0.9030 -0.3973 -0.1634
vn 0.6085 -0.7221 -0.3292
vn -0.0154 -0.6106 0.7918
vn -0.3380 -0.1855 0.9227
vn -0.4488 0.0863 0.8895
vn 0.0186 0.5177 0.8554
vn -0.3963 0.1364 0.9079
vn 0.4913 0.7059 0.5102
vn 0.5487 0.7396 0.3898
vn 0.7873 0.6156 0.0347
vn 0.7847 0.6094 -0.1135
vn 0.8813 0.3319 -0.3364
vn 0.8217 0.3756 -0.4287
vn 0.9325 0.2446 -0.2656
vn 0.7962 -0.0603 -0.6021
vn 0.8347 -0.1405 -0.5325
vn 0.9966 0.0372 -0.0730
vn 0.8663 0.0188 0.4992
vn 0.7612 -0.0510 0.6465
vn 0.7013 0.1143 0.7036
vn 0.9908 0.0503 -0.1259
vn 0.2623 0.0472 0.9638
vn 0.4361 0.0983 0.8945
vn 0.0146 -0.0596 0.9981
vn -0.0974 -0.0462 0.9942
vn 0.3982 0.4005 -0.8252
vn 0.0811 -0.2949 -0.9521
vn 0.3370 0.4411 -0.8318
vn 0.3784 0.8987 0.2215
vn 0.1743 -0.1723 -0.9695
vn 0.4206 0.4180 -0.8052
vn 0.4720 -0.1378 -0.8708
vn 0.6712 0.1281 -0.7301
vn 0.4792 0.0873 -0.8734
vn 0.9912 -0.0061 -0.1322
vn -0.2164 -0.7777 -0.5902
vn 0.7227 -0.4423 0.5311
vn 0.3345 -0.4201 0.8435
vn 0.0552 -0.2340 0.9707
vn -0.4294 0.8690 0.2459
vn -0.1140 -0.0809 0.9902
vn -0.4398 -0.1558 0.8845
vn 0.9281 -0.3067 0.2113
vn 0.9347 -0.3416 0.0981
vn 0.4150 -0.4922 0.7652
vn -0.0138 -0.4791 0.8776
vn 0.0085 0.0724 0.9973
vn 0.5068 -0.0430 0.8610
vn -0.1225 -0.3435 0.9311
vn -0.1048 0.2307 0.9674
vn -0.0569 0.7645 0.6421
vn -0.0989 0.3684 0.9244
vn -0.0437 0.8420 0.5376
vn 0.0249 0.9992 -0.0308
vn 0.0068 0.9998 0.0172
vn 0.0781 0.7841 -0.6157
vn 0.0812 0.7812 -0.6190
vn 0.1029 0.2310 -0.9675
vn 0.0686 0.7738 -0.6298
vn 0.0807 0.2013 -0.9762
vn 0.0704 -0.4818 -0.8735
vn 0.0990 -0.4169 -0.9036
vn 0.0418 -0.9095 -0.4136
vn 0.0611 -0.5700 -0.8194
vn 0.0101 -0.9928 0.1198
vn -0.0225 -0.7584 0.6514
vn -0.0466 -0.7785 0.6259
vn -0.0405 -0.2281 0.9728
vn -0.1032 -0.2421 0.9648
vn -0.0778 -0.8132 0.5768
vn -0.0261 0.4266 0.9041
vn 0.0726 0.9094 0.4096
vn 0.0100 0.8854 0.4648
vn 0.1059 0.9856 -0.1318
vn 0.0425 0.9957 -0.0819
vn 0.1230 0.7409 -0.6603
vn 0.0292 0.6932 -0.7201
vn 0.0056 0.0245 -0.9997
vn 0.1067 0.1199 -0.9870
vn -0.0095 -0.6131 -0.7900
vn -0.5516 0.2138 -0.8062
vn -0.4685 -0.4826 -0.7401
vn -0.4923 -0.7880 -0.3697
vn -0.2314 -0.7574 -0.6106
vn 0.1470 -0.4751 -0.8676
vn -0.4113 0.6943 -0.5905
vn -0.4876 0.8125 -0.3196
vn -0.4566 0.6612 -0.5953
vn 0.8109 -0.5717 0.1248
vn 0.9492 0.0284 0.3135
vn 0.7774 0.0203 0.6286
vn 0.7055 -0.5530 0.4433
vn 0.7216 0.1423 0.6775
vn 0.7337 -0.4381 0.5193
vn 0.4665 -0.8741 0.1353
vn 0.7071 -0.3304 0.6253
vn 0.4662 -0.8540 0.2310
vn 0.6556 0.2707 0.7049
vn 0.4959 0.6415 0.5853
vn 0.5930 0.5460 0.5918
vn -0.6880 0.1348 -0.7131
vn -0.7430 0.0902 -0.6631
vn -0.9439 0.0935 -0.3166
vn -0.7960 0.0610 -0.6022
vn -0.8528 0.1303 -0.5057
vn -0.4279 0.0069 -0.9038
vn -0.8435 0.1722 -0.5088
vn -0.8575 0.0294 -0.5136
vn -0.6705 -0.7058 -0.2288
vn 0.3472 -0.8469 0.4028
vn 0.6762 -0.4202 0.6051
vn 0.8369 -0.5302 0.1362
vn 0.5508 -0.4033 0.7307
vn 0.0772 -0.1422 0.9868
vn -0.2468 0.0496 0.9678
vn 0.6852 -0.4551 -0.5686
vn 0.1159 -0.1730 -0.9781
vn 0.4846 0.8349 0.2611
vn 0.0910 0.9855 0.1431
vn 0.8798 0.3026 0.3667
vn 0.8688 0.3571 0.3430
vn 0.4549 0.8574 0.2406
vn 0.8172 -0.5082 0.2720
vn 0.8338 -0.4866 0.2609
vn 0.8239 -0.4935 0.2788
vn 0.8367 0.4079 0.3655
vn 0.4168 -0.9029 0.1052
vn 0.4509 -0.8860 0.1079
vn 0.4680 -0.8772 0.1077
vn 0.4884 -0.8670 0.0985
vn 0.8163 -0.5113 0.2686
vn -0.1036 -0.9919 -0.0728
vn -0.0844 -0.9940 -0.0702
vn -0.0637 -0.9952 -0.0740
vn -0.0225 -0.9944 -0.1029
vn 0.5126 -0.8569 0.0544
vn -0.4536 -0.8769 -0.1590
vn -0.3830 -0.9117 -0.1487
vn -0.3620 -0.9109 -0.1981
vn 0.0246 -0.9997 -0.0009
vn -0.8488 -0.4956 -0.1844
vn -0.7893 -0.5036 -0.3513
vn -0.8736 0.4643 -0.1458
vn -0.8608 0.4319 -0.2692
vn -0.5401 0.8389 -0.0668
vn -0.5465 0.8324 -0.0916
vn 0.0063 0.9946 0.1031
vn 0.0157 0.9959 0.0886
vn 0.4078 0.8870 0.2169
vn 0.4226 0.8877 0.1827
vn 0.8387 0.4084 0.3603
vn 0.8588 0.4526 0.2399
vn 0.8774 -0.4554 0.1510
vn 0.5565 -0.8282 0.0663
vn 0.4275 0.8738 0.2317
vn 0.0355 0.9930 0.1125
vn 0.0710 0.9889 0.1304
vn -0.5105 0.8577 -0.0604
vn -0.4790 0.8765 -0.0488
vn -0.4620 0.8864 -0.0302
vn -0.8521 0.4877 -0.1896
vn -0.8484 0.5024 -0.1671
vn -0.9043 -0.3380 -0.2606
vn -0.9276 -0.2864 -0.2401
vn -0.4959 -0.8486 -0.1840
vn -0.5253 -0.8321 -0.1780
vn -0.1307 -0.9887 -0.0736
vn -0.8896 -0.4101 -0.2011
vn -0.8613 0.4850 -0.1513
vn 0.9958 -0.0421 -0.0818
vn 0.0551 -0.7061 -0.7060
vn 0.0872 -0.9034 -0.4199
vn 0.1458 -0.4948 0.8567
vn 0.1371 -0.4479 0.8835
vn 0.1301 -0.4092 0.9031
vn 0.1042 -0.5580 0.8233
vn 0.0294 -0.7539 0.6563
vn 0.1556 -0.5534 0.8183
vn 0.1387 -0.4749 0.8691
vn 0.1240 -0.4495 0.8847
vn 0.1265 -0.4315 0.8932
vn 0.1301 -0.4091 0.9032
vn 0.1300 -0.4089 0.9033
vn -0.0099 -0.7725 0.6350
vn -0.0958 -0.8786 0.4678
vn -0.0906 -0.8830 0.4606
vn -0.0658 -0.8690 0.4904
vn -0.1167 -0.8610 0.4950
vn 0.0660 0.8090 0.5841
vn 0.0216 0.8147 0.5795
vn 0.0337 0.8319 0.5539
vn 0.0804 0.8156 0.5730
vn 0.1289 0.7854 0.6054
vn 0.1037 0.7846 0.6113
vn 0.1421 0.8136 0.5638
vn 0.0404 0.7700 0.6367
vn 0.2715 0.7860 0.5554
vn -0.7010 0.7110 0.0550
vn -0.5257 0.8502 0.0285
vn -0.1607 0.7266 0.6680
vn -0.0478 0.8786 0.4752
vn 0.0632 0.8302 0.5539
vn -0.2966 0.1529 -0.9427
vn 0.3170 0.7726 0.5501
vn 0.5714 0.6721 0.4709
vn 0.8604 0.0279 -0.5089
vn 0.9368 -0.1482 -0.3169
vn 0.2860 0.9259 0.2469
vn 0.5670 0.7678 0.2983
vn 0.4842 -0.5130 0.7088
vn -0.0835 -0.7659 -0.6375
vn 0.1865 -0.3762 0.9076
vn -0.0385 -0.9137 -0.4047
vn -0.0129 -0.9466 -0.3223
vn -0.2794 -0.7425 -0.6088
vn -0.0924 -0.9209 -0.3788
vn -0.0369 -0.9600 -0.2776
vn 0.0873 -0.9899 -0.1118
vn 0.1671 -0.9592 0.2281
vn 0.1221 -0.9894 -0.0785
vn 0.1951 -0.9769 0.0873
vn 0.0001 -0.9758 -0.2189
vn -0.1056 -0.9330 -0.3439
vn -0.0586 -0.9657 -0.2528
vn -0.6545 -0.5494 -0.5194
vn 0.1850 -0.8179 -0.5448
vn 0.0805 -0.9259 -0.3692
vn 0.1873 -0.9329 -0.3075
vn 0.3831 -0.8410 -0.3820
vn -0.0295 -0.8280 -0.5599
vn -0.1775 -0.5308 -0.8287
vn -0.1928 -0.4823 -0.8546
vn 0.8959 -0.0906 -0.4349
vn 0.6289 0.4664 0.6220
vn 0.6418 0.6091 0.4660
vn 0.6356 0.6842 0.3576
vn 0.4336 -0.7076 -0.5579
vn 0.6290 0.6241 0.4635
vn -0.4866 0.7596 0.4315
vn -0.4864 0.7597 0.4316
vn 0.6433 0.6138 0.4576
vn 0.8421 -0.5322 -0.0869
vn 0.8904 -0.4521 -0.0537
vn 0.9505 0.0038 -0.3106
vn -0.2794 -0.9561 -0.0879
vn -0.1695 -0.9759 -0.1375
vn -0.2518 -0.9603 -0.1203
vn -0.3254 -0.9405 -0.0978
vn -0.1346 -0.9615 -0.2395
vn -0.0130 -0.9459 -0.3241
vn 0.2219 -0.8740 -0.4323
vn -0.1492 -0.9715 -0.1844
vn -0.2799 -0.9513 -0.1293
vn -0.1207 -0.9679 -0.2204
vn 0.3546 -0.7990 -0.4857
vn 0.9272 -0.3419 0.1528
vn -0.2791 -0.9455 -0.1677
vn -0.3119 -0.9419 -0.1243
vn -0.1673 -0.9660 -0.1969
vn 0.4784 -0.7143 -0.5109
vn 0.0230 -0.9896 -0.1419
vn 0.2564 -0.9628 -0.0851
vn 0.0797 -0.9870 -0.1397
vn -0.0415 -0.9805 -0.1921
vn 0.1042 -0.6757 -0.7298
vn 0.7035 -0.6968 -0.1401
vn 0.5836 -0.8031 -0.1202
vn 0.0168 -0.9226 0.3855
vn -0.9043 -0.0964 0.4158
vn 0.6433 0.6141 0.4572
vn 0.5887 0.4181 0.6918
vn 0.3035 -0.0298 0.9524
vn -0.4242 0.8232 0.3774
vn -0.5267 0.2720 0.8054
vn -0.8974 -0.0562 0.4376
vn -0.4865 0.7597 0.4315
vn -0.2451 0.9176 0.3131
vn -0.7880 0.5321 -0.3097
vn -0.4538 0.7917 0.4090
vn 0.2098 0.9775 0.0214
vn 0.6493 0.2676 -0.7119
vn -0.3868 0.8477 0.3629
vn 0.7872 -0.0318 -0.6159
vn 0.4431 -0.7127 -0.5438
vn -0.4865 0.7596 0.4315
vn -0.2839 0.5398 0.7925
vn -0.2939 0.5488 0.7826
vn 0.5379 -0.2436 -0.8070
vn 0.5053 0.7963 -0.3324
vn -0.2186 0.8963 0.3857
vn -0.5178 0.7675 0.3779
vn -0.3963 0.8539 0.3373
vn -0.3122 0.8258 0.4697
vn -0.7155 0.6084 0.3435
vn -0.5486 0.7984 0.2482
vn -0.1148 0.8755 0.4694
vn -0.0577 0.9093 0.4120
vn -0.3055 0.6707 0.6759
vn -0.2775 0.7933 0.5418
vn -0.3158 0.7406 0.5931
vn -0.3121 0.8604 0.4030
vn -0.2820 0.8376 0.4678
vn -0.2750 0.9312 0.2392
vn -0.2613 0.8843 0.3869
vn -0.2407 0.9596 0.1456
vn -0.2930 0.8958 0.3342
vn -0.2548 0.9609 0.1082
vn -0.3132 0.7731 0.5516
vn -0.2641 0.7419 0.6163
vn -0.2674 0.6656 0.6967
vn -0.3045 0.5735 0.7605
vn -0.3181 0.5396 0.7795
vn -0.0000 -1.0000 -0.0000
vt 0.698063 0.120360
vt 0.704903 0.121526
vt 0.705454 0.133466
vt 0.698063 0.134239
vt 0.534419 0.878549
vt 0.535393 0.892415
vt 0.528645 0.892297
vt 0.526820 0.881650
vt 0.524394 0.875157
vt 0.532786 0.871040
vt 0.871301 0.197189
vt 0.885943 0.196008
vt 0.883149 0.203685
vt 0.871301 0.204566
vt 0.968936 0.667701
vt 0.973387 0.665701
vt 0.973387 0.679375
vt 0.968215 0.678350
vt 0.905011 0.449884
vt 0.907204 0.459990
vt 0.902495 0.459821
vt 0.901260 0.447940
vt 0.983173 0.382302
vt 0.987443 0.381958
vt 0.988048 0.386761
vt 0.983783 0.386757
vt 0.927866 0.038493
vt 0.927912 0.049255
vt 0.922423 0.048390
vt 0.924180 0.035834
vt 0.983173 0.390667
vt 0.988017 0.391528
vt 0.488622 0.878007
vt 0.492023 0.874460
vt 0.494223 0.888401
vt 0.489147 0.889742
vt 0.488622 0.907299
vt 0.494864 0.905759
vt 0.208255 0.914587
vt 0.208255 0.925875
vt 0.200192 0.929659
vt 0.198309 0.919775
vt 0.916288 0.209139
vt 0.922050 0.209278
vt 0.922547 0.220655
vt 0.915523 0.222368
vt 0.144535 0.616989
vt 0.148084 0.628052
vt 0.144044 0.629377
vt 0.141535 0.615655
vt 0.146586 0.613357
vt 0.152206 0.626623
vt 0.985554 0.377732
vt 0.981380 0.376560
vt 0.982052 0.373270
vt 0.985554 0.373036
vt 0.874998 0.141559
vt 0.876465 0.152182
vt 0.871635 0.153216
vt 0.871301 0.138885
vt 0.876181 0.138031
vt 0.881904 0.148992
vt 0.979342 0.862415
vt 0.979962 0.858304
vt 0.983530 0.858505
vt 0.983355 0.862481
vt 0.101514 0.799298
vt 0.112778 0.804215
vt 0.110722 0.811681
vt 0.100623 0.812926
vt 0.091783 0.813933
vt 0.092771 0.800476
vt 0.907147 0.486657
vt 0.899038 0.486149
vt 0.898127 0.475980
vt 0.905448 0.474295
vt 0.257714 0.388753
vt 0.249787 0.407212
vt 0.245329 0.403588
vt 0.249717 0.388977
vt 0.523130 0.882227
vt 0.523467 0.890035
vt 0.517571 0.885144
vt 0.517862 0.875726
vt 0.574394 0.604019
vt 0.570954 0.603679
vt 0.572077 0.592941
vt 0.576951 0.596489
vt 0.545288 0.968506
vt 0.539090 0.971196
vt 0.539801 0.959699
vt 0.545288 0.957779
vt 0.070833 0.963114
vt 0.077512 0.968974
vt 0.075580 0.972256
vt 0.071124 0.969931
vt 0.206793 0.935651
vt 0.203343 0.937976
vt 0.821272 0.641574
vt 0.829787 0.641699
vt 0.827622 0.645897
vt 0.821528 0.647536
vt 0.195966 0.979752
vt 0.198990 0.984961
vt 0.202395 0.988862
vt 0.195349 0.988862
vt 0.642068 0.695421
vt 0.649660 0.697935
vt 0.647625 0.703199
vt 0.642068 0.704026
vt 0.085137 0.812994
vt 0.085137 0.798645
vt 0.361502 0.371089
vt 0.350441 0.375123
vt 0.341287 0.366718
vt 0.353179 0.361578
vt 0.360881 0.353990
vt 0.367254 0.359807
vt 0.070833 0.974898
vt 0.075479 0.976033
vt 0.533709 0.971945
vt 0.534317 0.958648
vt 0.580572 0.433925
vt 0.584574 0.435584
vt 0.584044 0.443057
vt 0.580776 0.442779
vt 0.345533 0.377413
vt 0.338373 0.369268
vt 0.337377 0.358079
vt 0.348184 0.353282
vt 0.298772 0.949053
vt 0.300485 0.940850
vt 0.309122 0.941633
vt 0.309061 0.948811
vt 0.964434 0.665701
vt 0.964434 0.681511
vt 0.961176 0.680324
vt 0.959835 0.666366
vt 0.295360 0.946156
vt 0.296927 0.938369
vt 0.621039 0.955453
vt 0.617232 0.959514
vt 0.613343 0.954189
vt 0.619741 0.951168
vt 0.821315 0.661707
vt 0.821272 0.657972
vt 0.825626 0.657032
vt 0.827115 0.661114
vt 0.829751 0.654277
vt 0.822740 0.653193
vt 0.829714 0.650320
vt 0.833596 0.657122
vt 0.835334 0.649316
vt 0.973390 0.103850
vt 0.979975 0.103850
vt 0.980430 0.109407
vt 0.971755 0.108978
vt 0.513164 0.987440
vt 0.508358 0.988698
vt 0.508358 0.979648
vt 0.513761 0.981191
vt 0.966798 0.745881
vt 0.966592 0.751329
vt 0.959729 0.750863
vt 0.962404 0.743836
vt 0.569606 0.979682
vt 0.576881 0.979682
vt 0.576667 0.984004
vt 0.568076 0.983807
vt 0.021645 0.952209
vt 0.018295 0.951157
vt 0.019588 0.944382
vt 0.024194 0.944665
vt 0.951045 0.766560
vt 0.952699 0.770545
vt 0.947031 0.772486
vt 0.947031 0.766549
vt 0.224696 0.908441
vt 0.218863 0.909810
vt 0.219206 0.902250
vt 0.224088 0.901852
vt 0.915523 0.235567
vt 0.916446 0.231052
vt 0.921468 0.230379
vt 0.916601 0.238105
vt 0.984879 0.751771
vt 0.978698 0.750435
vt 0.978682 0.746250
vt 0.982890 0.748355
vt 0.561604 0.963677
vt 0.564286 0.963046
vt 0.564286 0.968576
vt 0.560729 0.967136
vt 0.141535 0.670771
vt 0.143472 0.659565
vt 0.149284 0.659788
vt 0.148580 0.669463
vt 0.621039 0.942813
vt 0.613184 0.946562
vt 0.853410 0.974251
vt 0.847074 0.976076
vt 0.847074 0.970231
vt 0.853709 0.969763
vt 0.523376 0.942364
vt 0.527337 0.941811
vt 0.529061 0.945401
vt 0.524014 0.947240
vt 0.517571 0.947723
vt 0.517786 0.941969
vt 0.525004 0.953123
vt 0.525314 0.959391
vt 0.519705 0.959391
vt 0.518978 0.953807
vt 0.624909 0.969983
vt 0.624909 0.963540
vt 0.629296 0.961451
vt 0.630950 0.967023
vt 0.578007 0.870755
vt 0.579057 0.876663
vt 0.573757 0.878515
vt 0.571935 0.873796
vt 0.631613 0.973989
vt 0.627219 0.974845
vt 0.361821 0.786591
vt 0.363018 0.776114
vt 0.369859 0.777292
vt 0.370536 0.786849
vt 0.358031 0.783772
vt 0.358428 0.776753
vt 0.962700 0.475107
vt 0.960440 0.466059
vt 0.967478 0.466059
vt 0.967118 0.475029
vt 0.362855 0.797924
vt 0.355229 0.802940
vt 0.353207 0.792713
vt 0.368572 0.798815
vt 0.883554 0.401532
vt 0.877842 0.405068
vt 0.877374 0.391296
vt 0.886320 0.392849
vt 0.963028 0.892456
vt 0.963973 0.885520
vt 0.969704 0.886387
vt 0.969348 0.891293
vt 0.935026 0.890514
vt 0.927138 0.891116
vt 0.926097 0.884276
vt 0.933302 0.883303
vt 0.052828 0.865352
vt 0.056173 0.862680
vt 0.061642 0.866640
vt 0.057633 0.870543
vt 0.048343 0.857345
vt 0.051626 0.856364
vt 0.988364 0.112524
vt 0.984210 0.111693
vt 0.984210 0.103850
vt 0.988222 0.104197
vt 0.969704 0.895278
vt 0.963503 0.896657
vt 0.977952 0.804066
vt 0.970842 0.804605
vt 0.970620 0.798654
vt 0.979883 0.798910
vt 0.062792 0.987980
vt 0.054945 0.987980
vt 0.057042 0.980050
vt 0.062372 0.979882
vt 0.228377 0.959701
vt 0.228623 0.955094
vt 0.237368 0.954099
vt 0.236035 0.959105
vt 0.877971 0.057701
vt 0.879496 0.064427
vt 0.872443 0.064661
vt 0.873616 0.058010
vt 0.873943 0.051114
vt 0.877347 0.051114
vt 0.924428 0.691338
vt 0.928357 0.685560
vt 0.931519 0.685914
vt 0.928035 0.693512
vt 0.987490 0.689121
vt 0.991599 0.688329
vt 0.991599 0.695222
vt 0.987591 0.694699
vt 0.883475 0.058232
vt 0.885730 0.062183
vt 0.987712 0.912457
vt 0.983213 0.912362
vt 0.982868 0.902653
vt 0.987712 0.903387
vt 0.826287 0.801927
vt 0.826840 0.792595
vt 0.832152 0.792416
vt 0.831406 0.804734
vt 0.451718 0.964339
vt 0.453301 0.970125
vt 0.446039 0.969552
vt 0.447287 0.963068
vt 0.216919 0.975283
vt 0.216121 0.969851
vt 0.223636 0.970770
vt 0.224597 0.976119
vt 0.873228 0.262851
vt 0.871654 0.269129
vt 0.866099 0.270150
vt 0.865999 0.262851
vt 0.553732 0.871348
vt 0.555320 0.875450
vt 0.550459 0.876966
vt 0.549074 0.870755
vt 0.992605 0.653171
vt 0.988920 0.654725
vt 0.987265 0.647741
vt 0.992933 0.647741
vt 0.788078 0.545637
vt 0.782449 0.544139
vt 0.783395 0.530435
vt 0.787718 0.533841
vt 0.910032 0.703238
vt 0.909998 0.715523
vt 0.906340 0.714962
vt 0.905726 0.704415
vt 0.785763 0.557664
vt 0.781807 0.557560
vt 0.981336 0.261691
vt 0.984518 0.260696
vt 0.984518 0.271110
vt 0.980307 0.270984
vt 0.934863 0.675847
vt 0.926852 0.676742
vt 0.924831 0.447381
vt 0.933075 0.447381
vt 0.931690 0.460117
vt 0.926451 0.459799
vt 0.677253 0.422471
vt 0.674617 0.434349
vt 0.669116 0.434140
vt 0.671190 0.421173
vt 0.924428 0.667619
vt 0.926103 0.665700
vt 0.848300 0.965406
vt 0.852826 0.963098
vt 0.848809 0.980460
vt 0.853709 0.979856
vt 0.853709 0.988531
vt 0.847864 0.986820
vt 0.990270 0.201388
vt 0.990791 0.207749
vt 0.985740 0.207886
vt 0.985740 0.200660
vt 0.962172 0.400709
vt 0.966582 0.400709
vt 0.966828 0.405372
vt 0.962099 0.406015
vt 0.098686 0.847808
vt 0.094945 0.845080
vt 0.095179 0.841238
vt 0.101522 0.842451
vt 0.104959 0.850189
vt 0.102835 0.855327
vt 0.097139 0.852124
vt 0.589367 0.877837
vt 0.585370 0.879534
vt 0.583957 0.875833
vt 0.588425 0.874417
vt 0.378442 0.531065
vt 0.376063 0.519515
vt 0.381212 0.518865
vt 0.382044 0.532836
vt 0.577350 0.276721
vt 0.580454 0.273975
vt 0.579943 0.288583
vt 0.575014 0.288374
vt 0.975196 0.863481
vt 0.971318 0.863314
vt 0.970491 0.859236
vt 0.974838 0.859725
vt 0.533851 0.602199
vt 0.530835 0.604881
vt 0.531865 0.590795
vt 0.536202 0.590895
vt 0.906771 0.610872
vt 0.906771 0.614897
vt 0.903157 0.616569
vt 0.903319 0.612752
vt 0.253060 0.534139
vt 0.251959 0.522662
vt 0.256754 0.522576
vt 0.255805 0.536832
vt 0.528002 0.602435
vt 0.527034 0.590626
vt 0.776042 0.655625
vt 0.779915 0.655835
vt 0.781792 0.658959
vt 0.777225 0.659331
vt 0.575516 0.449854
vt 0.578956 0.447381
vt 0.577909 0.461522
vt 0.572924 0.461239
vt 0.987480 0.304635
vt 0.991443 0.306554
vt 0.991634 0.311591
vt 0.987480 0.309380
vt 0.385280 0.529452
vt 0.385909 0.518539
vt 0.133173 0.566974
vt 0.131913 0.556632
vt 0.137080 0.556216
vt 0.135913 0.569762
vt 0.987428 0.760612
vt 0.986496 0.768680
vt 0.982263 0.770630
vt 0.982263 0.761257
vt 0.987256 0.575557
vt 0.992318 0.574197
vt 0.992318 0.581218
vt 0.987618 0.580103
vt 0.419688 0.959186
vt 0.417609 0.954112
vt 0.423199 0.949434
vt 0.428120 0.957139
vt 0.770025 0.097458
vt 0.778058 0.097772
vt 0.777515 0.114203
vt 0.768922 0.112980
vt 0.761395 0.090738
vt 0.770211 0.086927
vt 0.758465 0.112587
vt 0.755429 0.098708
vt 0.752625 0.093040
vt 0.887432 0.810007
vt 0.893069 0.808515
vt 0.893334 0.816828
vt 0.887725 0.819263
vt 0.093545 0.980464
vt 0.094532 0.986639
vt 0.088191 0.988899
vt 0.088191 0.979761
vt 0.891249 0.116361
vt 0.891849 0.124434
vt 0.885699 0.127281
vt 0.885699 0.119127
vt 0.962343 0.056014
vt 0.962343 0.064714
vt 0.957800 0.062014
vt 0.955080 0.055804
vt 0.729408 0.273975
vt 0.736763 0.274655
vt 0.736166 0.284603
vt 0.731438 0.286833
vt 0.726553 0.290728
vt 0.726328 0.280710
vt 0.425161 0.941810
vt 0.434328 0.942314
vt 0.434274 0.949967
vt 0.272749 0.622923
vt 0.270372 0.628305
vt 0.262643 0.631324
vt 0.271111 0.618582
vt 0.276087 0.623197
vt 0.276839 0.626647
vt 0.853756 0.926065
vt 0.856954 0.927089
vt 0.857483 0.930656
vt 0.853756 0.932649
vt 0.831999 0.896600
vt 0.832370 0.906127
vt 0.829244 0.904453
vt 0.828064 0.901213
vt 0.823360 0.903661
vt 0.820342 0.891325
vt 0.270154 0.633174
vt 0.267469 0.636717
vt 0.256715 0.623143
vt 0.265284 0.613186
vt 0.208755 0.278584
vt 0.207502 0.293880
vt 0.198689 0.295316
vt 0.198309 0.283314
vt 0.728868 0.879965
vt 0.723782 0.869703
vt 0.731061 0.853903
vt 0.734767 0.863761
vt 0.932624 0.970881
vt 0.922238 0.970881
vt 0.924113 0.957748
vt 0.931871 0.956837
vt 0.706789 0.270088
vt 0.706789 0.248178
vt 0.711386 0.250749
vt 0.714963 0.263975
vt 0.779797 0.811902
vt 0.781422 0.794361
vt 0.791453 0.798747
vt 0.795394 0.815488
vt 0.444960 0.909911
vt 0.445091 0.893374
vt 0.460009 0.884011
vt 0.461670 0.893957
vt 0.845659 0.893836
vt 0.834563 0.886886
vt 0.835422 0.879900
vt 0.847082 0.883883
vt 0.841338 0.901117
vt 0.854951 0.886071
vt 0.857534 0.896927
vt 0.857442 0.904599
vt 0.849337 0.903250
vt 0.962643 0.293891
vt 0.962877 0.304065
vt 0.956451 0.305046
vt 0.956018 0.299099
vt 0.395713 0.276515
vt 0.400950 0.273975
vt 0.403775 0.279020
vt 0.399600 0.281892
vt 0.400270 0.289983
vt 0.392675 0.286645
vt 0.913384 0.558341
vt 0.905966 0.557227
vt 0.907310 0.546810
vt 0.911729 0.552288
vt 0.911132 0.566762
vt 0.905966 0.568094
vt 0.012916 0.978566
vt 0.012676 0.988656
vt 0.005403 0.987819
vt 0.004308 0.978566
vt 0.857380 0.936429
vt 0.857380 0.942058
vt 0.853756 0.942434
vt 0.854640 0.936489
vt 0.962099 0.412142
vt 0.963411 0.409795
vt 0.968425 0.414201
vt 0.968557 0.421223
vt 0.377092 0.823141
vt 0.377603 0.820113
vt 0.384099 0.821781
vt 0.380663 0.827550
vt 0.960094 0.309827
vt 0.956018 0.308232
vt 0.662198 0.134210
vt 0.662683 0.129276
vt 0.666543 0.126748
vt 0.666543 0.133046
vt 0.183705 0.979428
vt 0.186353 0.988718
vt 0.178644 0.985424
vt 0.178768 0.979428
vt 0.733135 0.921510
vt 0.738293 0.927369
vt 0.737573 0.932285
vt 0.730567 0.928810
vt 0.310022 0.771670
vt 0.310743 0.777750
vt 0.306616 0.779789
vt 0.304384 0.777058
vt 0.404076 0.300805
vt 0.408791 0.294465
vt 0.418330 0.296482
vt 0.415731 0.303334
vt 0.412643 0.313438
vt 0.401599 0.313550
vt 0.396817 0.299099
vt 0.578084 0.963230
vt 0.578084 0.975902
vt 0.568076 0.973275
vt 0.570848 0.963345
vt 0.390244 0.298909
vt 0.407394 0.285872
vt 0.413280 0.289245
vt 0.311422 0.788903
vt 0.305528 0.788583
vt 0.985813 0.361001
vt 0.986258 0.369255
vt 0.981379 0.369255
vt 0.982955 0.358924
vt 0.274942 0.934820
vt 0.273707 0.930230
vt 0.273345 0.925231
vt 0.278642 0.924732
vt 0.025474 0.711605
vt 0.020587 0.713096
vt 0.019955 0.708133
vt 0.025195 0.707939
vt 0.972712 0.633245
vt 0.972712 0.623164
vt 0.978664 0.624668
vt 0.979885 0.634942
vt 0.596512 0.730715
vt 0.607297 0.728364
vt 0.610243 0.737521
vt 0.602422 0.746871
vt 0.900111 0.560960
vt 0.900111 0.568917
vt 0.894655 0.567733
vt 0.894015 0.562398
vt 0.234882 0.976173
vt 0.229431 0.972557
vt 0.228377 0.963481
vt 0.234882 0.964540
vt 0.636596 0.935030
vt 0.624909 0.935417
vt 0.624909 0.925401
vt 0.639285 0.924343
vt 0.613765 0.742202
vt 0.610831 0.750437
vt 0.485321 0.290079
vt 0.485043 0.313386
vt 0.480562 0.311097
vt 0.479482 0.292855
vt 0.611245 0.764881
vt 0.599090 0.766298
vt 0.474040 0.281559
vt 0.476686 0.273975
vt 0.984232 0.400567
vt 0.986538 0.400082
vt 0.988362 0.404664
vt 0.984232 0.408705
vt 0.800654 0.354618
vt 0.794628 0.355121
vt 0.794628 0.348736
vt 0.796996 0.349554
vt 0.863193 0.162183
vt 0.863908 0.150319
vt 0.867521 0.159699
vt 0.865791 0.157255
vt 0.720611 0.385201
vt 0.723596 0.372478
vt 0.728660 0.371784
vt 0.727359 0.383539
vt 0.856481 0.149467
vt 0.856167 0.138940
vt 0.862182 0.138031
vt 0.726660 0.397096
vt 0.720802 0.396379
vt 0.856720 0.162866
vt 0.632623 0.907432
vt 0.635413 0.913732
vt 0.633368 0.918034
vt 0.626626 0.915828
vt 0.885778 0.835000
vt 0.875762 0.833497
vt 0.880755 0.825365
vt 0.887224 0.827187
vt 0.892428 0.825602
vt 0.892520 0.833220
vt 0.892564 0.837762
vt 0.887335 0.839664
vt 0.291580 0.907547
vt 0.290895 0.913018
vt 0.283880 0.912478
vt 0.285084 0.909731
vt 0.891195 0.131964
vt 0.888019 0.134142
vt 0.510137 0.944845
vt 0.507783 0.950905
vt 0.496325 0.943586
vt 0.502527 0.941707
vt 0.394249 0.956236
vt 0.403041 0.952967
vt 0.401673 0.961192
vt 0.397880 0.961866
vt 0.276947 0.632934
vt 0.275911 0.638106
vt 0.273330 0.909021
vt 0.281347 0.918270
vt 0.273330 0.918873
vt 0.506673 0.958761
vt 0.496325 0.959391
vt 0.251079 0.643171
vt 0.245169 0.631003
vt 0.601894 0.034529
vt 0.596341 0.056216
vt 0.589768 0.054685
vt 0.595902 0.032704
vt 0.978119 0.894280
vt 0.974974 0.893112
vt 0.974974 0.882674
vt 0.979601 0.886515
vt 0.541405 0.822238
vt 0.541523 0.839687
vt 0.537237 0.839411
vt 0.538501 0.823305
vt 0.602111 0.016798
vt 0.606894 0.018173
vt 0.962216 0.151114
vt 0.961702 0.147442
vt 0.967216 0.148091
vt 0.965624 0.152872
vt 0.303263 0.366236
vt 0.308558 0.364051
vt 0.310210 0.368150
vt 0.302712 0.370145
vt 0.928358 0.311979
vt 0.924619 0.311785
vt 0.924619 0.305843
vt 0.928171 0.306290
vt 0.161392 0.716054
vt 0.156625 0.717813
vt 0.157417 0.710076
vt 0.162057 0.710052
vt 0.240588 0.645751
vt 0.231784 0.635212
vt 0.781920 0.612487
vt 0.787465 0.626517
vt 0.781781 0.629354
vt 0.776042 0.618972
vt 0.784679 0.599792
vt 0.790087 0.601997
vt 0.790338 0.612253
vt 0.170589 0.665856
vt 0.162775 0.666898
vt 0.162275 0.656714
vt 0.168428 0.654305
vt 0.794150 0.624303
vt 0.177871 0.651389
vt 0.179498 0.657489
vt 0.788580 0.590968
vt 0.799793 0.592561
vt 0.798593 0.603565
vt 0.794920 0.572768
vt 0.800433 0.573357
vt 0.190823 0.655568
vt 0.182481 0.663356
vt 0.185401 0.651249
vt 0.572092 0.121348
vt 0.580468 0.121897
vt 0.583372 0.141438
vt 0.581191 0.142196
vt 0.660295 0.395153
vt 0.654474 0.391373
vt 0.654975 0.379047
vt 0.659156 0.378440
vt 0.578367 0.105745
vt 0.585079 0.106426
vt 0.880115 0.171199
vt 0.871960 0.172124
vt 0.889040 0.163360
vt 0.893355 0.172437
vt 0.890120 0.178146
vt 0.888499 0.185012
vt 0.878179 0.184259
vt 0.871301 0.184225
vt 0.183921 0.646170
vt 0.183079 0.648289
vt 0.176474 0.644662
vt 0.644598 0.379642
vt 0.649131 0.378810
vt 0.651285 0.389416
vt 0.649310 0.391399
vt 0.987202 0.024744
vt 0.984968 0.025301
vt 0.983111 0.017554
vt 0.983111 0.027316
vt 0.231317 0.407320
vt 0.236815 0.415803
vt 0.225151 0.433436
vt 0.221730 0.428876
vt 0.220309 0.425565
vt 0.225722 0.405610
vt 0.238847 0.398292
vt 0.906069 0.535021
vt 0.906716 0.527052
vt 0.911700 0.528077
vt 0.909408 0.537731
vt 0.204931 0.447973
vt 0.203583 0.451536
vt 0.198309 0.450642
vt 0.200952 0.445951
vt 0.209829 0.440013
vt 0.212125 0.444420
vt 0.911651 0.543030
vt 0.907764 0.542251
vt 0.913735 0.539218
vt 0.986474 0.011133
vt 0.982363 0.012070
vt 0.981573 0.007630
vt 0.986527 0.007280
vt 0.966526 0.341934
vt 0.966766 0.346448
vt 0.961724 0.345563
vt 0.962857 0.340314
vt 0.675072 0.911044
vt 0.675570 0.918702
vt 0.670664 0.917632
vt 0.671073 0.908308
vt 0.203912 0.886649
vt 0.201657 0.882483
vt 0.205352 0.878877
vt 0.207563 0.884939
vt 0.205215 0.896625
vt 0.201314 0.894384
vt 0.273330 0.961144
vt 0.280813 0.961144
vt 0.279678 0.969642
vt 0.273767 0.967851
vt 0.131910 0.850691
vt 0.138083 0.847024
vt 0.143000 0.858167
vt 0.132070 0.858121
vt 0.951033 0.842457
vt 0.957349 0.839782
vt 0.956818 0.849319
vt 0.948999 0.848739
vt 0.598041 0.165147
vt 0.597784 0.169726
vt 0.584872 0.160972
vt 0.589254 0.158447
vt 0.593060 0.156062
vt 0.603207 0.164813
vt 0.604954 0.170040
vt 0.844451 0.582831
vt 0.849793 0.590695
vt 0.843072 0.596064
vt 0.839321 0.582767
vt 0.847124 0.576043
vt 0.855250 0.582543
vt 0.841532 0.572768
vt 0.273913 0.972831
vt 0.277783 0.974842
vt 0.704574 0.690768
vt 0.700568 0.699999
vt 0.694530 0.696283
vt 0.700677 0.687809
vt 0.708705 0.690420
vt 0.706784 0.701991
vt 0.476747 0.887022
vt 0.480428 0.884342
vt 0.484570 0.895375
vt 0.478714 0.896217
vt 0.472128 0.884931
vt 0.474250 0.879288
vt 0.472518 0.896186
vt 0.976527 0.260696
vt 0.973555 0.272071
vt 0.966496 0.271588
vt 0.965628 0.260696
vt 0.482446 0.910466
vt 0.477325 0.909994
vt 0.698711 0.719447
vt 0.711190 0.702083
vt 0.710153 0.714593
vt 0.695234 0.710807
vt 0.713212 0.723288
vt 0.704963 0.735710
vt 0.946029 0.858896
vt 0.957349 0.858460
vt 0.147814 0.839894
vt 0.161603 0.841764
vt 0.163086 0.852076
vt 0.152306 0.853702
vt 0.390469 0.893440
vt 0.388026 0.904492
vt 0.377110 0.905187
vt 0.376056 0.894106
vt 0.150451 0.825442
vt 0.163098 0.823557
vt 0.268527 0.477367
vt 0.271675 0.467502
vt 0.275686 0.478483
vt 0.268422 0.484424
vt 0.874421 0.666813
vt 0.874222 0.672159
vt 0.865964 0.671145
vt 0.865372 0.665700
vt 0.261495 0.486094
vt 0.264101 0.475764
vt 0.155703 0.860757
vt 0.143559 0.863787
vt 0.263444 0.498327
vt 0.269241 0.497140
vt 0.901556 0.885904
vt 0.898165 0.890829
vt 0.889436 0.889011
vt 0.889560 0.880850
vt 0.738053 0.842844
vt 0.742882 0.849400
vt 0.726040 0.842827
vt 0.733171 0.835241
vt 0.936555 0.301514
vt 0.940263 0.299949
vt 0.940263 0.312139
vt 0.933198 0.307616
vt 0.898654 0.894412
vt 0.901556 0.900672
vt 0.889687 0.901780
vt 0.890209 0.895679
vt 0.278837 0.460562
vt 0.281105 0.466871
vt 0.545294 0.854926
vt 0.540253 0.853977
vt 0.545158 0.838903
vt 0.607105 0.001890
vt 0.596499 0.015133
vt 0.598209 0.002933
vt 0.033943 0.659396
vt 0.032015 0.650286
vt 0.037116 0.647840
vt 0.042114 0.653982
vt 0.539976 0.867260
vt 0.536797 0.864506
vt 0.051829 0.659835
vt 0.046247 0.664214
vt 0.271856 0.452970
vt 0.277281 0.453300
vt 0.793336 0.751054
vt 0.795427 0.762300
vt 0.784543 0.763363
vt 0.785150 0.748971
vt 0.268223 0.904272
vt 0.260378 0.908425
vt 0.254217 0.892871
vt 0.267544 0.893165
vt 0.801227 0.743836
vt 0.808406 0.757073
vt 0.603885 0.627407
vt 0.604252 0.614488
vt 0.618663 0.610646
vt 0.617731 0.630484
vt 0.702457 0.846120
vt 0.710634 0.866279
vt 0.690982 0.866189
vt 0.688699 0.844783
vt 0.602374 0.657618
vt 0.589689 0.643164
vt 0.868104 0.858869
vt 0.864275 0.849275
vt 0.870061 0.848897
vt 0.871982 0.860645
vt 0.827546 0.263163
vt 0.821225 0.265186
vt 0.816937 0.258548
vt 0.824114 0.256821
vt 0.770392 0.028776
vt 0.780690 0.022517
vt 0.781305 0.036357
vt 0.771447 0.039286
vt 0.761039 0.041167
vt 0.757662 0.035001
vt 0.772502 0.012978
vt 0.779933 0.009191
vt 0.756599 0.567030
vt 0.752693 0.568530
vt 0.750274 0.556142
vt 0.755862 0.551193
vt 0.811537 0.865714
vt 0.815752 0.850575
vt 0.821077 0.851076
vt 0.815673 0.863783
vt 0.950160 0.329424
vt 0.950798 0.315934
vt 0.958453 0.323212
vt 0.958453 0.334346
vt 0.761374 0.138031
vt 0.764878 0.146424
vt 0.760783 0.157227
vt 0.755969 0.157234
vt 0.165775 0.725736
vt 0.156955 0.743519
vt 0.150715 0.743706
vt 0.155155 0.722315
vt 0.022440 0.031954
vt 0.021007 0.045516
vt 0.013181 0.044534
vt 0.014045 0.030586
vt 0.029694 0.726269
vt 0.041495 0.721814
vt 0.047653 0.723642
vt 0.041264 0.732129
vt 0.575791 0.926654
vt 0.575711 0.916587
vt 0.584847 0.921046
vt 0.581231 0.932327
vt 0.572678 0.938689
vt 0.568076 0.928563
vt 0.568076 0.916419
vt 0.025539 0.012376
vt 0.013925 0.015412
vt 0.015392 0.005184
vt 0.025913 0.001890
vt 0.638484 0.864507
vt 0.648729 0.859788
vt 0.657966 0.866757
vt 0.653634 0.875985
vt 0.646796 0.875569
vt 0.638332 0.869936
vt 0.751677 0.536288
vt 0.756599 0.534295
vt 0.865372 0.709474
vt 0.872486 0.707824
vt 0.870931 0.716155
vt 0.866232 0.716873
vt 0.646414 0.880393
vt 0.637405 0.876448
vt 0.874810 0.864425
vt 0.875907 0.869104
vt 0.872808 0.875845
vt 0.868669 0.871354
vt 0.861486 0.670539
vt 0.859262 0.679548
vt 0.854341 0.674552
vt 0.861592 0.665700
vt 0.878978 0.870193
vt 0.879407 0.878590
vt 0.880535 0.867039
vt 0.885839 0.865208
vt 0.886912 0.872171
vt 0.804947 0.905464
vt 0.797944 0.907195
vt 0.797545 0.901771
vt 0.806498 0.899924
vt 0.139308 0.815836
vt 0.154341 0.815155
vt 0.141007 0.824885
vt 0.147362 0.804732
vt 0.158447 0.805646
vt 0.367866 0.905538
vt 0.377432 0.916574
vt 0.367866 0.925231
vt 0.919828 0.933325
vt 0.919828 0.953057
vt 0.905336 0.949759
vt 0.906087 0.935769
vt 0.637831 0.900133
vt 0.625255 0.903652
vt 0.624909 0.888763
vt 0.636790 0.889127
vt 0.333029 0.854498
vt 0.331485 0.842788
vt 0.346167 0.839800
vt 0.346167 0.858083
vt 0.793871 0.013797
vt 0.794343 0.001890
vt 0.343137 0.871974
vt 0.333454 0.874424
vt 0.323051 0.879238
vt 0.321198 0.865898
vt 0.909875 0.396169
vt 0.909875 0.401718
vt 0.906603 0.402197
vt 0.903797 0.394846
vt 0.785572 0.656965
vt 0.791320 0.655683
vt 0.791320 0.661879
vt 0.786611 0.661805
vt 0.251220 0.609405
vt 0.251220 0.603451
vt 0.257003 0.602822
vt 0.256829 0.608289
vt 0.746662 0.969269
vt 0.749683 0.966575
vt 0.749890 0.973584
vt 0.746884 0.973330
vt 0.330166 0.766176
vt 0.323189 0.767890
vt 0.320830 0.764266
vt 0.325392 0.760823
vt 0.871727 0.567998
vt 0.871727 0.560960
vt 0.876490 0.561938
vt 0.878693 0.568963
vt 0.756705 0.966830
vt 0.756943 0.971512
vt 0.989322 0.850351
vt 0.988538 0.843977
vt 0.993424 0.845084
vt 0.993103 0.850351
vt 0.946042 0.138150
vt 0.946349 0.148083
vt 0.940243 0.148360
vt 0.940271 0.138031
vt 0.935116 0.001890
vt 0.939619 0.002180
vt 0.939542 0.012532
vt 0.934749 0.011784
vt 0.979743 0.494862
vt 0.985234 0.494843
vt 0.985234 0.505304
vt 0.979629 0.505240
vt 0.938317 0.208872
vt 0.938317 0.219391
vt 0.932188 0.219003
vt 0.932643 0.208429
vt 0.987540 0.672359
vt 0.987540 0.665701
vt 0.993381 0.666857
vt 0.993294 0.671443
vt 0.143516 0.963287
vt 0.149226 0.963637
vt 0.149226 0.976124
vt 0.143769 0.973652
vt 0.949436 0.210390
vt 0.948254 0.220142
vt 0.942097 0.218928
vt 0.943594 0.208429
vt 0.970578 0.743836
vt 0.974902 0.744672
vt 0.973669 0.755262
vt 0.970578 0.756831
vt 0.945465 0.405978
vt 0.946899 0.418316
vt 0.940139 0.418801
vt 0.939683 0.407339
vt 0.327110 0.727809
vt 0.333180 0.724263
vt 0.339370 0.732486
vt 0.334685 0.735936
vt 0.330423 0.738723
vt 0.321176 0.732573
vt 0.949436 0.228125
vt 0.942399 0.225665
vt 0.325743 0.716106
vt 0.330482 0.717451
vt 0.937218 0.123094
vt 0.930262 0.127016
vt 0.930251 0.119665
vt 0.937218 0.112489
vt 0.706576 0.773200
vt 0.698221 0.763614
vt 0.703269 0.756265
vt 0.709934 0.762254
vt 0.315807 0.744214
vt 0.311143 0.732505
vt 0.317005 0.732559
vt 0.323918 0.741328
vt 0.312467 0.753399
vt 0.301462 0.750429
vt 0.304631 0.741425
vt 0.325176 0.752343
vt 0.320282 0.756894
vt 0.331080 0.750635
vt 0.335880 0.748154
vt 0.887730 0.561909
vt 0.890235 0.568895
vt 0.882473 0.568895
vt 0.883193 0.560960
vt 0.940243 0.157834
vt 0.947547 0.157895
vt 0.937516 0.228885
vt 0.932429 0.230728
vt 0.683889 0.170920
vt 0.690141 0.159019
vt 0.697402 0.167773
vt 0.692603 0.176240
vt 0.690735 0.191571
vt 0.686260 0.196810
vt 0.977454 0.459665
vt 0.971604 0.456556
vt 0.971355 0.447381
vt 0.977454 0.448684
vt 0.428450 0.625669
vt 0.427874 0.637191
vt 0.421280 0.637128
vt 0.421280 0.624620
vt 0.182861 0.863816
vt 0.192507 0.866355
vt 0.190241 0.876808
vt 0.182861 0.875861
vt 0.094636 0.641930
vt 0.110751 0.650786
vt 0.093166 0.654490
vt 0.085137 0.648088
vt 0.977793 0.013773
vt 0.972733 0.012444
vt 0.972733 0.001890
vt 0.977606 0.002057
vt 0.341184 0.744014
vt 0.343749 0.750468
vt 0.338983 0.752296
vt 0.674043 0.169068
vt 0.673097 0.151851
vt 0.679535 0.148900
vt 0.686229 0.145877
vt 0.056552 0.923656
vt 0.057045 0.929298
vt 0.054880 0.934014
vt 0.050281 0.925806
vt 0.935236 0.021506
vt 0.939619 0.023227
vt 0.049712 0.914431
vt 0.056614 0.915487
vt 0.046085 0.913482
vt 0.046085 0.929163
vt 0.942857 0.498842
vt 0.934526 0.500475
vt 0.934526 0.488856
vt 0.944327 0.491303
vt 0.753225 0.978670
vt 0.749837 0.978670
vt 0.146320 0.933129
vt 0.149873 0.935139
vt 0.147393 0.939182
vt 0.143977 0.935900
vt 0.141010 0.929422
vt 0.145685 0.928042
vt 0.150499 0.927393
vt 0.141334 0.939151
vt 0.137183 0.931442
vt 0.131191 0.629268
vt 0.135551 0.628876
vt 0.135551 0.633286
vt 0.133716 0.631948
vt 0.927756 0.001890
vt 0.930969 0.003877
vt 0.928248 0.010077
vt 0.925076 0.010034
vt 0.989490 0.439841
vt 0.989791 0.443574
vt 0.985603 0.443517
vt 0.985603 0.439111
vt 0.767927 0.358924
vt 0.776622 0.360235
vt 0.774815 0.372044
vt 0.766838 0.372122
vt 0.806748 0.442991
vt 0.806748 0.433621
vt 0.812884 0.436099
vt 0.814005 0.443518
vt 0.946537 0.382142
vt 0.955720 0.381958
vt 0.957262 0.391731
vt 0.947895 0.389950
vt 0.740543 0.354610
vt 0.749420 0.352073
vt 0.750828 0.359211
vt 0.746713 0.361295
vt 0.740764 0.341265
vt 0.748996 0.340332
vt 0.624808 0.440547
vt 0.625852 0.431449
vt 0.631005 0.431641
vt 0.630738 0.443385
vt 0.010328 0.108376
vt 0.010418 0.117492
vt 0.003507 0.118939
vt 0.001890 0.112868
vt 0.972733 0.019391
vt 0.979331 0.017554
vt 0.977594 0.028934
vt 0.972733 0.029359
vt 0.760412 0.879394
vt 0.753963 0.870646
vt 0.759652 0.868525
vt 0.766134 0.871262
vt 0.950606 0.596802
vt 0.953285 0.602802
vt 0.948721 0.607158
vt 0.945239 0.599444
vt 0.798124 0.132851
vt 0.799483 0.128405
vt 0.806661 0.123399
vt 0.804710 0.129725
vt 0.296195 0.472760
vt 0.297649 0.465856
vt 0.298800 0.464494
vt 0.298320 0.469627
vt 0.934929 0.484660
vt 0.947852 0.487892
vt 0.938539 0.481007
vt 0.945279 0.478914
vt 0.093370 0.911012
vt 0.085137 0.909701
vt 0.088103 0.901253
vt 0.096163 0.902214
vt 0.961994 0.780265
vt 0.966839 0.776282
vt 0.966839 0.788015
vt 0.965155 0.791016
vt 0.856363 0.638573
vt 0.846878 0.644067
vt 0.840792 0.642410
vt 0.846962 0.635304
vt 0.817217 0.083980
vt 0.806348 0.085769
vt 0.804840 0.075084
vt 0.816542 0.076250
vt 0.908814 0.766434
vt 0.908172 0.754954
vt 0.916412 0.755754
vt 0.917674 0.766302
vt 0.814692 0.093975
vt 0.805922 0.098850
vt 0.778910 0.214050
vt 0.765720 0.211535
vt 0.767477 0.199756
vt 0.777905 0.200363
vt 0.776031 0.219475
vt 0.761634 0.216210
vt 0.895731 0.321278
vt 0.896622 0.333614
vt 0.889879 0.334852
vt 0.889866 0.325115
vt 0.007202 0.069846
vt 0.014554 0.069351
vt 0.016262 0.082938
vt 0.009894 0.083940
vt 0.863995 0.325246
vt 0.863033 0.313127
vt 0.872085 0.312923
vt 0.873297 0.324208
vt 0.799600 0.113634
vt 0.806167 0.111599
vt 0.806663 0.117390
vt 0.799778 0.119197
vt 0.799211 0.100230
vt 0.867404 0.946581
vt 0.863847 0.951533
vt 0.861314 0.943522
vt 0.865630 0.941131
vt 0.872244 0.944053
vt 0.874812 0.950690
vt 0.019738 0.101437
vt 0.014959 0.104710
vt 0.012248 0.095053
vt 0.018294 0.095114
vt 0.877053 0.958834
vt 0.868201 0.958121
vt 0.931078 0.107916
vt 0.936706 0.103850
vt 0.910569 0.071311
vt 0.912183 0.070582
vt 0.914437 0.078876
vt 0.910569 0.083113
vt 0.946899 0.425729
vt 0.936779 0.426793
vt 0.918407 0.068513
vt 0.922787 0.071835
vt 0.917900 0.084272
vt 0.920457 0.099381
vt 0.912915 0.100070
vt 0.911811 0.091284
vt 0.311603 0.719019
vt 0.305938 0.719548
vt 0.210035 0.616539
vt 0.214482 0.613186
vt 0.226311 0.622752
vt 0.219916 0.626309
vt 0.773618 0.051418
vt 0.785133 0.047856
vt 0.790535 0.059312
vt 0.782759 0.062672
vt 0.763044 0.048528
vt 0.929471 0.402159
vt 0.920548 0.401404
vt 0.920548 0.392161
vt 0.926352 0.391312
vt 0.777871 0.067753
vt 0.770945 0.059789
vt 0.915793 0.743836
vt 0.919939 0.745923
vt 0.062819 0.715870
vt 0.055934 0.726284
vt 0.055073 0.713444
vt 0.060167 0.700370
vt 0.064736 0.701647
vt 0.915992 0.770600
vt 0.919939 0.775550
vt 0.915745 0.774152
vt 0.911140 0.768879
vt 0.007154 0.814812
vt 0.012338 0.823762
vt 0.008957 0.824213
vt 0.005246 0.819343
vt 0.757680 0.859562
vt 0.764304 0.859782
vt 0.228686 0.819291
vt 0.227193 0.825687
vt 0.213604 0.823952
vt 0.220221 0.814683
vt 0.785394 0.078092
vt 0.777294 0.083147
vt 0.775589 0.077397
vt 0.781792 0.073096
vt 0.787757 0.068623
vt 0.790770 0.071558
vt 0.201414 0.825207
vt 0.198309 0.819817
vt 0.206729 0.815796
vt 0.222538 0.842579
vt 0.212729 0.838783
vt 0.205122 0.837253
vt 0.746662 0.859127
vt 0.748306 0.849597
vt 0.757875 0.852084
vt 0.114042 0.280120
vt 0.114346 0.284008
vt 0.107906 0.284425
vt 0.104591 0.278584
vt 0.099546 0.941630
vt 0.098068 0.950678
vt 0.094347 0.954215
vt 0.092686 0.946460
vt 0.067401 0.923496
vt 0.067401 0.914325
vt 0.076938 0.918444
vt 0.077512 0.925408
vt 0.126412 0.286851
vt 0.121953 0.291510
vt 0.114363 0.294782
vt 0.889697 0.632940
vt 0.884587 0.630268
vt 0.885085 0.622929
vt 0.894875 0.631035
vt 0.388970 0.943591
vt 0.387756 0.950456
vt 0.382673 0.948500
vt 0.385217 0.939179
vt 0.896986 0.639956
vt 0.891357 0.639720
vt 0.142377 0.881139
vt 0.133024 0.878971
vt 0.131910 0.869458
vt 0.137574 0.871425
vt 0.141002 0.870386
vt 0.147679 0.876505
vt 0.387718 0.932423
vt 0.377859 0.936766
vt 0.378657 0.929012
vt 0.891457 0.620410
vt 0.899152 0.624474
vt 0.330047 0.917984
vt 0.321198 0.915041
vt 0.323568 0.905056
vt 0.330147 0.905248
vt 0.336800 0.904820
vt 0.337403 0.915804
vt 0.830754 0.915658
vt 0.837161 0.916962
vt 0.834939 0.929154
vt 0.829762 0.928562
vt 0.826114 0.928105
vt 0.823241 0.917910
vt 0.062043 0.682529
vt 0.074701 0.673739
vt 0.076821 0.679890
vt 0.067611 0.686935
vt 0.055800 0.672929
vt 0.062978 0.668179
vt 0.817023 0.819582
vt 0.819007 0.836659
vt 0.815239 0.837065
vt 0.811537 0.825071
vt 0.054105 0.685370
vt 0.049898 0.676328
vt 0.055293 0.698083
vt 0.715557 0.918190
vt 0.702127 0.916685
vt 0.704252 0.907236
vt 0.715510 0.906336
vt 0.517571 0.856280
vt 0.522877 0.846154
vt 0.529344 0.849612
vt 0.525293 0.859984
vt 0.322030 0.893345
vt 0.331266 0.893950
vt 0.713141 0.926548
vt 0.699627 0.924464
vt 0.884230 0.976076
vt 0.885203 0.962670
vt 0.892055 0.962959
vt 0.893642 0.976076
vt 0.855592 0.621010
vt 0.848783 0.612718
vt 0.860836 0.603525
vt 0.867198 0.611037
vt 0.845201 0.631524
vt 0.839321 0.626079
vt 0.242142 0.622133
vt 0.223491 0.638924
vt 0.058098 0.759421
vt 0.056517 0.769494
vt 0.042353 0.762997
vt 0.043397 0.751664
vt 0.504876 0.874115
vt 0.510700 0.877529
vt 0.506326 0.894271
vt 0.504029 0.893577
vt 0.053013 0.745817
vt 0.058727 0.741390
vt 0.063684 0.756393
vt 0.043741 0.745308
vt 0.936463 0.138031
vt 0.936463 0.159568
vt 0.931459 0.163044
vt 0.928928 0.144521
vt 0.233952 0.648424
vt 0.232327 0.655178
vt 0.221564 0.647965
vt 0.208273 0.646370
vt 0.213277 0.635694
vt 0.213989 0.628681
vt 0.331539 0.702074
vt 0.336323 0.704477
vt 0.889867 0.273975
vt 0.896684 0.278971
vt 0.896885 0.289818
vt 0.890403 0.288919
vt 0.401597 0.980610
vt 0.394249 0.983161
vt 0.395008 0.976447
vt 0.401597 0.971744
vt 0.203089 0.641934
vt 0.207701 0.631338
vt 0.885204 0.326419
vt 0.884269 0.341385
vt 0.878938 0.340821
vt 0.878705 0.323437
vt 0.198923 0.635935
vt 0.201905 0.626083
vt 0.122892 0.651937
vt 0.124281 0.657921
vt 0.111755 0.659275
vt 0.924722 0.274818
vt 0.927921 0.273975
vt 0.929418 0.290667
vt 0.924619 0.291221
vt 0.106150 0.637068
vt 0.111224 0.646807
vt 0.098069 0.662916
vt 0.924778 0.172237
vt 0.921439 0.188154
vt 0.914947 0.188253
vt 0.912594 0.172237
vt 0.890007 0.316986
vt 0.889867 0.306061
vt 0.895302 0.306785
vt 0.893550 0.317498
vt 0.345363 0.676274
vt 0.349427 0.675069
vt 0.344471 0.688525
vt 0.339908 0.686290
vt 0.985195 0.525844
vt 0.985325 0.522273
vt 0.989638 0.521962
vt 0.989638 0.526612
vt 0.771461 0.266715
vt 0.770676 0.255289
vt 0.776182 0.255209
vt 0.775142 0.269967
vt 0.947480 0.835929
vt 0.947480 0.831249
vt 0.952135 0.831747
vt 0.951117 0.835774
vt 0.929418 0.301958
vt 0.925952 0.302062
vt 0.920039 0.199040
vt 0.917106 0.202601
vt 0.878705 0.351729
vt 0.881753 0.354197
vt 0.762822 0.756808
vt 0.760766 0.763631
vt 0.754571 0.761863
vt 0.755526 0.755428
vt 0.804733 0.987478
vt 0.804125 0.978449
vt 0.814173 0.978449
vt 0.812629 0.988636
vt 0.447097 0.862035
vt 0.439720 0.861875
vt 0.437686 0.856610
vt 0.445670 0.845308
vt 0.473971 0.658877
vt 0.467453 0.650087
vt 0.479094 0.630486
vt 0.485009 0.630813
vt 0.478674 0.684923
vt 0.471790 0.683267
vt 0.466191 0.662808
vt 0.487176 0.658812
vt 0.485330 0.684111
vt 0.459048 0.845256
vt 0.458784 0.859077
vt 0.432096 0.852642
vt 0.436677 0.839505
vt 0.029694 0.630769
vt 0.037609 0.624152
vt 0.041982 0.626738
vt 0.030892 0.635371
vt 0.388351 0.987367
vt 0.388351 0.992383
vt 0.382778 0.993664
vt 0.383225 0.987674
vt 0.978326 0.221332
vt 0.973205 0.222861
vt 0.973205 0.211923
vt 0.979970 0.211151
vt 0.616494 0.963294
vt 0.620886 0.965660
vt 0.620616 0.971554
vt 0.613184 0.969844
vt 0.572895 0.765910
vt 0.579446 0.761662
vt 0.579625 0.769172
vt 0.573627 0.772105
vt 0.986582 0.433550
vt 0.985603 0.428171
vt 0.992100 0.428171
vt 0.991540 0.435331
vt 0.116632 0.952914
vt 0.121720 0.953613
vt 0.121007 0.959391
vt 0.115009 0.957629
vt 0.035776 0.637042
vt 0.045673 0.631912
vt 0.115009 0.942725
vt 0.120826 0.941777
vt 0.848018 0.945308
vt 0.849976 0.952374
vt 0.843213 0.951055
vt 0.842480 0.942739
vt 0.613409 0.976005
vt 0.620886 0.975910
vt 0.587771 0.773929
vt 0.587699 0.774837
vt 0.582862 0.771763
vt 0.583674 0.759513
vt 0.590867 0.759665
vt 0.981823 0.428171
vt 0.981823 0.439686
vt 0.978225 0.437494
vt 0.976760 0.431299
vt 0.214703 0.959046
vt 0.217517 0.952463
vt 0.222617 0.952761
vt 0.224597 0.959686
vt 0.584201 0.750065
vt 0.590792 0.744676
vt 0.591105 0.758428
vt 0.572778 0.748181
vt 0.560083 0.748772
vt 0.558780 0.742340
vt 0.573017 0.739790
vt 0.133760 0.477913
vt 0.121632 0.477255
vt 0.121438 0.466824
vt 0.130092 0.465237
vt 0.132650 0.485033
vt 0.121634 0.483685
vt 0.583614 0.739845
vt 0.581519 0.745569
vt 0.578250 0.753143
vt 0.422859 0.109842
vt 0.427837 0.110024
vt 0.419986 0.121315
vt 0.414407 0.117881
vt 0.279610 0.980566
vt 0.280813 0.987284
vt 0.272392 0.987974
vt 0.272392 0.978622
vt 0.074429 0.610568
vt 0.071152 0.616396
vt 0.058816 0.612034
vt 0.070059 0.604836
vt 0.081357 0.611109
vt 0.077901 0.617696
vt 0.339747 0.969187
vt 0.333628 0.968722
vt 0.333666 0.961782
vt 0.341376 0.961671
vt 0.306905 0.911443
vt 0.298302 0.919895
vt 0.295360 0.916838
vt 0.303862 0.907547
vt 0.314123 0.910458
vt 0.312088 0.921369
vt 0.890587 0.949809
vt 0.886483 0.946697
vt 0.892394 0.940930
vt 0.895214 0.946639
vt 0.895214 0.958794
vt 0.891254 0.958438
vt 0.884230 0.958890
vt 0.576459 0.779019
vt 0.025913 0.139104
vt 0.024849 0.155584
vt 0.020125 0.154990
vt 0.018637 0.141065
vt 0.938706 0.610333
vt 0.951427 0.611157
vt 0.945039 0.616355
vt 0.639995 0.004966
vt 0.647527 0.001890
vt 0.649470 0.016899
vt 0.643003 0.017565
vt 0.938706 0.598071
vt 0.015597 0.129307
vt 0.023371 0.128232
vt 0.254629 0.857281
vt 0.263308 0.864503
vt 0.253051 0.867030
vt 0.250968 0.859446
vt 0.826620 0.988416
vt 0.821814 0.988623
vt 0.823851 0.981203
vt 0.826620 0.979834
vt 0.978754 0.947403
vt 0.985530 0.949031
vt 0.984687 0.955648
vt 0.978754 0.957955
vt 0.944554 0.203990
vt 0.938568 0.204480
vt 0.940882 0.196134
vt 0.944554 0.196608
vt 0.249859 0.853538
vt 0.242534 0.855087
vt 0.247280 0.848539
vt 0.251912 0.850436
vt 0.766435 0.989304
vt 0.766435 0.983598
vt 0.772873 0.981798
vt 0.772207 0.988613
vt 0.244199 0.869079
vt 0.241815 0.862317
vt 0.784390 0.435491
vt 0.790623 0.435491
vt 0.788391 0.443475
vt 0.784470 0.443012
vt 0.787990 0.945100
vt 0.787596 0.949524
vt 0.779797 0.948206
vt 0.779797 0.942284
vt 0.584184 0.980099
vt 0.591290 0.980603
vt 0.591290 0.987659
vt 0.586800 0.987598
vt 0.931032 0.974662
vt 0.930950 0.982750
vt 0.927280 0.985078
vt 0.926743 0.976825
vt 0.717666 0.085700
vt 0.723967 0.082702
vt 0.726345 0.093117
vt 0.720993 0.095705
vt 0.834965 0.512690
vt 0.829355 0.509911
vt 0.829990 0.497851
vt 0.835513 0.497618
vt 0.715461 0.070543
vt 0.721068 0.068684
vt 0.965938 0.381958
vt 0.967946 0.385828
vt 0.961669 0.386233
vt 0.961541 0.382166
vt 0.726937 0.111059
vt 0.724132 0.104470
vt 0.729678 0.102757
vt 0.731530 0.112723
vt 0.017107 0.448578
vt 0.016767 0.437417
vt 0.020994 0.437542
vt 0.019576 0.450685
vt 0.288368 0.596946
vt 0.285662 0.599350
vt 0.286521 0.586130
vt 0.290790 0.586367
vt 0.289090 0.599828
vt 0.286781 0.602096
vt 0.003422 0.285719
vt 0.002191 0.275222
vt 0.006163 0.274925
vt 0.005937 0.288013
vt 0.022511 0.448316
vt 0.024690 0.437830
vt 0.416690 0.918773
vt 0.419923 0.920099
vt 0.419923 0.923649
vt 0.416920 0.922502
vt 0.180478 0.454335
vt 0.178695 0.451819
vt 0.181116 0.449700
vt 0.182700 0.452267
vt 0.007320 0.291164
vt 0.005673 0.291164
vt 0.008227 0.287993
vt 0.297174 0.502539
vt 0.296765 0.499712
vt 0.298800 0.499532
vt 0.298800 0.502719
vt 0.002480 0.460974
vt 0.002046 0.450838
vt 0.005667 0.450864
vt 0.004468 0.463829
vt 0.176990 0.439808
vt 0.181058 0.439890
vt 0.769109 0.660347
vt 0.769319 0.657523
vt 0.772198 0.657523
vt 0.772206 0.660825
vt 0.942756 0.360088
vt 0.942635 0.366650
vt 0.937197 0.367293
vt 0.940103 0.358924
vt 0.765656 0.527344
vt 0.762646 0.528438
vt 0.762076 0.522524
vt 0.767078 0.520908
vt 0.743788 0.274539
vt 0.747121 0.282308
vt 0.741173 0.283259
vt 0.740543 0.273975
vt 0.416993 0.927490
vt 0.420221 0.927896
vt 0.419396 0.931866
vt 0.416993 0.931898
vt 0.943317 0.895608
vt 0.939472 0.896761
vt 0.938807 0.887955
vt 0.945896 0.887955
vt 0.322381 0.969265
vt 0.321198 0.965240
vt 0.323930 0.964062
vt 0.325507 0.968458
vt 0.327874 0.961740
vt 0.324457 0.954492
vt 0.329848 0.954640
vt 0.329848 0.964442
vt 0.672181 0.115395
vt 0.672409 0.107634
vt 0.678260 0.107192
vt 0.676037 0.116527
vt 0.898053 0.181874
vt 0.905647 0.181071
vt 0.905142 0.191178
vt 0.897461 0.190593
vt 0.469037 0.729344
vt 0.472220 0.721499
vt 0.480588 0.725793
vt 0.473967 0.734600
vt 0.341266 0.954904
vt 0.333628 0.954492
vt 0.060468 0.618855
vt 0.485295 0.712674
vt 0.473472 0.707728
vt 0.795124 0.381094
vt 0.803828 0.381123
vt 0.804216 0.400957
vt 0.799287 0.401173
vt 0.314123 0.934588
vt 0.297945 0.927565
vt 0.688965 0.206584
vt 0.675119 0.206324
vt 0.673462 0.192435
vt 0.916256 0.868043
vt 0.922317 0.864425
vt 0.922291 0.878256
vt 0.918077 0.878671
vt 0.967260 0.596465
vt 0.968368 0.592446
vt 0.971145 0.591774
vt 0.971145 0.596560
vt 0.972686 0.916237
vt 0.976444 0.918196
vt 0.976533 0.922012
vt 0.972686 0.920959
vt 0.854339 0.060534
vt 0.857165 0.060863
vt 0.857433 0.064700
vt 0.853657 0.064700
vt 0.182958 0.902486
vt 0.183006 0.891432
vt 0.187934 0.892241
vt 0.185053 0.905551
vt 0.696534 0.231933
vt 0.693958 0.221273
vt 0.698633 0.220644
vt 0.700113 0.233487
vt 0.188353 0.903583
vt 0.191220 0.893039
vt 0.047411 0.609427
vt 0.050919 0.589823
vt 0.058037 0.589223
vt 0.065765 0.588761
vt 0.666853 0.559730
vt 0.663668 0.551231
vt 0.669297 0.549936
vt 0.671616 0.560459
vt 0.818020 0.425706
vt 0.815119 0.429841
vt 0.809056 0.418433
vt 0.814955 0.416801
vt 0.671367 0.566182
vt 0.665615 0.564546
vt 0.912480 0.665701
vt 0.914294 0.685850
vt 0.908679 0.687060
vt 0.907796 0.667827
vt 0.919547 0.665701
vt 0.920647 0.684627
vt 0.919356 0.695703
vt 0.915040 0.698337
vt 0.020017 0.889580
vt 0.018744 0.878827
vt 0.023786 0.879081
vt 0.024640 0.891961
vt 0.023634 0.896982
vt 0.018855 0.893758
vt 0.032900 0.811306
vt 0.030738 0.800534
vt 0.041027 0.801287
vt 0.039886 0.814582
vt 0.224403 0.714844
vt 0.218415 0.717319
vt 0.215069 0.703132
vt 0.223893 0.703613
vt 0.374871 0.974655
vt 0.376788 0.982084
vt 0.367866 0.983591
vt 0.367866 0.972873
vt 0.488999 0.932954
vt 0.492459 0.932437
vt 0.492459 0.938432
vt 0.488363 0.937097
vt 0.923441 0.732843
vt 0.919256 0.732614
vt 0.918752 0.722785
vt 0.924681 0.724054
vt 0.653724 0.441740
vt 0.653375 0.431462
vt 0.658818 0.431562
vt 0.657445 0.443280
vt 0.736763 0.365722
vt 0.734813 0.368004
vt 0.731064 0.357015
vt 0.736537 0.356037
vt 0.856167 0.188711
vt 0.856274 0.179549
vt 0.862193 0.179560
vt 0.861094 0.187892
vt 0.862364 0.192177
vt 0.856380 0.192066
vt 0.972775 0.078706
vt 0.971999 0.069874
vt 0.976942 0.068513
vt 0.976942 0.080602
vt 0.025302 0.744478
vt 0.021804 0.746635
vt 0.019955 0.734928
vt 0.025409 0.733361
vt 0.656984 0.954305
vt 0.649995 0.957685
vt 0.645242 0.947369
vt 0.656591 0.945957
vt 0.034527 0.958146
vt 0.033022 0.945013
vt 0.042305 0.942563
vt 0.042305 0.959453
vt 0.831573 0.199506
vt 0.824960 0.204649
vt 0.823302 0.185329
vt 0.832457 0.183380
vt 0.093904 0.683635
vt 0.102713 0.677976
vt 0.104960 0.695113
vt 0.094277 0.693275
vt 0.674337 0.233196
vt 0.667520 0.239132
vt 0.663549 0.218800
vt 0.675622 0.218538
vt 0.059643 0.539294
vt 0.051171 0.541005
vt 0.045362 0.516753
vt 0.056246 0.516423
vt 0.063389 0.515205
vt 0.064827 0.530298
vt 0.061679 0.565634
vt 0.056008 0.566642
vt 0.746760 0.757051
vt 0.753825 0.783128
vt 0.748333 0.783502
vt 0.068780 0.537914
vt 0.065464 0.544558
vt 0.475946 0.324961
vt 0.474616 0.322637
vt 0.487890 0.327831
vt 0.477885 0.332330
vt 0.611060 0.778136
vt 0.599880 0.779238
vt 0.132897 0.308659
vt 0.121731 0.309456
vt 0.137755 0.299876
vt 0.956503 0.530560
vt 0.966232 0.531138
vt 0.963775 0.543155
vt 0.958697 0.544525
vt 0.134696 0.328924
vt 0.126407 0.328849
vt 0.776447 0.447381
vt 0.790674 0.449319
vt 0.792716 0.464519
vt 0.782749 0.464592
vt 0.359387 0.542506
vt 0.360282 0.536616
vt 0.368631 0.538414
vt 0.364962 0.545525
vt 0.968219 0.073262
vt 0.968219 0.083028
vt 0.963315 0.081134
vt 0.964941 0.068513
vt 0.410177 0.323211
vt 0.400629 0.323224
vt 0.355453 0.948333
vt 0.352185 0.948761
vt 0.353231 0.940982
vt 0.357558 0.941153
vt 0.795246 0.564441
vt 0.795343 0.568188
vt 0.791858 0.568657
vt 0.791858 0.563773
vt 0.985255 0.099860
vt 0.984769 0.092436
vt 0.989366 0.092436
vt 0.989040 0.099877
vt 0.959762 0.835062
vt 0.959236 0.827800
vt 0.963236 0.827800
vt 0.963169 0.835971
vt 0.613458 0.287944
vt 0.611657 0.297473
vt 0.598418 0.297405
vt 0.603856 0.291114
vt 0.606459 0.276883
vt 0.612185 0.273975
vt 0.955416 0.078999
vt 0.955032 0.069673
vt 0.959535 0.068513
vt 0.959535 0.084952
vt 0.446280 0.299830
vt 0.441548 0.285413
vt 0.447989 0.285583
vt 0.452906 0.294492
vt 0.976950 0.762819
vt 0.978483 0.768131
vt 0.970578 0.772500
vt 0.970578 0.760612
vt 0.457724 0.304419
vt 0.455367 0.316386
vt 0.445793 0.315902
vt 0.951252 0.073775
vt 0.950223 0.087898
vt 0.945209 0.087842
vt 0.945209 0.068513
vt 0.912459 0.277396
vt 0.920839 0.273975
vt 0.920839 0.292485
vt 0.914692 0.292067
vt 0.296155 0.758779
vt 0.290383 0.759284
vt 0.290728 0.744615
vt 0.295417 0.743928
vt 0.728222 0.440730
vt 0.727477 0.430854
vt 0.732696 0.430893
vt 0.732242 0.441559
vt 0.979379 0.876934
vt 0.974974 0.878894
vt 0.974974 0.867328
vt 0.980749 0.868661
vt 0.984845 0.811180
vt 0.985295 0.806687
vt 0.989692 0.806099
vt 0.989692 0.811284
vt 0.317245 0.833920
vt 0.313591 0.836304
vt 0.310882 0.828467
vt 0.317418 0.828054
vt 0.970784 0.337223
vt 0.970784 0.334245
vt 0.974445 0.334402
vt 0.974779 0.339015
vt 0.391816 0.330928
vt 0.390505 0.324939
vt 0.395195 0.324561
vt 0.395008 0.330407
vt 0.920589 0.028934
vt 0.916791 0.032054
vt 0.915526 0.019750
vt 0.921295 0.019599
vt 0.978548 0.654725
vt 0.978540 0.644392
vt 0.983485 0.643962
vt 0.982730 0.654356
vt 0.953456 0.470076
vt 0.953768 0.474559
vt 0.948986 0.475032
vt 0.948986 0.469704
vt 0.284762 0.788390
vt 0.284224 0.777733
vt 0.289917 0.778174
vt 0.287897 0.791367
vt 0.798123 0.002841
vt 0.802756 0.001890
vt 0.806230 0.009309
vt 0.800311 0.012104
vt 0.986072 0.602505
vt 0.990674 0.600482
vt 0.991919 0.607654
vt 0.985950 0.607654
vt 0.984672 0.725766
vt 0.984835 0.730888
vt 0.981034 0.730676
vt 0.979377 0.726527
vt 0.009432 0.718558
vt 0.007520 0.713877
vt 0.014586 0.712593
vt 0.013451 0.718634
vt 0.976443 0.826308
vt 0.981123 0.826095
vt 0.981516 0.830973
vt 0.976662 0.830945
vt 0.242507 0.975571
vt 0.241986 0.970705
vt 0.248141 0.969931
vt 0.248576 0.976038
vt 0.003711 0.708473
vt 0.011421 0.705537
vt 0.915797 0.302556
vt 0.920185 0.304810
vt 0.002128 0.698352
vt 0.008720 0.697700
vt 0.252964 0.975961
vt 0.252959 0.970044
vt 0.257910 0.969246
vt 0.257523 0.974400
vt 0.987136 0.457668
vt 0.982255 0.455958
vt 0.981234 0.450567
vt 0.987136 0.447381
vt 0.973944 0.172237
vt 0.974779 0.179693
vt 0.968101 0.179460
vt 0.968314 0.173906
vt 0.001890 0.684341
vt 0.008131 0.684417
vt 0.968361 0.373479
vt 0.963089 0.372995
vt 0.963089 0.358924
vt 0.968358 0.358942
vt 0.954601 0.132595
vt 0.950755 0.134194
vt 0.950755 0.126895
vt 0.956004 0.126015
vt 0.012916 0.970362
vt 0.009025 0.973088
vt 0.007142 0.967706
vt 0.012656 0.966112
vt 0.813671 0.960563
vt 0.815488 0.967042
vt 0.810603 0.968074
vt 0.809571 0.961281
vt 0.978781 0.226887
vt 0.982673 0.226695
vt 0.982673 0.231856
vt 0.977905 0.232417
vt 0.987726 0.540573
vt 0.982487 0.539691
vt 0.982160 0.534790
vt 0.986924 0.534883
vt 0.689068 0.270109
vt 0.681697 0.270160
vt 0.681721 0.265337
vt 0.687196 0.266646
vt 0.949939 0.269788
vt 0.951315 0.264442
vt 0.955386 0.264221
vt 0.955386 0.270166
vt 0.835872 0.361433
vt 0.837848 0.373041
vt 0.831154 0.371562
vt 0.830632 0.360315
vt 0.840814 0.338470
vt 0.842303 0.344551
vt 0.833471 0.355083
vt 0.833471 0.340819
vt 0.944374 0.442472
vt 0.936779 0.443589
vt 0.936779 0.431031
vt 0.944760 0.430573
vt 0.430390 0.163895
vt 0.433829 0.155269
vt 0.446994 0.159773
vt 0.445857 0.167330
vt 0.431350 0.164795
vt 0.840500 0.443480
vt 0.840500 0.426523
vt 0.844600 0.428346
vt 0.845595 0.442013
vt 0.963480 0.589319
vt 0.959270 0.589509
vt 0.959270 0.574197
vt 0.962621 0.576091
vt 0.413202 0.155464
vt 0.414776 0.153361
vt 0.413367 0.158733
vt 0.719228 0.561110
vt 0.726581 0.558003
vt 0.726516 0.568953
vt 0.715003 0.568953
vt 0.718687 0.945568
vt 0.709667 0.949859
vt 0.710487 0.938960
vt 0.716269 0.937969
vt 0.711872 0.557723
vt 0.716836 0.550277
vt 0.198433 0.943207
vt 0.204054 0.941756
vt 0.208255 0.950685
vt 0.196900 0.950730
vt 0.639147 0.405947
vt 0.633283 0.410749
vt 0.628810 0.392120
vt 0.634376 0.391573
vt 0.724322 0.226880
vt 0.724608 0.212768
vt 0.728373 0.212650
vt 0.730301 0.227425
vt 0.586919 0.865174
vt 0.586769 0.848576
vt 0.591192 0.849025
vt 0.592341 0.866122
vt 0.432662 0.874288
vt 0.434469 0.891226
vt 0.429029 0.892231
vt 0.427035 0.876460
vt 0.581949 0.866381
vt 0.581831 0.848665
vt 0.719760 0.776980
vt 0.723416 0.781206
vt 0.722854 0.796568
vt 0.719760 0.796258
vt 0.109210 0.979978
vt 0.109463 0.986288
vt 0.103326 0.987635
vt 0.103562 0.979978
vt 0.435637 0.910841
vt 0.434854 0.904417
vt 0.441180 0.902171
vt 0.441016 0.910872
vt 0.943885 0.971538
vt 0.946329 0.976011
vt 0.937187 0.975619
vt 0.937187 0.970750
vt 0.308090 0.963190
vt 0.313391 0.961172
vt 0.315959 0.968489
vt 0.308295 0.968295
vt 0.753852 0.744618
vt 0.748542 0.743279
vt 0.750579 0.735257
vt 0.755727 0.735202
vt 0.751340 0.751648
vt 0.746662 0.749609
vt 0.761148 0.739689
vt 0.759441 0.744194
vt 0.252959 0.963437
vt 0.258267 0.963735
vt 0.248576 0.963290
vt 0.241814 0.965065
vt 0.910985 0.459279
vt 0.917604 0.459554
vt 0.918368 0.465498
vt 0.912020 0.467498
vt 0.915002 0.447381
vt 0.921051 0.448033
vt 0.749999 0.721675
vt 0.755412 0.720691
vt 0.937089 0.749156
vt 0.942999 0.748469
vt 0.943251 0.754348
vt 0.939059 0.753363
vt 0.935227 0.743836
vt 0.940412 0.744357
vt 0.987265 0.643961
vt 0.988218 0.637662
vt 0.993060 0.637034
vt 0.993060 0.643896
vt 0.264675 0.965128
vt 0.263564 0.969757
vt 0.982457 0.237143
vt 0.978133 0.237664
vt 0.003508 0.970258
vt 0.004574 0.974786
vt 0.916578 0.478653
vt 0.914425 0.474395
vt 0.920649 0.471451
vt 0.921051 0.477250
vt 0.652091 0.818738
vt 0.636905 0.820542
vt 0.638501 0.811478
vt 0.651672 0.806325
vt 0.662517 0.802103
vt 0.664364 0.811021
vt 0.670903 0.821548
vt 0.662418 0.826466
vt 0.646210 0.828973
vt 0.633447 0.829020
vt 0.658105 0.833219
vt 0.857534 0.853840
vt 0.843584 0.856686
vt 0.841126 0.843118
vt 0.848679 0.840326
vt 0.688699 0.806359
vt 0.692779 0.788433
vt 0.700126 0.791788
vt 0.698767 0.806797
vt 0.818794 0.032950
vt 0.808560 0.032201
vt 0.809338 0.018892
vt 0.817252 0.018285
vt 0.689186 0.945535
vt 0.688699 0.937911
vt 0.695506 0.937673
vt 0.694646 0.945266
vt 0.989160 0.280766
vt 0.989761 0.286150
vt 0.984819 0.287519
vt 0.984819 0.280164
vt 0.323166 0.950182
vt 0.321198 0.946249
vt 0.329045 0.945227
vt 0.330633 0.950711
vt 0.992035 0.320452
vt 0.987054 0.323059
vt 0.989545 0.316542
vt 0.987054 0.315934
vt 0.877008 0.528121
vt 0.872105 0.524254
vt 0.872008 0.519926
vt 0.879272 0.519930
vt 0.884929 0.528581
vt 0.881893 0.537318
vt 0.874474 0.537543
vt 0.934059 0.604695
vt 0.934568 0.608676
vt 0.927754 0.609558
vt 0.929674 0.603048
vt 0.861407 0.407145
vt 0.856754 0.408131
vt 0.856446 0.400619
vt 0.861483 0.400689
vt 0.976340 0.835929
vt 0.981516 0.835883
vt 0.934568 0.613663
vt 0.930126 0.616460
vt 0.846717 0.810189
vt 0.845893 0.823268
vt 0.839415 0.823688
vt 0.838750 0.808908
vt 0.912936 0.427667
vt 0.920416 0.425853
vt 0.920416 0.436479
vt 0.915265 0.435826
vt 0.853010 0.816146
vt 0.849599 0.822015
vt 0.473933 0.976119
vt 0.473765 0.969582
vt 0.481032 0.970092
vt 0.480788 0.976119
vt 0.973773 0.329505
vt 0.968723 0.330184
vt 0.968608 0.322911
vt 0.974736 0.323234
vt 0.031369 0.937329
vt 0.032073 0.930378
vt 0.037251 0.930734
vt 0.036309 0.938588
vt 0.385287 0.663685
vt 0.380750 0.666086
vt 0.379671 0.656193
vt 0.384536 0.654742
vt 0.837951 0.986935
vt 0.836365 0.979901
vt 0.843294 0.980314
vt 0.843294 0.987721
vt 0.420705 0.620840
vt 0.422247 0.611354
vt 0.427463 0.609989
vt 0.428450 0.620633
vt 0.737496 0.225237
vt 0.737496 0.213134
vt 0.744126 0.213296
vt 0.743958 0.225871
vt 0.296155 0.712796
vt 0.289332 0.713720
vt 0.288253 0.701318
vt 0.295403 0.700292
vt 0.747592 0.947206
vt 0.753888 0.946772
vt 0.753517 0.954464
vt 0.746662 0.954507
vt 0.128061 0.729483
vt 0.130072 0.719916
vt 0.137246 0.720499
vt 0.135912 0.731143
vt 0.697344 0.385942
vt 0.690878 0.387726
vt 0.690894 0.376424
vt 0.697410 0.376711
vt 0.747281 0.962795
vt 0.753487 0.961737
vt 0.942485 0.167563
vt 0.940243 0.163146
vt 0.946118 0.161676
vt 0.946118 0.168424
vt 0.432641 0.754650
vt 0.434260 0.742224
vt 0.437037 0.745807
vt 0.434445 0.755245
vt 0.182211 0.467782
vt 0.177754 0.479053
vt 0.172626 0.477906
vt 0.172864 0.470754
vt 0.187983 0.468371
vt 0.182052 0.479922
vt 0.172943 0.466418
vt 0.180754 0.461025
vt 0.927593 0.506683
vt 0.926218 0.491113
vt 0.930337 0.492169
vt 0.930746 0.501984
vt 0.716478 0.134218
vt 0.709235 0.134191
vt 0.709235 0.120360
vt 0.714213 0.122203
vt 0.728354 0.138237
vt 0.726967 0.155842
vt 0.721704 0.156153
vt 0.721704 0.138031
vt 0.733716 0.140842
vt 0.732052 0.155958
vt 0.984529 0.875384
vt 0.984694 0.871410
vt 0.988936 0.871271
vt 0.988936 0.878894
vt 0.185030 0.824981
vt 0.190239 0.821689
vt 0.192507 0.841197
vt 0.187056 0.840997
vt 0.165234 0.511498
vt 0.172512 0.492161
vt 0.175689 0.494152
vt 0.170845 0.510913
vt 0.746662 0.687106
vt 0.753697 0.682368
vt 0.755017 0.700678
vt 0.748542 0.701585
vt 0.180663 0.823818
vt 0.177756 0.838494
vt 0.171735 0.836310
vt 0.171364 0.816994
vt 0.749841 0.665701
vt 0.751736 0.665710
vt 0.658662 0.764446
vt 0.658504 0.752806
vt 0.666957 0.751650
vt 0.667584 0.766375
vt 0.741442 0.451175
vt 0.739207 0.463171
vt 0.733914 0.460987
vt 0.730530 0.447381
vt 0.583487 0.812910
vt 0.587949 0.813732
vt 0.586926 0.828332
vt 0.582422 0.828126
vt 0.747033 0.366486
vt 0.748428 0.373449
vt 0.744424 0.373805
vt 0.742886 0.365075
vt 0.165545 0.469257
vt 0.167210 0.477188
vt 0.961398 0.808515
vt 0.963641 0.815719
vt 0.963641 0.824020
vt 0.959236 0.820163
vt 0.650478 0.763600
vt 0.648651 0.759401
vt 0.655657 0.746525
vt 0.956503 0.526630
vt 0.956503 0.515205
vt 0.959955 0.519803
vt 0.962240 0.526779
vt 0.697535 0.270160
vt 0.693293 0.266225
vt 0.692848 0.260508
vt 0.701763 0.260508
vt 0.737216 0.001890
vt 0.742357 0.004982
vt 0.746557 0.016900
vt 0.735377 0.015284
vt 0.652539 0.456353
vt 0.643037 0.457583
vt 0.642068 0.447381
vt 0.654290 0.451494
vt 0.636763 0.739310
vt 0.648190 0.730437
vt 0.647272 0.734323
vt 0.638330 0.749811
vt 0.369784 0.569628
vt 0.375718 0.559282
vt 0.380448 0.558404
vt 0.378686 0.573137
vt 0.900665 0.315934
vt 0.907296 0.316980
vt 0.907566 0.333207
vt 0.902677 0.331144
vt 0.707880 0.592923
vt 0.700104 0.592370
vt 0.697554 0.584455
vt 0.702516 0.582446
vt 0.707425 0.601989
vt 0.700644 0.601024
vt 0.661482 0.719570
vt 0.666570 0.721206
vt 0.663250 0.733415
vt 0.659214 0.731862
vt 0.503453 0.275907
vt 0.514657 0.278855
vt 0.513721 0.284139
vt 0.503891 0.282132
vt 0.904671 0.342053
vt 0.901870 0.342294
vt 0.610885 0.267221
vt 0.613173 0.251038
vt 0.616061 0.245835
vt 0.616668 0.265049
vt 0.848937 0.727434
vt 0.855051 0.724996
vt 0.854787 0.739174
vt 0.849578 0.735767
vt 0.908488 0.348893
vt 0.900665 0.351502
vt 0.610702 0.435185
vt 0.610025 0.427905
vt 0.614702 0.424154
vt 0.618479 0.436549
vt 0.649657 0.932928
vt 0.649928 0.922294
vt 0.657736 0.924051
vt 0.654982 0.935394
vt 0.884080 0.796608
vt 0.885329 0.802991
vt 0.878564 0.804689
vt 0.878564 0.796196
vt 0.645387 0.934157
vt 0.643065 0.920898
vt 0.617725 0.443524
vt 0.610025 0.443260
vt 0.829313 0.964416
vt 0.828909 0.972194
vt 0.821814 0.976054
vt 0.821814 0.963488
vt 0.198309 0.772444
vt 0.202441 0.766300
vt 0.208251 0.773377
vt 0.201864 0.778410
vt 0.844485 0.399607
vt 0.839136 0.404263
vt 0.835142 0.396576
vt 0.841732 0.392525
vt 0.885598 0.519724
vt 0.902186 0.528937
vt 0.898728 0.535610
vt 0.847798 0.107288
vt 0.846385 0.120634
vt 0.841388 0.118494
vt 0.844486 0.105925
vt 0.855271 0.112594
vt 0.850849 0.123608
vt 0.733663 0.536010
vt 0.730530 0.533205
vt 0.741495 0.518562
vt 0.745299 0.520975
vt 0.473864 0.963546
vt 0.480295 0.963720
vt 0.973929 0.317226
vt 0.968546 0.315934
vt 0.649259 0.567743
vt 0.644315 0.568988
vt 0.642068 0.562314
vt 0.648800 0.560915
vt 0.953094 0.983756
vt 0.958650 0.982619
vt 0.959343 0.989920
vt 0.952361 0.989920
vt 0.986333 0.196091
vt 0.985740 0.189843
vt 0.992067 0.189713
vt 0.992067 0.196879
vt 0.962365 0.315934
vt 0.962233 0.322278
vt 0.750939 0.223511
vt 0.750380 0.212385
vt 0.924196 0.431756
vt 0.925609 0.422821
vt 0.932999 0.422588
vt 0.932106 0.434036
vt 0.761141 0.946772
vt 0.760353 0.954411
vt 0.760970 0.961167
vt 0.683442 0.386734
vt 0.683743 0.376744
vt 0.660408 0.120983
vt 0.655038 0.122968
vt 0.654760 0.110856
vt 0.660295 0.110324
vt 0.867599 0.963655
vt 0.867386 0.968684
vt 0.861314 0.968311
vt 0.863543 0.962614
vt 0.873877 0.962614
vt 0.873684 0.968685
vt 0.946415 0.739451
vt 0.941202 0.740043
vt 0.940284 0.731755
vt 0.946882 0.731755
vt 0.337431 0.949422
vt 0.337435 0.942835
vt 0.935753 0.740049
vt 0.929330 0.740050
vt 0.929330 0.731755
vt 0.936503 0.733847
vt 0.691635 0.931472
vt 0.697815 0.930328
vt 0.987222 0.250551
vt 0.987138 0.246025
vt 0.992633 0.246076
vt 0.992633 0.253051
vt 0.705774 0.940958
vt 0.705887 0.946018
vt 0.700558 0.945159
vt 0.701754 0.938757
vt 0.968560 0.053365
vt 0.974144 0.053365
vt 0.976081 0.061261
vt 0.966886 0.058076
vt 0.871727 0.511244
vt 0.883955 0.510884
vt 0.882552 0.514716
vt 0.871915 0.515225
vt 0.974579 0.064664
vt 0.967390 0.063571
vt 0.863310 0.975867
vt 0.869231 0.974956
vt 0.798792 0.067669
vt 0.798123 0.054178
vt 0.803963 0.054815
vt 0.800857 0.071304
vt 0.346486 0.802150
vt 0.346486 0.797868
vt 0.349018 0.795837
vt 0.349391 0.799052
vt 0.905985 0.604893
vt 0.903157 0.607092
vt 0.904423 0.592575
vt 0.909196 0.593486
vt 0.463422 0.955786
vt 0.461079 0.958526
vt 0.461079 0.942538
vt 0.465257 0.944380
vt 0.911499 0.131024
vt 0.912572 0.119404
vt 0.916759 0.120100
vt 0.912512 0.134172
vt 0.296257 0.491277
vt 0.298791 0.492831
vt 0.298800 0.495752
vt 0.296257 0.494821
vt 0.711266 0.837147
vt 0.701099 0.827324
vt 0.705106 0.826097
vt 0.715005 0.838779
vt 0.712870 0.840797
vt 0.696760 0.832584
vt 0.715980 0.841002
vt 0.979690 0.717446
vt 0.978524 0.714308
vt 0.982627 0.711223
vt 0.984655 0.717148
vt 0.984203 0.721986
vt 0.978524 0.721925
vt 0.699972 0.949642
vt 0.695413 0.950622
vt 0.676003 0.850419
vt 0.672931 0.840503
vt 0.678116 0.838127
vt 0.679012 0.852882
vt 0.678123 0.856008
vt 0.675853 0.854203
vt 0.915597 0.131854
vt 0.920994 0.121078
vt 0.885699 0.104086
vt 0.892543 0.103231
vt 0.892858 0.111174
vt 0.888245 0.112580
vt 0.886623 0.095200
vt 0.891138 0.093560
vt 0.835541 0.627401
vt 0.828113 0.629668
vt 0.826176 0.620089
vt 0.831167 0.618849
vt 0.911383 0.654288
vt 0.902932 0.654950
vt 0.903789 0.646792
vt 0.909946 0.645302
vt 0.351171 0.952541
vt 0.361094 0.952541
vt 0.362153 0.958342
vt 0.353279 0.960719
vt 0.945209 0.093143
vt 0.951146 0.091679
vt 0.951049 0.099387
vt 0.945209 0.099986
vt 0.827027 0.636804
vt 0.821376 0.637794
vt 0.821272 0.629634
vt 0.143765 0.987618
vt 0.143516 0.980762
vt 0.148982 0.979904
vt 0.148713 0.987618
vt 0.842387 0.052978
vt 0.841401 0.048148
vt 0.849082 0.047726
vt 0.849876 0.055392
vt 0.842189 0.041189
vt 0.846772 0.041977
vt 0.953218 0.196134
vt 0.953218 0.203743
vt 0.948334 0.204532
vt 0.950013 0.197391
vt 0.821592 0.619858
vt 0.944370 0.121960
vt 0.940998 0.123657
vt 0.940998 0.103850
vt 0.946974 0.105446
vt 0.826105 0.516470
vt 0.827020 0.539223
vt 0.821654 0.539679
vt 0.823272 0.518144
vt 0.810670 0.515904
vt 0.805538 0.516204
vt 0.806540 0.511535
vt 0.817015 0.512307
vt 0.346486 0.792057
vt 0.346486 0.784010
vt 0.349291 0.787950
vt 0.704205 0.041038
vt 0.702249 0.046876
vt 0.696221 0.044540
vt 0.698146 0.036982
vt 0.830564 0.522312
vt 0.831961 0.540756
vt 0.807532 0.504805
vt 0.815884 0.505978
vt 0.918833 0.855832
vt 0.912404 0.860632
vt 0.912404 0.843453
vt 0.917018 0.843295
vt 0.860694 0.005370
vt 0.866316 0.021577
vt 0.860523 0.021144
vt 0.853657 0.001890
vt 0.348458 0.893345
vt 0.354430 0.899436
vt 0.355563 0.912665
vt 0.348655 0.910566
vt 0.051165 0.942903
vt 0.051165 0.958841
vt 0.046085 0.959494
vt 0.046112 0.949745
vt 0.530655 0.357329
vt 0.525792 0.366821
vt 0.519909 0.365479
vt 0.523773 0.353041
vt 0.974001 0.226695
vt 0.974125 0.233902
vt 0.969417 0.239788
vt 0.969417 0.228529
vt 0.526918 0.344323
vt 0.517174 0.352189
vt 0.519558 0.341265
vt 0.522878 0.327300
vt 0.528060 0.327710
vt 0.533004 0.328589
vt 0.532257 0.342326
vt 0.486152 0.963089
vt 0.492471 0.963643
vt 0.492471 0.976100
vt 0.486977 0.973178
vt 0.830112 0.435802
vt 0.828190 0.429853
vt 0.836720 0.426523
vt 0.836104 0.436001
vt 0.836720 0.443365
vt 0.829001 0.441729
vt 0.821800 0.438665
vt 0.261318 0.915563
vt 0.260522 0.922239
vt 0.255195 0.923287
vt 0.255191 0.916426
vt 0.672181 0.120421
vt 0.676592 0.120307
vt 0.676092 0.125312
vt 0.672181 0.127112
vt 0.859438 0.046371
vt 0.862143 0.040937
vt 0.867657 0.043847
vt 0.865323 0.051980
vt 0.644258 0.971124
vt 0.644258 0.966081
vt 0.646326 0.966818
vt 0.645335 0.974848
vt 0.417609 0.979902
vt 0.421978 0.981573
vt 0.421978 0.987686
vt 0.417804 0.986572
vt 0.807081 0.453329
vt 0.811608 0.447381
vt 0.812935 0.457107
vt 0.806792 0.460408
vt 0.802651 0.462602
vt 0.803192 0.455883
vt 0.968149 0.394769
vt 0.961042 0.396848
vt 0.961042 0.391401
vt 0.968355 0.391289
vt 0.717353 0.974609
vt 0.718319 0.978201
vt 0.709667 0.978055
vt 0.709737 0.972385
vt 0.492036 0.443071
vt 0.494033 0.434323
vt 0.499971 0.434652
vt 0.499672 0.442617
vt 0.124965 0.879640
vt 0.124371 0.884551
vt 0.121175 0.885559
vt 0.119936 0.874224
vt 0.772667 0.507390
vt 0.767393 0.510642
vt 0.766375 0.500357
vt 0.771461 0.497621
vt 0.506561 0.975868
vt 0.496325 0.975868
vt 0.499972 0.963171
vt 0.506405 0.963177
vt 0.937329 0.379805
vt 0.942756 0.377055
vt 0.723782 0.963436
vt 0.724092 0.956234
vt 0.736713 0.956421
vt 0.735008 0.959972
vt 0.254982 0.847095
vt 0.252898 0.841888
vt 0.355420 0.967676
vt 0.348458 0.968041
vt 0.348595 0.964228
vt 0.258498 0.841157
vt 0.260224 0.849032
vt 0.701123 0.029414
vt 0.738029 0.555721
vt 0.730530 0.549612
vt 0.733251 0.539790
vt 0.737577 0.541837
vt 0.745299 0.543169
vt 0.745189 0.555487
vt 0.745299 0.568225
vt 0.740110 0.568700
vt 0.024690 0.295178
vt 0.019448 0.309972
vt 0.013057 0.309503
vt 0.014589 0.294944
vt 0.203435 0.968413
vt 0.201214 0.975972
vt 0.195349 0.975414
vt 0.195349 0.963144
vt 0.906594 0.388216
vt 0.903797 0.375478
vt 0.908520 0.374014
vt 0.911426 0.381326
vt 0.765786 0.256310
vt 0.759955 0.255488
vt 0.755601 0.245647
vt 0.762663 0.243615
vt 0.760341 0.269828
vt 0.757423 0.264824
vt 0.916767 0.389647
vt 0.914489 0.391054
vt 0.966886 0.047667
vt 0.968301 0.042849
vt 0.973906 0.044626
vt 0.974547 0.049585
vt 0.571231 0.789042
vt 0.581805 0.788308
vt 0.574621 0.800773
vt 0.765786 0.223255
vt 0.761106 0.230571
vt 0.756416 0.231894
vt 0.754719 0.225691
vt 0.251410 0.920685
vt 0.245445 0.923591
vt 0.241814 0.917932
vt 0.246012 0.915563
vt 0.249034 0.931021
vt 0.245392 0.930172
vt 0.837215 0.959318
vt 0.837215 0.950648
vt 0.844226 0.958467
vt 0.755576 0.237529
vt 0.761110 0.236344
vt 0.587462 0.775325
vt 0.582248 0.787382
vt 0.966193 0.772242
vt 0.959819 0.769590
vt 0.959729 0.762746
vt 0.966193 0.764146
vt 0.963315 0.099877
vt 0.965007 0.089018
vt 0.972281 0.086808
vt 0.972281 0.096071
vt 0.950762 0.437914
vt 0.950679 0.428171
vt 0.961604 0.428171
vt 0.961130 0.436149
vt 0.959731 0.440714
vt 0.952704 0.443379
vt 0.554334 0.979872
vt 0.554334 0.988526
vt 0.549074 0.988403
vt 0.549493 0.981410
vt 0.989998 0.821968
vt 0.984845 0.822315
vt 0.984845 0.817132
vt 0.990708 0.815064
vt 0.835490 0.731549
vt 0.833075 0.738090
vt 0.827308 0.739918
vt 0.827308 0.730331
vt 0.182972 0.754807
vt 0.181078 0.755364
vt 0.180657 0.742243
vt 0.186173 0.743009
vt 0.942998 0.457424
vt 0.945205 0.468258
vt 0.940365 0.467877
vt 0.936856 0.455391
vt 0.630821 0.250377
vt 0.635359 0.266867
vt 0.632432 0.250496
vt 0.630821 0.270007
vt 0.182277 0.776728
vt 0.176558 0.772640
vt 0.176430 0.753373
vt 0.592341 0.811487
vt 0.591889 0.828930
vt 0.965628 0.275851
vt 0.970658 0.276359
vt 0.970658 0.290111
vt 0.967930 0.287611
vt 0.178241 0.731025
vt 0.182585 0.730321
vt 0.656998 0.727737
vt 0.653317 0.725022
vt 0.654073 0.717393
vt 0.658513 0.716119
vt 0.938972 0.447381
vt 0.945205 0.450285
vt 0.018315 0.984938
vt 0.020870 0.975171
vt 0.026369 0.974222
vt 0.026369 0.982789
vt 0.650340 0.739420
vt 0.688699 0.972840
vt 0.696482 0.976883
vt 0.694904 0.983651
vt 0.688699 0.983788
vt 0.555625 0.460736
vt 0.549409 0.448034
vt 0.553188 0.446852
vt 0.560436 0.458678
vt 0.546449 0.459956
vt 0.545241 0.447666
vt 0.554785 0.471120
vt 0.547722 0.470960
vt 0.897687 0.962670
vt 0.901555 0.964434
vt 0.901555 0.975017
vt 0.897422 0.972914
vt 0.086909 0.537737
vt 0.088223 0.525812
vt 0.093030 0.526112
vt 0.094131 0.539940
vt 0.095054 0.550614
vt 0.089122 0.551360
vt 0.710900 0.005850
vt 0.715640 0.019414
vt 0.710286 0.021602
vt 0.705749 0.012465
vt 0.701578 0.012555
vt 0.706944 0.001890
vt 0.925460 0.349577
vt 0.931991 0.346723
vt 0.931886 0.355072
vt 0.925491 0.355072
vt 0.216553 0.749771
vt 0.211526 0.754405
vt 0.209972 0.746003
vt 0.217305 0.746694
vt 0.223651 0.753108
vt 0.217389 0.761371
vt 0.230706 0.744572
vt 0.725557 0.983026
vt 0.731719 0.983026
vt 0.731234 0.989326
vt 0.725604 0.990360
vt 0.916767 0.358924
vt 0.916050 0.366543
vt 0.909719 0.366533
vt 0.910455 0.359690
vt 0.973184 0.038269
vt 0.966886 0.035834
vt 0.943022 0.777482
vt 0.943600 0.784454
vt 0.939583 0.783753
vt 0.938627 0.776282
vt 0.904438 0.367806
vt 0.905169 0.362057
vt 0.583937 0.976158
vt 0.583240 0.969226
vt 0.590623 0.970610
vt 0.591290 0.976319
vt 0.947989 0.782637
vt 0.949670 0.789098
vt 0.944270 0.791130
vt 0.617290 0.228533
vt 0.622090 0.228856
vt 0.621033 0.246493
vt 0.621396 0.265259
vt 0.709667 0.930328
vt 0.716266 0.930669
vt 0.210336 0.761775
vt 0.214428 0.766966
vt 0.390377 0.954236
vt 0.390377 0.968756
vt 0.382778 0.967924
vt 0.383915 0.955362
vt 0.264675 0.988842
vt 0.257268 0.986160
vt 0.258177 0.982174
vt 0.264675 0.979741
vt 0.235794 0.761948
vt 0.227611 0.771026
vt 0.938627 0.796542
vt 0.238815 0.737078
vt 0.247233 0.742606
vt 0.242652 0.752116
vt 0.229377 0.736880
vt 0.232753 0.731533
vt 0.591290 0.962959
vt 0.583172 0.963587
vt 0.973173 0.736293
vt 0.969075 0.739175
vt 0.969075 0.725766
vt 0.975597 0.729817
vt 0.133506 0.797987
vt 0.131471 0.786710
vt 0.137593 0.787313
vt 0.137143 0.798081
vt 0.668601 0.777566
vt 0.664090 0.777490
vt 0.962077 0.858419
vt 0.966063 0.858656
vt 0.966063 0.862948
vt 0.961129 0.863533
vt 0.169555 0.797052
vt 0.170085 0.786082
vt 0.176596 0.786666
vt 0.173697 0.797922
vt 0.974023 0.721826
vt 0.969075 0.721986
vt 0.969075 0.710370
vt 0.974743 0.708524
vt 0.556949 0.975508
vt 0.549074 0.976091
vt 0.549208 0.969450
vt 0.556949 0.968836
vt 0.529618 0.273975
vt 0.539359 0.276668
vt 0.537558 0.286039
vt 0.524985 0.280292
vt 0.335097 0.667665
vt 0.328084 0.666123
vt 0.330163 0.656775
vt 0.339730 0.658624
vt 0.556949 0.718493
vt 0.554500 0.724584
vt 0.544640 0.724144
vt 0.548164 0.710173
vt 0.553706 0.706421
vt 0.557100 0.713789
vt 0.762629 0.982450
vt 0.762629 0.989697
vt 0.757035 0.989817
vt 0.757875 0.985075
vt 0.533623 0.718418
vt 0.540412 0.710410
vt 0.756057 0.349353
vt 0.760736 0.340245
vt 0.766883 0.339344
vt 0.766595 0.352572
vt 0.549178 0.692495
vt 0.552091 0.695859
vt 0.646004 0.268135
vt 0.639994 0.264583
vt 0.641818 0.251191
vt 0.653183 0.250538
vt 0.883699 0.035859
vt 0.881912 0.026005
vt 0.893799 0.020748
vt 0.893837 0.028595
vt 0.897327 0.031904
vt 0.890791 0.040329
vt 0.873745 0.037404
vt 0.872443 0.029139
vt 0.884435 0.047334
vt 0.876372 0.046012
vt 0.962302 0.631174
vt 0.962302 0.620798
vt 0.967751 0.620410
vt 0.968932 0.630431
vt 0.971216 0.587713
vt 0.967260 0.587994
vt 0.967260 0.574197
vt 0.973374 0.576231
vt 0.968473 0.634942
vt 0.965067 0.634084
vt 0.814354 0.274354
vt 0.808787 0.285495
vt 0.804426 0.289306
vt 0.806285 0.274694
vt 0.510419 0.751777
vt 0.513227 0.746215
vt 0.512566 0.750742
vt 0.513227 0.764937
vt 0.531812 0.302184
vt 0.527088 0.303528
vt 0.518942 0.297208
vt 0.521396 0.293935
vt 0.091662 0.499115
vt 0.094700 0.509197
vt 0.090388 0.510171
vt 0.086751 0.501578
vt 0.540767 0.305199
vt 0.536637 0.314420
vt 0.531079 0.312735
vt 0.535209 0.293966
vt 0.544622 0.298197
vt 0.523417 0.288401
vt 0.698755 0.572768
vt 0.693276 0.578342
vt 0.727415 0.239853
vt 0.726841 0.249479
vt 0.722942 0.250141
vt 0.721987 0.241461
vt 0.721704 0.231756
vt 0.725916 0.231205
vt 0.169555 0.723957
vt 0.175690 0.722716
vt 0.174761 0.732007
vt 0.762154 0.838385
vt 0.770086 0.845591
vt 0.766453 0.849358
vt 0.758512 0.845197
vt 0.754786 0.837933
vt 0.757715 0.834365
vt 0.005307 0.856075
vt 0.002900 0.846253
vt 0.008393 0.842595
vt 0.013043 0.848795
vt 0.985865 0.341106
vt 0.984392 0.336890
vt 0.981440 0.333796
vt 0.985865 0.330834
vt 0.776016 0.745057
vt 0.771012 0.745537
vt 0.769023 0.731174
vt 0.774384 0.731092
vt 0.726706 0.753422
vt 0.724484 0.739537
vt 0.728874 0.738987
vt 0.730229 0.750124
vt 0.783783 0.988526
vt 0.783820 0.983912
vt 0.790158 0.984493
vt 0.791974 0.988792
vt 0.852929 0.543716
vt 0.857321 0.533455
vt 0.862100 0.537699
vt 0.858985 0.545739
vt 0.846531 0.536080
vt 0.851353 0.527351
vt 0.858872 0.552440
vt 0.852769 0.551839
vt 0.848252 0.550658
vt 0.847879 0.545684
vt 0.843737 0.540271
vt 0.164328 0.867567
vt 0.172966 0.867864
vt 0.167336 0.877739
vt 0.161637 0.878070
vt 0.155496 0.878138
vt 0.156875 0.872660
vt 0.051165 0.979826
vt 0.050702 0.988552
vt 0.046181 0.986972
vt 0.043681 0.979826
vt 0.856832 0.556341
vt 0.852882 0.556541
vt 0.864087 0.545153
vt 0.867947 0.547228
vt 0.856601 0.568600
vt 0.853353 0.561429
vt 0.859312 0.562359
vt 0.861162 0.566672
vt 0.122682 0.927874
vt 0.119059 0.921085
vt 0.126992 0.914262
vt 0.126698 0.922454
vt 0.124722 0.937996
vt 0.118716 0.937413
vt 0.117355 0.929752
vt 0.115009 0.923342
vt 0.126992 0.929954
vt 0.126509 0.935486
vt 0.013952 0.854109
vt 0.013804 0.858431
vt 0.764609 0.853544
vt 0.749947 0.844275
vt 0.907135 0.036967
vt 0.901107 0.031571
vt 0.902476 0.027352
vt 0.908549 0.028840
vt 0.012593 0.833491
vt 0.009924 0.833858
vt 0.018234 0.820977
vt 0.020455 0.828270
vt 0.021916 0.834221
vt 0.015226 0.838783
vt 0.157947 0.793828
vt 0.157641 0.798165
vt 0.152022 0.800952
vt 0.151192 0.792854
vt 0.149594 0.780565
vt 0.156930 0.781082
vt 0.661746 0.881730
vt 0.664081 0.871004
vt 0.669493 0.872163
vt 0.667391 0.886247
vt 0.624635 0.277321
vt 0.626499 0.273975
vt 0.634572 0.280392
vt 0.631665 0.281339
vt 0.677917 0.265383
vt 0.668911 0.264901
vt 0.668963 0.260370
vt 0.676648 0.260370
vt 0.676600 0.270131
vt 0.669953 0.268611
vt 0.183402 0.284380
vt 0.183356 0.290219
vt 0.177738 0.292216
vt 0.176990 0.284907
vt 0.187468 0.280545
vt 0.189184 0.290155
vt 0.131910 0.947111
vt 0.135918 0.942962
vt 0.139736 0.953870
vt 0.133594 0.953097
vt 0.193034 0.458115
vt 0.194529 0.460588
vt 0.194336 0.470707
vt 0.193034 0.471114
vt 0.813894 0.108152
vt 0.871832 0.981582
vt 0.873581 0.979647
vt 0.878912 0.979732
vt 0.878912 0.983654
vt 0.878833 0.988473
vt 0.872834 0.988866
vt 0.812821 0.115654
vt 0.221291 0.988076
vt 0.216121 0.986410
vt 0.216121 0.979899
vt 0.219945 0.980903
vt 0.296572 0.460088
vt 0.296195 0.452970
vt 0.297874 0.453465
vt 0.298664 0.458473
vt 0.023834 0.843100
vt 0.018030 0.844408
vt 0.879973 0.500427
vt 0.879973 0.507071
vt 0.878286 0.506658
vt 0.876662 0.501958
vt 0.739398 0.757203
vt 0.742882 0.758283
vt 0.742056 0.763201
vt 0.737949 0.763612
vt 0.093104 0.934559
vt 0.092286 0.924532
vt 0.099423 0.925184
vt 0.099546 0.937850
vt 0.802968 0.443530
vt 0.795124 0.438979
vt 0.795124 0.433621
vt 0.802106 0.434957
vt 0.741723 0.771345
vt 0.739803 0.783816
vt 0.735003 0.783695
vt 0.735600 0.772209
vt 0.895807 0.344012
vt 0.890331 0.344105
vt 0.900471 0.978876
vt 0.901555 0.986470
vt 0.897448 0.987731
vt 0.897448 0.978797
vt 0.099546 0.914792
vt 0.092056 0.918098
vt 0.298800 0.487496
vt 0.296424 0.485609
vt 0.297698 0.478254
vt 0.298800 0.476540
vt 0.621074 0.751365
vt 0.621074 0.764698
vt 0.620426 0.765911
vt 0.617545 0.756581
vt 0.675902 0.890129
vt 0.682124 0.889814
vt 0.675503 0.902533
vt 0.669452 0.900045
vt 0.661746 0.895115
vt 0.677846 0.884174
vt 0.556120 0.942631
vt 0.554592 0.950756
vt 0.549074 0.947828
vt 0.550391 0.944653
vt 0.561265 0.944246
vt 0.560921 0.950734
vt 0.526013 0.937735
vt 0.520616 0.938031
vt 0.517571 0.930935
vt 0.525200 0.931421
vt 0.978559 0.182999
vt 0.978902 0.178258
vt 0.978559 0.172237
vt 0.983207 0.177454
vt 0.963548 0.966803
vt 0.963583 0.972941
vt 0.957953 0.973658
vt 0.957615 0.968579
vt 0.085137 0.917676
vt 0.086199 0.923841
vt 0.561265 0.959265
vt 0.557354 0.958223
vt 0.856363 0.658000
vt 0.849139 0.659907
vt 0.845526 0.652538
vt 0.849798 0.651817
vt 0.948985 0.451353
vt 0.956659 0.447381
vt 0.956659 0.456424
vt 0.950425 0.458550
vt 0.957971 0.800303
vt 0.953450 0.804617
vt 0.953450 0.798478
vt 0.958105 0.796972
vt 0.529821 0.925222
vt 0.517571 0.916734
vt 0.527176 0.915276
vt 0.534041 0.922151
vt 0.526429 0.926596
vt 0.517781 0.923590
vt 0.727600 0.775414
vt 0.732676 0.764144
vt 0.730102 0.785142
vt 0.906789 0.086882
vt 0.906789 0.105200
vt 0.899065 0.108621
vt 0.904800 0.088054
vt 0.593147 0.942825
vt 0.600746 0.949390
vt 0.599471 0.959037
vt 0.593147 0.959117
vt 0.696891 0.023242
vt 0.691907 0.034349
vt 0.703513 0.018119
vt 0.705781 0.024246
vt 0.688836 0.023960
vt 0.691855 0.015655
vt 0.949177 0.568940
vt 0.937043 0.566675
vt 0.937043 0.557027
vt 0.946591 0.561292
vt 0.853756 0.922285
vt 0.854009 0.917289
vt 0.856998 0.915658
vt 0.856998 0.921104
vt 0.987131 0.415830
vt 0.983523 0.422426
vt 0.982715 0.418466
vt 0.982715 0.412485
vt 0.885704 0.731935
vt 0.888886 0.730586
vt 0.892750 0.732451
vt 0.890827 0.737561
vt 0.882986 0.725594
vt 0.888060 0.725262
vt 0.628852 0.415064
vt 0.636083 0.416271
vt 0.635209 0.422022
vt 0.630077 0.422316
vt 0.970725 0.980759
vt 0.975656 0.981184
vt 0.975656 0.988374
vt 0.971392 0.987517
vt 0.624893 0.423763
vt 0.623037 0.418236
vt 0.560273 0.919853
vt 0.553623 0.925659
vt 0.549074 0.920572
vt 0.552157 0.916419
vt 0.562283 0.924143
vt 0.558565 0.930018
vt 0.936609 0.918918
vt 0.934755 0.908635
vt 0.940518 0.909895
vt 0.940838 0.919237
vt 0.870978 0.612195
vt 0.879649 0.611580
vt 0.880807 0.620525
vt 0.873855 0.621092
vt 0.037888 0.871343
vt 0.029694 0.871758
vt 0.030996 0.861741
vt 0.036679 0.858796
vt 0.859253 0.274188
vt 0.859133 0.287462
vt 0.853978 0.285938
vt 0.851553 0.273975
vt 0.935075 0.859406
vt 0.934591 0.852559
vt 0.942249 0.854178
vt 0.939830 0.860605
vt 0.927736 0.859329
vt 0.925195 0.852429
vt 0.955043 0.464727
vt 0.949494 0.465924
vt 0.945963 0.341544
vt 0.946127 0.347365
vt 0.938772 0.347321
vt 0.938772 0.339708
vt 0.893022 0.725100
vt 0.748934 0.295402
vt 0.747840 0.308826
vt 0.741206 0.308987
vt 0.741598 0.295940
vt 0.752277 0.300835
vt 0.752109 0.309962
vt 0.988371 0.801987
vt 0.984010 0.801429
vt 0.984159 0.794676
vt 0.988371 0.792850
vt 0.971356 0.478914
vt 0.978772 0.480014
vt 0.978846 0.486205
vt 0.971418 0.483622
vt 0.421712 0.807585
vt 0.426918 0.807585
vt 0.424546 0.813037
vt 0.424352 0.811189
vt 0.839230 0.666104
vt 0.839261 0.677662
vt 0.833124 0.677631
vt 0.833678 0.665701
vt 0.378113 0.966437
vt 0.372799 0.968773
vt 0.373049 0.954371
vt 0.378998 0.955637
vt 0.986814 0.164393
vt 0.980810 0.163825
vt 0.980555 0.158555
vt 0.987774 0.158675
vt 0.353233 0.971822
vt 0.357324 0.975443
vt 0.355312 0.980649
vt 0.348458 0.974385
vt 0.076361 0.988070
vt 0.070833 0.988675
vt 0.071004 0.980061
vt 0.076361 0.979813
vt 0.956857 0.138031
vt 0.957305 0.146523
vt 0.951328 0.147195
vt 0.951987 0.138031
vt 0.618865 0.979786
vt 0.618327 0.988647
vt 0.613654 0.988483
vt 0.613184 0.979786
vt 0.035880 0.847425
vt 0.031007 0.848365
vt 0.030764 0.835059
vt 0.035896 0.834521
vt 0.352284 0.982892
vt 0.348458 0.982571
vt 0.985296 0.826095
vt 0.991834 0.826095
vt 0.991535 0.833304
vt 0.985794 0.833194
vt 0.969267 0.928739
vt 0.969255 0.940325
vt 0.963461 0.938993
vt 0.963461 0.926009
vt 0.773705 0.977808
vt 0.766435 0.978018
vt 0.767253 0.965727
vt 0.773705 0.965950
vt 0.040917 0.834460
vt 0.040682 0.845610
vt 0.979725 0.822315
vt 0.976904 0.815435
vt 0.981065 0.810889
vt 0.981065 0.818945
vt 0.858811 0.297730
vt 0.857300 0.301031
vt 0.982943 0.986257
vt 0.979436 0.988321
vt 0.979436 0.979601
vt 0.984911 0.978918
vt 0.857696 0.312427
vt 0.852074 0.313152
vt 0.850450 0.299426
vt 0.504578 0.988798
vt 0.496683 0.986195
vt 0.496325 0.980829
vt 0.504578 0.979648
vt 0.014515 0.942267
vt 0.014515 0.949222
vt 0.008813 0.947905
vt 0.010856 0.938672
vt 0.978153 0.491063
vt 0.971356 0.487962
vt 0.837621 0.004111
vt 0.837621 0.015903
vt 0.832160 0.016214
vt 0.832597 0.002249
vt 0.716393 0.870308
vt 0.719699 0.873745
vt 0.717527 0.878143
vt 0.716393 0.875904
vt 0.803080 0.467110
vt 0.800030 0.465765
vt 0.117216 0.887206
vt 0.115009 0.876308
vt 0.845595 0.281246
vt 0.841466 0.283944
vt 0.836636 0.275200
vt 0.840148 0.273975
vt 0.728808 0.948394
vt 0.736713 0.947418
vt 0.896662 0.714602
vt 0.897760 0.719489
vt 0.892540 0.719122
vt 0.891647 0.713653
vt 0.930969 0.028547
vt 0.926588 0.029476
vt 0.925248 0.024321
vt 0.929702 0.023261
vt 0.936697 0.827842
vt 0.938681 0.823210
vt 0.943700 0.823853
vt 0.940768 0.829525
vt 0.011871 0.956732
vt 0.008050 0.957532
vt 0.853703 0.054071
vt 0.857737 0.056754
vt 0.982626 0.478914
vt 0.986831 0.480729
vt 0.986996 0.488415
vt 0.982626 0.488951
vt 0.036497 0.982251
vt 0.038684 0.987960
vt 0.030699 0.987960
vt 0.031550 0.979886
vt 0.656964 0.260370
vt 0.665130 0.260370
vt 0.663183 0.270181
vt 0.657136 0.268092
vt 0.683060 0.123116
vt 0.679831 0.130099
vt 0.673180 0.695421
vt 0.671019 0.701203
vt 0.665119 0.703898
vt 0.664854 0.695421
vt 0.674020 0.134189
vt 0.600084 0.433452
vt 0.600405 0.443585
vt 0.596163 0.443457
vt 0.594624 0.435576
vt 0.596352 0.426959
vt 0.599929 0.424154
vt 0.606245 0.434197
vt 0.606245 0.443483
vt 0.048756 0.964272
vt 0.050243 0.970375
vt 0.044521 0.969604
vt 0.044142 0.963274
vt 0.936697 0.808907
vt 0.940903 0.808515
vt 0.943568 0.816249
vt 0.939397 0.816768
vt 0.963772 0.804646
vt 0.961994 0.797148
vt 0.966379 0.794797
vt 0.966379 0.800925
vt 0.699675 0.568791
vt 0.694580 0.568965
vt 0.694580 0.561283
vt 0.701563 0.564063
vt 0.985600 0.075378
vt 0.980722 0.078819
vt 0.980722 0.068513
vt 0.986591 0.069746
vt 0.981544 0.563033
vt 0.986509 0.562289
vt 0.986509 0.570328
vt 0.982657 0.569300
vt 0.982099 0.550844
vt 0.987098 0.548322
vt 0.987098 0.558509
vt 0.981544 0.557128
vt 0.889266 0.232607
vt 0.888815 0.223106
vt 0.897577 0.224404
vt 0.898077 0.230488
vt 0.890262 0.240463
vt 0.882034 0.239990
vt 0.880646 0.229172
vt 0.881179 0.220750
vt 0.107949 0.902514
vt 0.098383 0.889651
vt 0.106435 0.889447
vt 0.111228 0.911012
vt 0.568076 0.950372
vt 0.573044 0.942469
vt 0.579392 0.943249
vt 0.577879 0.951338
vt 0.761148 0.567387
vt 0.762369 0.552114
vt 0.769420 0.552481
vt 0.769420 0.568962
vt 0.579392 0.959450
vt 0.570733 0.958812
vt 0.406530 0.648821
vt 0.414454 0.647707
vt 0.411275 0.661610
vt 0.406530 0.666006
vt 0.898077 0.211908
vt 0.897269 0.218002
vt 0.889974 0.216148
vt 0.894173 0.208429
vt 0.926248 0.840277
vt 0.933923 0.839781
vt 0.934212 0.846542
vt 0.925195 0.846226
vt 0.949127 0.911835
vt 0.945040 0.922229
vt 0.735310 0.132534
vt 0.736766 0.114337
vt 0.743104 0.114952
vt 0.743115 0.133952
vt 0.940910 0.900552
vt 0.949127 0.900826
vt 0.991780 0.965144
vt 0.992231 0.970014
vt 0.988029 0.971274
vt 0.988029 0.964588
vt 0.170907 0.979770
vt 0.170907 0.987114
vt 0.165577 0.988718
vt 0.166209 0.981117
vt 0.956153 0.154124
vt 0.952645 0.156181
vt 0.921416 0.654564
vt 0.921444 0.661862
vt 0.915163 0.661862
vt 0.916736 0.654110
vt 0.978516 0.317988
vt 0.981586 0.315934
vt 0.983274 0.323184
vt 0.978516 0.326808
vt 0.992236 0.589633
vt 0.992449 0.595345
vt 0.988368 0.595647
vt 0.988368 0.589105
vt 0.919831 0.606639
vt 0.918340 0.615302
vt 0.914231 0.616604
vt 0.914231 0.608356
vt 0.984113 0.222593
vt 0.983750 0.214058
vt 0.987975 0.213632
vt 0.987975 0.222861
vt 0.738075 0.824342
vt 0.736041 0.819120
vt 0.741678 0.816884
vt 0.742882 0.822605
vt 0.822574 0.004047
vt 0.827703 0.001890
vt 0.826708 0.016307
vt 0.822823 0.016069
vt 0.772993 0.669912
vt 0.765390 0.674220
vt 0.765361 0.667580
vt 0.770583 0.665701
vt 0.725332 0.678202
vt 0.724484 0.665700
vt 0.729286 0.665903
vt 0.728993 0.679845
vt 0.652427 0.648545
vt 0.656641 0.651450
vt 0.651190 0.661116
vt 0.646656 0.660917
vt 0.322640 0.814894
vt 0.330887 0.817626
vt 0.329371 0.826459
vt 0.321198 0.822432
vt 0.659827 0.704040
vt 0.653440 0.703771
vt 0.656192 0.696329
vt 0.659827 0.695421
vt 0.711603 0.442784
vt 0.708226 0.440429
vt 0.710903 0.433167
vt 0.715057 0.431943
vt 0.940361 0.274464
vt 0.937403 0.282444
vt 0.933198 0.281876
vt 0.936353 0.273975
vt 0.851884 0.762851
vt 0.849572 0.772376
vt 0.844348 0.771374
vt 0.844854 0.761336
vt 0.849574 0.753210
vt 0.855975 0.753259
vt 0.857424 0.759145
vt 0.844236 0.753131
vt 0.863273 0.769370
vt 0.858281 0.771469
vt 0.983398 0.937745
vt 0.983398 0.928307
vt 0.987658 0.929320
vt 0.987550 0.936174
vt 0.921547 0.358924
vt 0.925565 0.359735
vt 0.926110 0.367584
vt 0.920723 0.367794
vt 0.870268 0.495320
vt 0.871425 0.489059
vt 0.875189 0.490275
vt 0.873645 0.496481
vt 0.867003 0.496647
vt 0.867697 0.488844
vt 0.858703 0.755777
vt 0.859232 0.760300
vt 0.230260 0.908401
vt 0.231920 0.898105
vt 0.236329 0.898033
vt 0.236913 0.905744
vt 0.960200 0.498452
vt 0.967331 0.497619
vt 0.967031 0.504054
vt 0.960200 0.507068
vt 0.842705 0.195907
vt 0.839734 0.196316
vt 0.840955 0.185645
vt 0.844448 0.185559
vt 0.367866 0.841592
vt 0.382451 0.838939
vt 0.381210 0.843789
vt 0.369684 0.844131
vt 0.763959 0.274616
vt 0.774084 0.273975
vt 0.773808 0.277862
vt 0.767110 0.278986
vt 0.661371 0.636241
vt 0.668053 0.637497
vt 0.666927 0.647218
vt 0.662584 0.645649
vt 0.953392 0.188973
vt 0.949435 0.192354
vt 0.947825 0.188000
vt 0.951077 0.184460
vt 0.369405 0.847824
vt 0.381011 0.848568
vt 0.380906 0.855031
vt 0.370525 0.854828
vt 0.336732 0.818061
vt 0.339420 0.823129
vt 0.913484 0.985540
vt 0.905336 0.985248
vt 0.905336 0.974874
vt 0.910913 0.974918
vt 0.836237 0.197488
vt 0.836471 0.185325
vt 0.335539 0.771671
vt 0.333226 0.781352
vt 0.329433 0.780723
vt 0.330429 0.772728
vt 0.969220 0.976979
vt 0.969574 0.971108
vt 0.975364 0.971124
vt 0.975656 0.976979
vt 0.949583 0.309639
vt 0.945230 0.312132
vt 0.944142 0.305677
vt 0.949731 0.303480
vt 0.944142 0.300328
vt 0.947964 0.297049
vt 0.843966 0.150042
vt 0.852386 0.152265
vt 0.846556 0.159975
vt 0.842774 0.159478
vt 0.969231 0.959662
vt 0.969220 0.954335
vt 0.974974 0.954206
vt 0.974974 0.960808
vt 0.836237 0.149639
vt 0.837532 0.141396
vt 0.843019 0.143697
vt 0.838499 0.159487
vt 0.847487 0.145206
vt 0.851805 0.144351
vt 0.840782 0.138031
vt 0.847393 0.139068
vt 0.971198 0.964649
vt 0.975062 0.964589
vt 0.407776 0.954302
vt 0.412785 0.952967
vt 0.413802 0.959118
vt 0.406822 0.960258
vt 0.986849 0.036223
vt 0.991943 0.035834
vt 0.992945 0.042968
vt 0.986849 0.042944
vt 0.703099 0.389580
vt 0.708503 0.386548
vt 0.707579 0.393666
vt 0.701681 0.394097
vt 0.606714 0.971999
vt 0.600088 0.969894
vt 0.601757 0.962898
vt 0.608165 0.965962
vt 0.608165 0.976284
vt 0.600880 0.976326
vt 0.413358 0.964545
vt 0.406822 0.967777
vt 0.715057 0.387166
vt 0.712828 0.396292
vt 0.517571 0.979630
vt 0.523020 0.980084
vt 0.523464 0.987236
vt 0.517571 0.988989
vt 0.969641 0.947403
vt 0.974625 0.948408
vt 0.709219 0.398497
vt 0.709898 0.406852
vt 0.705957 0.407502
vt 0.702635 0.400714
vt 0.920325 0.547873
vt 0.922761 0.543578
vt 0.926959 0.548525
vt 0.924591 0.550202
vt 0.930440 0.358974
vt 0.932488 0.366915
vt 0.156263 0.986050
vt 0.157835 0.980066
vt 0.160828 0.979863
vt 0.160828 0.988554
vt 0.956443 0.274464
vt 0.961095 0.273975
vt 0.961848 0.279441
vt 0.956019 0.279485
vt 0.842450 0.799396
vt 0.842573 0.792253
vt 0.848204 0.792639
vt 0.847408 0.799030
vt 0.656945 0.691640
vt 0.652129 0.690435
vt 0.655205 0.683498
vt 0.660266 0.685884
vt 0.171805 0.973988
vt 0.166325 0.975990
vt 0.165577 0.969849
vt 0.172869 0.968680
vt 0.879331 0.580086
vt 0.879850 0.594100
vt 0.873290 0.593004
vt 0.876162 0.576597
vt 0.878359 0.572768
vt 0.880807 0.575832
vt 0.072322 0.817696
vt 0.075806 0.814420
vt 0.073827 0.831276
vt 0.068701 0.831152
vt 0.642068 0.685949
vt 0.643362 0.679861
vt 0.649244 0.681526
vt 0.646382 0.688367
vt 0.934788 0.196769
vt 0.930228 0.198477
vt 0.928640 0.191531
vt 0.934469 0.190831
vt 0.956090 0.289302
vt 0.956019 0.285189
vt 0.961824 0.285187
vt 0.960879 0.290111
vt 0.014515 0.902858
vt 0.010201 0.904469
vt 0.008285 0.896625
vt 0.014426 0.895313
vt 0.078573 0.817891
vt 0.079801 0.831843
vt 0.097208 0.875409
vt 0.100942 0.874224
vt 0.091809 0.887765
vt 0.795100 0.661882
vt 0.795644 0.657459
vt 0.799284 0.655683
vt 0.799284 0.660668
vt 0.764782 0.539467
vt 0.768998 0.536910
vt 0.104652 0.877697
vt 0.763498 0.534646
vt 0.767999 0.532218
vt 0.739070 0.101597
vt 0.743115 0.098428
vt 0.910911 0.211689
vt 0.911743 0.224191
vt 0.904104 0.222523
vt 0.907273 0.208429
vt 0.737820 0.097377
vt 0.741761 0.094188
vt 0.014515 0.862211
vt 0.013387 0.874200
vt 0.005593 0.875292
vt 0.002900 0.866766
vt 0.737584 0.668989
vt 0.733844 0.681677
vt 0.742882 0.675131
vt 0.736948 0.683530
vt 0.341790 0.827618
vt 0.333550 0.833241
vt 0.804213 0.641415
vt 0.806323 0.622660
vt 0.810296 0.623396
vt 0.812082 0.636481
vt 0.572223 0.690102
vt 0.576786 0.681842
vt 0.593734 0.691122
vt 0.588037 0.698851
vt 0.575745 0.698418
vt 0.564637 0.700246
vt 0.559490 0.690244
vt 0.421767 0.802884
vt 0.421712 0.785803
vt 0.426759 0.785242
vt 0.428083 0.803805
vt 0.874283 0.738038
vt 0.865372 0.739948
vt 0.869034 0.721431
vt 0.874283 0.720653
vt 0.803430 0.210998
vt 0.796789 0.209117
vt 0.798621 0.196325
vt 0.807984 0.196610
vt 0.586749 0.673893
vt 0.601937 0.681767
vt 0.145876 0.765408
vt 0.143615 0.779835
vt 0.141535 0.768016
vt 0.156069 0.768025
vt 0.941595 0.400954
vt 0.937197 0.402164
vt 0.937197 0.383761
vt 0.942336 0.383585
vt 0.145764 0.757654
vt 0.155118 0.756306
vt 0.554300 0.691855
vt 0.558079 0.703286
vt 0.547239 0.683049
vt 0.768212 0.927405
vt 0.774997 0.920612
vt 0.774997 0.941809
vt 0.768437 0.937483
vt 0.716393 0.887829
vt 0.716662 0.883051
vt 0.719738 0.881924
vt 0.719738 0.889516
vt 0.229130 0.600164
vt 0.229566 0.587391
vt 0.233687 0.587884
vt 0.233796 0.593731
vt 0.238271 0.593106
vt 0.233771 0.603469
vt 0.400356 0.859047
vt 0.399672 0.860536
vt 0.401068 0.866370
vt 0.393310 0.858783
vt 0.391314 0.863322
vt 0.381012 0.859174
vt 0.394384 0.851663
vt 0.402407 0.853701
vt 0.401083 0.873171
vt 0.982646 0.589105
vt 0.984588 0.596665
vt 0.977154 0.596665
vt 0.977485 0.590358
vt 0.752318 0.655518
vt 0.751036 0.658830
vt 0.748363 0.645103
vt 0.754920 0.649103
vt 0.132658 0.574182
vt 0.137138 0.573542
vt 0.137664 0.579399
vt 0.132042 0.578880
vt 0.684919 0.597640
vt 0.684361 0.602384
vt 0.677978 0.599687
vt 0.679488 0.594415
vt 0.059440 0.963246
vt 0.060466 0.969520
vt 0.054945 0.969691
vt 0.055029 0.964389
vt 0.417884 0.844109
vt 0.417932 0.849444
vt 0.410983 0.848601
vt 0.411887 0.842508
vt 0.700626 0.993059
vt 0.700262 0.987245
vt 0.705875 0.987245
vt 0.705202 0.993544
vt 0.987540 0.676139
vt 0.992245 0.676211
vt 0.992490 0.682836
vt 0.987540 0.681813
vt 0.414760 0.861162
vt 0.409122 0.860790
vt 0.410035 0.854881
vt 0.416834 0.855722
vt 0.666943 0.591399
vt 0.673374 0.591723
vt 0.671235 0.597675
vt 0.664538 0.597444
vt 0.988435 0.715549
vt 0.993358 0.715655
vt 0.992924 0.721571
vt 0.988435 0.721986
vt 0.972686 0.908651
vt 0.973942 0.904575
vt 0.979088 0.905095
vt 0.979088 0.912457
vt 0.716959 0.968416
vt 0.711608 0.968605
vt 0.710958 0.963658
vt 0.716294 0.963359
vt 0.473765 0.980018
vt 0.478862 0.979899
vt 0.478357 0.983807
vt 0.474135 0.983940
vt 0.948580 0.940922
vt 0.948465 0.947653
vt 0.940007 0.945857
vt 0.943029 0.940971
vt 0.589469 0.454900
vt 0.594335 0.455174
vt 0.595414 0.463043
vt 0.589791 0.462656
vt 0.738031 0.891012
vt 0.734826 0.899677
vt 0.729282 0.901040
vt 0.730873 0.889787
vt 0.732831 0.883745
vt 0.738547 0.884343
vt 0.866639 0.500427
vt 0.871709 0.501004
vt 0.872881 0.507086
vt 0.866492 0.507086
vt 0.635679 0.978625
vt 0.635268 0.983219
vt 0.635679 0.988019
vt 0.628351 0.981526
vt 0.137891 0.981349
vt 0.137891 0.988674
vt 0.132574 0.986926
vt 0.131910 0.979781
vt 0.980989 0.088309
vt 0.980895 0.094221
vt 0.976061 0.094958
vt 0.976210 0.090413
vt 0.951130 0.248707
vt 0.956254 0.249201
vt 0.955094 0.255499
vt 0.950335 0.254565
vt 0.401300 0.929778
vt 0.398476 0.934333
vt 0.394249 0.931972
vt 0.398134 0.927490
vt 0.942602 0.723294
vt 0.942840 0.718881
vt 0.948091 0.717296
vt 0.948811 0.722968
vt 0.949939 0.242812
vt 0.955218 0.241885
vt 0.954127 0.727103
vt 0.949813 0.727975
vt 0.953766 0.722499
vt 0.942092 0.881519
vt 0.938807 0.879079
vt 0.941135 0.875559
vt 0.945002 0.876944
vt 0.949445 0.879845
vt 0.944454 0.884175
vt 0.936107 0.644093
vt 0.932496 0.646127
vt 0.929940 0.640563
vt 0.936113 0.639422
vt 0.940496 0.870999
vt 0.947222 0.871253
vt 0.952361 0.926009
vt 0.959376 0.928288
vt 0.959680 0.933139
vt 0.953961 0.932168
vt 0.406217 0.931266
vt 0.411677 0.929978
vt 0.413213 0.938208
vt 0.408336 0.938514
vt 0.747578 0.989828
vt 0.746662 0.982450
vt 0.753255 0.982450
vt 0.752648 0.988003
vt 0.977471 0.900552
vt 0.972894 0.900782
vt 0.984152 0.061920
vt 0.980359 0.063850
vt 0.979861 0.058129
vt 0.984152 0.053365
vt 0.946841 0.933245
vt 0.941162 0.935116
vt 0.939192 0.927904
vt 0.948580 0.926009
vt 0.473765 0.987900
vt 0.478347 0.988077
vt 0.952361 0.941606
vt 0.954208 0.937490
vt 0.958680 0.938937
vt 0.957986 0.943623
vt 0.796191 0.928889
vt 0.788203 0.928150
vt 0.786902 0.921278
vt 0.794966 0.921017
vt 0.795625 0.938503
vt 0.787843 0.937216
vt 0.938821 0.725987
vt 0.929330 0.727975
vt 0.929442 0.717931
vt 0.935952 0.719533
vt 0.604482 0.937698
vt 0.599697 0.939045
vt 0.599190 0.927454
vt 0.606894 0.927450
vt 0.971355 0.463445
vt 0.976955 0.463519
vt 0.978098 0.468484
vt 0.971355 0.468293
vt 0.407276 0.981680
vt 0.405377 0.971744
vt 0.412745 0.971744
vt 0.412699 0.983136
vt 0.826071 0.959708
vt 0.822525 0.954493
vt 0.826864 0.952503
vt 0.829313 0.957512
vt 0.738547 0.914530
vt 0.735743 0.917036
vt 0.731932 0.910850
vt 0.735636 0.908820
vt 0.939058 0.028387
vt 0.939505 0.031970
vt 0.934749 0.031970
vt 0.935582 0.027007
vt 0.925129 0.443352
vt 0.924196 0.437816
vt 0.929310 0.437816
vt 0.929283 0.443579
vt 0.976950 0.472168
vt 0.981734 0.470597
vt 0.979026 0.474956
vt 0.935525 0.703238
vt 0.938821 0.704215
vt 0.935977 0.711096
vt 0.932367 0.708371
vt 0.971911 0.473083
vt 0.935392 0.940008
vt 0.934426 0.933901
vt 0.963443 0.172547
vt 0.963846 0.177471
vt 0.957661 0.177369
vt 0.957172 0.172237
vt 0.979393 0.384003
vt 0.979393 0.393888
vt 0.974118 0.392309
vt 0.972135 0.381958
vt 0.400949 0.949186
vt 0.394249 0.940801
vt 0.402465 0.942845
vt 0.408770 0.945651
vt 0.126600 0.976084
vt 0.120925 0.970679
vt 0.120517 0.963171
vt 0.126600 0.965341
vt 0.767932 0.750181
vt 0.776016 0.751938
vt 0.774768 0.761302
vt 0.768737 0.759310
vt 0.950160 0.355144
vt 0.951075 0.347042
vt 0.957944 0.345353
vt 0.957706 0.353225
vt 0.957439 0.187563
vt 0.957172 0.183095
vt 0.963739 0.183443
vt 0.963494 0.187964
vt 0.905804 0.867248
vt 0.912476 0.877296
vt 0.905336 0.878503
vt 0.905336 0.864425
vt 0.967626 0.200890
vt 0.968197 0.189713
vt 0.973256 0.191643
vt 0.973256 0.203458
vt 0.855350 0.209388
vt 0.861756 0.208429
vt 0.862219 0.222289
vt 0.855653 0.222123
vt 0.757452 0.585238
vt 0.754839 0.601046
vt 0.750360 0.602080
vt 0.751270 0.587393
vt 0.596738 0.474214
vt 0.592481 0.473461
vt 0.389922 0.972537
vt 0.389922 0.983587
vt 0.385022 0.983134
vt 0.382778 0.974466
vt 0.821404 0.676479
vt 0.817594 0.684993
vt 0.815247 0.667611
vt 0.819304 0.665700
vt 0.595601 0.525284
vt 0.595238 0.510448
vt 0.599959 0.513661
vt 0.601088 0.534510
vt 0.593898 0.498667
vt 0.599141 0.500369
vt 0.309396 0.539564
vt 0.310488 0.543612
vt 0.306960 0.546847
vt 0.302712 0.536616
vt 0.083952 0.986958
vt 0.082921 0.985876
vt 0.080142 0.982776
vt 0.083952 0.979813
vt 0.681149 0.926472
vt 0.679351 0.918987
vt 0.684140 0.920142
vt 0.684824 0.932701
vt 0.637439 0.636913
vt 0.629828 0.633074
vt 0.630396 0.621383
vt 0.636185 0.623904
vt 0.634824 0.644173
vt 0.629178 0.642946
vt 0.692268 0.391506
vt 0.693753 0.403590
vt 0.686292 0.404295
vt 0.683442 0.393281
vt 0.633240 0.656484
vt 0.628337 0.656399
vt 0.679592 0.906314
vt 0.684824 0.908289
vt 0.313358 0.640089
vt 0.309872 0.635036
vt 0.307911 0.618715
vt 0.314787 0.626690
vt 0.324882 0.628807
vt 0.322572 0.637117
vt 0.322322 0.647626
vt 0.315124 0.651087
vt 0.892916 0.616630
vt 0.885841 0.608540
vt 0.891301 0.604351
vt 0.897943 0.605541
vt 0.392401 0.683836
vt 0.393169 0.675298
vt 0.409479 0.680579
vt 0.409534 0.687074
vt 0.382299 0.677323
vt 0.382577 0.669866
vt 0.978515 0.400252
vt 0.980452 0.408705
vt 0.972337 0.408114
vt 0.972337 0.397769
vt 0.320658 0.622884
vt 0.323257 0.610849
vt 0.329418 0.609087
vt 0.328132 0.621781
vt 0.908623 0.841576
vt 0.904939 0.846467
vt 0.903174 0.832762
vt 0.906904 0.829195
vt 0.457299 0.959288
vt 0.450635 0.956822
vt 0.444960 0.947189
vt 0.457299 0.942538
vt 0.304891 0.654139
vt 0.303520 0.651362
vt 0.302712 0.648379
vt 0.303007 0.633247
vt 0.466191 0.528416
vt 0.467331 0.513526
vt 0.474710 0.514781
vt 0.471793 0.531727
vt 0.172966 0.910405
vt 0.167218 0.904639
vt 0.164911 0.895999
vt 0.169321 0.896279
vt 0.966710 0.847884
vt 0.961129 0.854639
vt 0.961129 0.842821
vt 0.964636 0.839781
vt 0.474162 0.504515
vt 0.482812 0.501386
vt 0.487276 0.506603
vt 0.849375 0.350341
vt 0.849375 0.333110
vt 0.854209 0.340112
vt 0.853708 0.354980
vt 0.469884 0.503682
vt 0.719760 0.800348
vt 0.723737 0.805260
vt 0.722305 0.819427
vt 0.719760 0.817522
vt 0.296105 0.622534
vt 0.290871 0.623576
vt 0.291901 0.615313
vt 0.296155 0.616759
vt 0.953216 0.214125
vt 0.959547 0.208429
vt 0.959547 0.223269
vt 0.955034 0.225280
vt 0.002900 0.736077
vt 0.004969 0.722804
vt 0.009979 0.722414
vt 0.010258 0.735635
vt 0.678675 0.301413
vt 0.678396 0.313464
vt 0.673790 0.313929
vt 0.672331 0.298947
vt 0.669451 0.285058
vt 0.674918 0.286551
vt 0.745742 0.138031
vt 0.744039 0.154420
vt 0.738712 0.153783
vt 0.739497 0.138405
vt 0.010194 0.752349
vt 0.004196 0.752035
vt 0.689608 0.283550
vt 0.688674 0.290677
vt 0.683780 0.289415
vt 0.685155 0.281682
vt 0.861028 0.068513
vt 0.867706 0.070324
vt 0.864646 0.077115
vt 0.859687 0.075989
vt 0.976686 0.564155
vt 0.975977 0.567864
vt 0.971902 0.570183
vt 0.971902 0.565075
vt 0.664373 0.011064
vt 0.659540 0.009039
vt 0.660144 0.002371
vt 0.668401 0.004345
vt 0.187789 0.727151
vt 0.194154 0.735471
vt 0.979436 0.975138
vt 0.979436 0.964589
vt 0.984239 0.964755
vt 0.984249 0.973076
vt 0.420705 0.507833
vt 0.426070 0.508166
vt 0.426782 0.517488
vt 0.421516 0.517692
vt 0.384435 0.547596
vt 0.385287 0.557671
vt 0.381816 0.549967
vt 0.093734 0.968351
vt 0.085664 0.967551
vt 0.084880 0.963468
vt 0.094532 0.963095
vt 0.648327 0.715128
vt 0.648841 0.709431
vt 0.653608 0.709361
vt 0.090831 0.975981
vt 0.084880 0.975704
vt 0.411482 0.776125
vt 0.399764 0.775883
vt 0.402295 0.769047
vt 0.410715 0.767539
vt 0.099546 0.958394
vt 0.095197 0.959315
vt 0.371497 0.541528
vt 0.368199 0.550697
vt 0.087813 0.958683
vt 0.084880 0.953802
vt 0.959918 0.118785
vt 0.960257 0.110179
vt 0.965768 0.110766
vt 0.967975 0.114179
vt 0.248599 0.959510
vt 0.241815 0.958661
vt 0.242578 0.954304
vt 0.249408 0.955123
vt 0.987480 0.293891
vt 0.991962 0.293891
vt 0.991785 0.300110
vt 0.987788 0.300855
vt 0.959918 0.103850
vt 0.967503 0.103875
vt 0.428450 0.292192
vt 0.428216 0.296707
vt 0.420780 0.291478
vt 0.970273 0.518812
vt 0.966185 0.518431
vt 0.967556 0.510884
vt 0.971307 0.511966
vt 0.971307 0.524005
vt 0.967337 0.524971
vt 0.404273 0.757768
vt 0.400500 0.753807
vt 0.407057 0.750046
vt 0.410190 0.754275
vt 0.395431 0.742195
vt 0.395131 0.736312
vt 0.404071 0.734879
vt 0.402800 0.740640
vt 0.983069 0.041296
vt 0.979521 0.046778
vt 0.978327 0.043562
vt 0.978327 0.035834
vt 0.854220 0.875570
vt 0.848514 0.874715
vt 0.836348 0.872425
vt 0.365171 0.827626
vt 0.355007 0.834378
vt 0.353207 0.824511
vt 0.366002 0.816024
vt 0.824347 0.876252
vt 0.826861 0.871113
vt 0.892007 0.650550
vt 0.898344 0.648935
vt 0.899152 0.659089
vt 0.893523 0.661282
vt 0.926906 0.265304
vt 0.920086 0.263175
vt 0.921957 0.257581
vt 0.927832 0.258223
vt 0.931807 0.259887
vt 0.934014 0.265663
vt 0.921121 0.269919
vt 0.915523 0.267032
vt 0.408436 0.741597
vt 0.412342 0.746830
vt 0.402986 0.746729
vt 0.241815 0.942395
vt 0.247896 0.945457
vt 0.249844 0.950372
vt 0.242634 0.949386
vt 0.934014 0.241885
vt 0.933338 0.251432
vt 0.928504 0.250851
vt 0.927011 0.244011
vt 0.924350 0.623143
vt 0.922053 0.630776
vt 0.915698 0.629577
vt 0.915163 0.620410
vt 0.162249 0.886766
vt 0.152307 0.885018
vt 0.167221 0.886190
vt 0.068589 0.662982
vt 0.079318 0.665637
vt 0.924793 0.920907
vt 0.921464 0.908399
vt 0.927600 0.907078
vt 0.930646 0.918114
vt 0.915805 0.918612
vt 0.914930 0.907953
vt 0.415563 0.699077
vt 0.423687 0.688800
vt 0.424168 0.697770
vt 0.988345 0.138031
vt 0.988345 0.146970
vt 0.981334 0.148272
vt 0.981187 0.143486
vt 0.959973 0.001890
vt 0.968953 0.002115
vt 0.968953 0.016765
vt 0.963619 0.011759
vt 0.905336 0.901801
vt 0.914695 0.900552
vt 0.906077 0.909974
vt 0.397536 0.706604
vt 0.383679 0.703237
vt 0.401847 0.698367
vt 0.312523 0.859124
vt 0.309510 0.880112
vt 0.302144 0.879861
vt 0.304141 0.864198
vt 0.924323 0.539797
vt 0.921914 0.528014
vt 0.928310 0.526728
vt 0.926908 0.538763
vt 0.892058 0.743836
vt 0.901257 0.756894
vt 0.897657 0.758769
vt 0.891927 0.748592
vt 0.079507 0.878078
vt 0.079476 0.880551
vt 0.069509 0.878924
vt 0.075387 0.872436
vt 0.893444 0.696620
vt 0.899543 0.692902
vt 0.894770 0.702574
vt 0.893739 0.701208
vt 0.080360 0.889881
vt 0.075861 0.904296
vt 0.067401 0.910545
vt 0.069064 0.895437
vt 0.540683 0.639372
vt 0.545055 0.631726
vt 0.551524 0.640203
vt 0.545551 0.654654
vt 0.067401 0.885166
vt 0.080372 0.884639
vt 0.880980 0.709873
vt 0.886505 0.701280
vt 0.736713 0.967416
vt 0.736713 0.974411
vt 0.725557 0.973354
vt 0.727326 0.967216
vt 0.791974 0.963692
vt 0.790563 0.968177
vt 0.779797 0.970980
vt 0.779921 0.963692
vt 0.915163 0.648775
vt 0.915786 0.638655
vt 0.920712 0.639491
vt 0.919912 0.649892
vt 0.870587 0.377475
vt 0.865263 0.374611
vt 0.867899 0.358924
vt 0.875174 0.362463
vt 0.881442 0.377431
vt 0.868919 0.392730
vt 0.886320 0.364131
vt 0.776448 0.568862
vt 0.776841 0.557401
vt 0.780891 0.568695
vt 0.099929 0.862271
vt 0.096119 0.863844
vt 0.091904 0.861134
vt 0.094419 0.856914
vt 0.110029 0.860559
vt 0.104503 0.865154
vt 0.860143 0.635304
vt 0.865432 0.636961
vt 0.865246 0.646883
vt 0.860143 0.646893
vt 0.488183 0.811992
vt 0.485484 0.807006
vt 0.495308 0.805039
vt 0.493558 0.809329
vt 0.298474 0.969971
vt 0.296406 0.966571
vt 0.300446 0.961172
vt 0.304310 0.966614
vt 0.304310 0.973448
vt 0.295360 0.974743
vt 0.115727 0.867387
vt 0.105929 0.870444
vt 0.945625 0.544441
vt 0.939218 0.541223
vt 0.938082 0.536009
vt 0.945625 0.534947
vt 0.955938 0.895711
vt 0.950143 0.896751
vt 0.949676 0.887955
vt 0.956561 0.887955
vt 0.111823 0.853408
vt 0.942602 0.704744
vt 0.942602 0.695589
vt 0.945194 0.689494
vt 0.949168 0.700341
vt 0.278782 0.903767
vt 0.273329 0.900121
vt 0.279027 0.896705
vt 0.285745 0.897655
vt 0.279713 0.888422
vt 0.274025 0.890569
vt 0.273329 0.876714
vt 0.281426 0.877715
vt 0.286927 0.885781
vt 0.285522 0.890968
vt 0.289602 0.871183
vt 0.289714 0.879101
vt 0.295797 0.879498
vt 0.291173 0.890017
vt 0.296834 0.867886
vt 0.287715 0.894892
vt 0.369815 0.720915
vt 0.384700 0.722508
vt 0.381573 0.729667
vt 0.367159 0.729349
vt 0.615716 0.874500
vt 0.617336 0.883667
vt 0.606551 0.889458
vt 0.603784 0.884817
vt 0.361336 0.715577
vt 0.375610 0.701887
vt 0.598433 0.880473
vt 0.606549 0.870755
vt 0.181043 0.936514
vt 0.178589 0.926923
vt 0.185930 0.926180
vt 0.185687 0.935387
vt 0.951632 0.507028
vt 0.952229 0.505374
vt 0.956049 0.500707
vt 0.956386 0.507028
vt 0.666003 0.944260
vt 0.662961 0.950778
vt 0.661746 0.949099
vt 0.661746 0.938139
vt 0.597386 0.893328
vt 0.595873 0.889514
vt 0.610794 0.895701
vt 0.600681 0.901805
vt 0.677585 0.946401
vt 0.674924 0.952847
vt 0.671138 0.949181
vt 0.675010 0.943899
vt 0.967473 0.134186
vt 0.961925 0.128859
vt 0.959918 0.122565
vt 0.967473 0.124498
vt 0.670382 0.941012
vt 0.664246 0.957330
vt 0.944170 0.062970
vt 0.940720 0.064648
vt 0.940720 0.059683
vt 0.944906 0.059249
vt 0.857412 0.952092
vt 0.853846 0.950294
vt 0.853756 0.946558
vt 0.857412 0.946214
vt 0.359036 0.988815
vt 0.363959 0.986672
vt 0.363959 0.993157
vt 0.359663 0.992842
vt 0.464459 0.975888
vt 0.457740 0.976050
vt 0.457437 0.970274
vt 0.464098 0.970754
vt 0.923974 0.599863
vt 0.919092 0.602859
vt 0.915948 0.596046
vt 0.921935 0.591393
vt 0.619099 0.604816
vt 0.610448 0.604596
vt 0.612397 0.600037
vt 0.619577 0.598000
vt 0.954781 0.963022
vt 0.952360 0.958190
vt 0.964559 0.958079
vt 0.965440 0.963022
vt 0.794757 0.952696
vt 0.791770 0.942835
vt 0.796584 0.942283
vt 0.799642 0.951533
vt 0.798003 0.959857
vt 0.791770 0.957003
vt 0.914231 0.586050
vt 0.921490 0.584913
vt 0.983398 0.923620
vt 0.983398 0.916538
vt 0.987549 0.920176
vt 0.986987 0.924527
vt 0.511539 0.770274
vt 0.513758 0.776925
vt 0.510419 0.780845
vt 0.510419 0.768717
vt 0.178246 0.921845
vt 0.184568 0.919280
vt 0.661746 0.988354
vt 0.662420 0.979148
vt 0.666998 0.978573
vt 0.667765 0.988354
vt 0.946203 0.238010
vt 0.942239 0.235388
vt 0.942097 0.231905
vt 0.946203 0.232031
vt 0.961489 0.455935
vt 0.967575 0.453023
vt 0.967515 0.458684
vt 0.965759 0.462279
vt 0.960440 0.447381
vt 0.967575 0.447933
vt 0.959973 0.020546
vt 0.967589 0.021848
vt 0.967589 0.031969
vt 0.962954 0.030363
vt 0.902024 0.121552
vt 0.897411 0.123287
vt 0.897151 0.114337
vt 0.901333 0.112401
vt 0.902024 0.134061
vt 0.896638 0.133677
vt 0.984485 0.624679
vt 0.987769 0.623164
vt 0.987769 0.632405
vt 0.983666 0.631401
vt 0.990560 0.227165
vt 0.991273 0.233909
vt 0.986453 0.232878
vt 0.986453 0.226695
vt 0.765329 0.657523
vt 0.765329 0.661646
vt 0.761233 0.661795
vt 0.761874 0.657630
vt 0.840941 0.916833
vt 0.844289 0.915658
vt 0.845273 0.924557
vt 0.841597 0.924758
vt 0.945196 0.036566
vt 0.949351 0.043226
vt 0.944686 0.044581
vt 0.941381 0.035834
vt 0.861214 0.061229
vt 0.864886 0.060534
vt 0.864565 0.064308
vt 0.861214 0.064704
vt 0.192507 0.915634
vt 0.191443 0.924627
vt 0.620989 0.769691
vt 0.620989 0.781419
vt 0.617545 0.779637
vt 0.619493 0.772990
vt 0.182487 0.914647
vt 0.188444 0.909332
vt 0.601009 0.981168
vt 0.606412 0.980107
vt 0.608165 0.987661
vt 0.600950 0.987661
vt 0.826691 0.354428
vt 0.820297 0.355139
vt 0.820297 0.343483
vt 0.827859 0.345157
vt 0.955330 0.947403
vt 0.964025 0.947784
vt 0.963910 0.952553
vt 0.952950 0.952099
vt 0.938419 0.987283
vt 0.942097 0.986045
vt 0.943530 0.993045
vt 0.937187 0.993045
vt 0.616768 0.592896
vt 0.610448 0.595949
vt 0.776448 0.531757
vt 0.777510 0.543145
vt 0.908814 0.141068
vt 0.907211 0.152621
vt 0.903172 0.151936
vt 0.903713 0.138031
vt 0.906235 0.956837
vt 0.912328 0.957209
vt 0.912060 0.963470
vt 0.905336 0.963729
vt 0.348458 0.986672
vt 0.355256 0.986709
vt 0.355256 0.992385
vt 0.351167 0.993554
vt 0.988910 0.511256
vt 0.990096 0.518181
vt 0.985195 0.517551
vt 0.985195 0.510884
vt 0.912276 0.970281
vt 0.907719 0.971094
vt 0.914971 0.717542
vt 0.914066 0.725416
vt 0.909730 0.725939
vt 0.897135 0.177291
vt 0.898342 0.166636
vt 0.903339 0.166873
vt 0.903392 0.176767
vt 0.603924 0.906783
vt 0.596179 0.912606
vt 0.593147 0.908487
vt 0.872030 0.409712
vt 0.375012 0.798698
vt 0.381081 0.798505
vt 0.375270 0.813984
vt 0.373286 0.820926
vt 0.154971 0.951819
vt 0.155254 0.944590
vt 0.157823 0.942845
vt 0.160828 0.955287
vt 0.942885 0.674875
vt 0.953097 0.674296
vt 0.951678 0.680085
vt 0.944245 0.680784
vt 0.943159 0.668609
vt 0.953097 0.665700
vt 0.748850 0.229651
vt 0.748309 0.240849
vt 0.743169 0.240546
vt 0.742656 0.229803
vt 0.940218 0.681594
vt 0.938643 0.678003
vt 0.672211 0.395631
vt 0.676856 0.397803
vt 0.674303 0.408340
vt 0.669891 0.406768
vt 0.210687 0.987071
vt 0.206175 0.988865
vt 0.206175 0.979752
vt 0.211925 0.980318
vt 0.405377 0.987878
vt 0.411945 0.986916
vt 0.411945 0.993727
vt 0.405937 0.993510
vt 0.228377 0.943588
vt 0.233760 0.942310
vt 0.236594 0.947322
vt 0.228825 0.948924
vt 0.951835 0.684484
vt 0.944225 0.685058
vt 0.559823 0.895673
vt 0.553273 0.898537
vt 0.549451 0.886409
vt 0.554422 0.885288
vt 0.563581 0.910590
vt 0.557875 0.912639
vt 0.363910 0.763759
vt 0.363323 0.758795
vt 0.373838 0.751967
vt 0.376288 0.756067
vt 0.558157 0.882370
vt 0.562613 0.888678
vt 0.950770 0.120120
vt 0.950755 0.113941
vt 0.955186 0.115672
vt 0.956138 0.122235
vt 0.977660 0.352127
vt 0.970784 0.355144
vt 0.970784 0.348549
vt 0.975754 0.348270
vt 0.485352 0.618437
vt 0.480124 0.621376
vt 0.477452 0.613739
vt 0.484110 0.610974
vt 0.974846 0.287519
vt 0.974438 0.280565
vt 0.980812 0.280805
vt 0.981039 0.287229
vt 0.487276 0.624430
vt 0.483917 0.626389
vt 0.527936 0.975702
vt 0.522710 0.975564
vt 0.523320 0.968867
vt 0.527936 0.968718
vt 0.737496 0.267510
vt 0.739244 0.254948
vt 0.743671 0.255495
vt 0.743078 0.269900
vt 0.897135 0.139263
vt 0.898208 0.151891
vt 0.917971 0.956837
vt 0.918457 0.962604
vt 0.475571 0.604727
vt 0.480762 0.603058
vt 0.839936 0.507104
vt 0.839293 0.498394
vt 0.843022 0.498507
vt 0.844037 0.505761
vt 0.891356 0.270167
vt 0.887187 0.268309
vt 0.887411 0.262976
vt 0.892495 0.263353
vt 0.293447 0.895911
vt 0.976864 0.342957
vt 0.971862 0.342795
vt 0.712077 0.991912
vt 0.709667 0.987480
vt 0.715708 0.987206
vt 0.715708 0.993687
vt 0.987490 0.699446
vt 0.992418 0.699002
vt 0.992418 0.705824
vt 0.989264 0.704724
vt 0.976250 0.788924
vt 0.970620 0.789069
vt 0.971160 0.782488
vt 0.976250 0.782241
vt 0.517571 0.975850
vt 0.518320 0.969192
vt 0.746698 0.196450
vt 0.737991 0.195582
vt 0.738013 0.175556
vt 0.744149 0.175313
vt 0.002900 0.793881
vt 0.003589 0.772622
vt 0.009080 0.772929
vt 0.010567 0.795749
vt 0.484812 0.942279
vt 0.492471 0.944186
vt 0.491805 0.959308
vt 0.484894 0.959308
vt 0.667505 0.382782
vt 0.669273 0.388939
vt 0.664075 0.391851
vt 0.664800 0.387499
vt 0.975793 0.275987
vt 0.981039 0.275851
vt 0.817264 0.661444
vt 0.810657 0.661850
vt 0.810242 0.653710
vt 0.816979 0.654805
vt 0.677006 0.384969
vt 0.673359 0.391232
vt 0.172906 0.945366
vt 0.172966 0.949747
vt 0.165737 0.948040
vt 0.169815 0.942845
vt 0.679905 0.779672
vt 0.684029 0.780276
vt 0.684787 0.784000
vt 0.679360 0.784355
vt 0.673314 0.783638
vt 0.675295 0.778024
vt 0.881005 0.127725
vt 0.877050 0.128127
vt 0.876974 0.119735
vt 0.880484 0.121364
vt 0.975868 0.776282
vt 0.972717 0.777703
vt 0.171045 0.954759
vt 0.165868 0.952413
vt 0.519507 0.963274
vt 0.524024 0.963172
vt 0.667351 0.374356
vt 0.669479 0.366264
vt 0.674549 0.366864
vt 0.672509 0.375081
vt 0.255198 0.599042
vt 0.251220 0.598314
vt 0.251843 0.591038
vt 0.255687 0.590682
vt 0.165737 0.958812
vt 0.169491 0.959398
vt 0.972752 0.148298
vt 0.971467 0.143822
vt 0.977406 0.143289
vt 0.976735 0.150380
vt 0.809904 0.647571
vt 0.804213 0.652526
vt 0.806181 0.645195
vt 0.814313 0.647514
vt 0.876387 0.134203
vt 0.873247 0.134203
vt 0.871486 0.126515
vt 0.903862 0.490437
vt 0.903437 0.495443
vt 0.897538 0.496257
vt 0.898068 0.491305
vt 0.104952 0.958722
vt 0.103326 0.951987
vt 0.110979 0.951587
vt 0.110979 0.959126
vt 0.278075 0.790317
vt 0.273311 0.791354
vt 0.273311 0.784216
vt 0.279590 0.784052
vt 0.888479 0.572768
vt 0.892691 0.577203
vt 0.889029 0.580086
vt 0.884587 0.575647
vt 0.353293 0.669866
vt 0.362242 0.671448
vt 0.362062 0.675787
vt 0.353207 0.676769
vt 0.867483 0.413492
vt 0.874569 0.417039
vt 0.873490 0.423675
vt 0.866396 0.421761
vt 0.275121 0.957364
vt 0.273330 0.949377
vt 0.280708 0.947697
vt 0.282046 0.953663
vt 0.103536 0.941282
vt 0.109007 0.942759
vt 0.891927 0.780456
vt 0.896633 0.777922
vt 0.901329 0.781741
vt 0.894938 0.786262
vt 0.957172 0.191744
vt 0.963042 0.192790
vt 0.963296 0.198545
vt 0.957746 0.197629
vt 0.178328 0.951532
vt 0.183529 0.951291
vt 0.183841 0.958028
vt 0.178246 0.958539
vt 0.882538 0.419413
vt 0.881041 0.424986
vt 0.644258 0.988042
vt 0.644258 0.979720
vt 0.650517 0.978628
vt 0.650279 0.986603
vt 0.882615 0.443317
vt 0.873551 0.441186
vt 0.872971 0.431688
vt 0.881004 0.432084
vt 0.527295 0.637768
vt 0.534332 0.647497
vt 0.531183 0.653246
vt 0.522409 0.644348
vt 0.893687 0.053889
vt 0.895186 0.063141
vt 0.889510 0.064665
vt 0.889510 0.051114
vt 0.289543 0.860392
vt 0.279853 0.859413
vt 0.955455 0.809205
vt 0.954344 0.816036
vt 0.947480 0.815038
vt 0.947876 0.808515
vt 0.297151 0.861197
vt 0.962338 0.204394
vt 0.957172 0.204644
vt 0.804846 0.354167
vt 0.804435 0.348736
vt 0.809835 0.348736
vt 0.809220 0.355108
vt 0.885640 0.583153
vt 0.892277 0.587031
vt 0.886060 0.587918
vt 0.950029 0.826108
vt 0.948589 0.821615
vt 0.954847 0.821994
vt 0.955455 0.827468
vt 0.903048 0.860580
vt 0.897367 0.860580
vt 0.897114 0.853063
vt 0.903379 0.852026
vt 0.244216 0.469022
vt 0.239066 0.469302
vt 0.237635 0.463002
vt 0.243076 0.462280
vt 0.871967 0.660797
vt 0.871854 0.652280
vt 0.878198 0.652187
vt 0.878190 0.660806
vt 0.880798 0.781838
vt 0.888147 0.784431
vt 0.883516 0.792416
vt 0.877920 0.791232
vt 0.774997 0.961947
vt 0.766435 0.961947
vt 0.766700 0.953046
vt 0.774565 0.953860
vt 0.853263 0.263641
vt 0.854637 0.253180
vt 0.861656 0.253326
vt 0.862219 0.263380
vt 0.690506 0.442945
vt 0.683442 0.442867
vt 0.684830 0.433493
vt 0.691741 0.433222
vt 0.871653 0.789896
vt 0.873568 0.782234
vt 0.109730 0.962906
vt 0.110841 0.969507
vt 0.103326 0.972297
vt 0.103326 0.963205
vt 0.986196 0.612012
vt 0.992348 0.611434
vt 0.992348 0.618571
vt 0.985950 0.618405
vt 0.774019 0.947234
vt 0.768673 0.945589
vt 0.842995 0.976120
vt 0.837556 0.975157
vt 0.838311 0.969965
vt 0.843294 0.970578
vt 0.019955 0.795691
vt 0.019985 0.790021
vt 0.025312 0.789878
vt 0.025312 0.794728
vt 0.327781 0.973904
vt 0.326697 0.979526
vt 0.321198 0.978988
vt 0.321683 0.973046
vt 0.974070 0.166548
vt 0.971823 0.166291
vt 0.971109 0.160152
vt 0.975614 0.161087
vt 0.104607 0.973878
vt 0.109367 0.976198
vt 0.951566 0.160417
vt 0.956013 0.159962
vt 0.956013 0.168362
vt 0.951328 0.168256
vt 0.971755 0.119570
vt 0.979011 0.122303
vt 0.979200 0.127033
vt 0.972100 0.125919
vt 0.327781 0.983846
vt 0.323447 0.983604
vt 0.972410 0.413663
vt 0.976732 0.412485
vt 0.978935 0.418388
vt 0.972337 0.418769
vt 0.937664 0.964760
vt 0.937781 0.959704
vt 0.943171 0.960253
vt 0.941481 0.966969
vt 0.751117 0.529646
vt 0.750274 0.524872
vt 0.757021 0.524932
vt 0.755902 0.530515
vt 0.658418 0.134242
vt 0.653467 0.134047
vt 0.653250 0.126748
vt 0.658418 0.127082
vt 0.460295 0.986206
vt 0.459827 0.979830
vt 0.464459 0.981411
vt 0.464459 0.988628
vt 0.990337 0.474655
vt 0.985514 0.474956
vt 0.985514 0.469029
vt 0.990712 0.467723
vt 0.946159 0.260294
vt 0.940940 0.262538
vt 0.937795 0.255030
vt 0.941691 0.254607
vt 0.979821 0.130995
vt 0.971755 0.131515
vt 0.234777 0.455317
vt 0.231463 0.464337
vt 0.229130 0.457901
vt 0.966179 0.657960
vt 0.969941 0.652159
vt 0.974760 0.650885
vt 0.974760 0.656191
vt 0.944270 0.248865
vt 0.938214 0.247009
vt 0.941415 0.241885
vt 0.946159 0.244588
vt 0.976463 0.154160
vt 0.971109 0.154445
vt 0.968042 0.646162
vt 0.973003 0.643962
vt 0.859244 0.128453
vt 0.864349 0.126529
vt 0.865572 0.134203
vt 0.859051 0.134203
vt 0.312700 0.841066
vt 0.313493 0.846808
vt 0.306787 0.847115
vt 0.307142 0.840084
vt 0.837216 0.963098
vt 0.843294 0.965384
vt 0.313493 0.854677
vt 0.307721 0.855315
vt 0.302206 0.854904
vt 0.301462 0.848178
vt 0.943353 0.951433
vt 0.948580 0.952610
vt 0.947795 0.961144
vt 0.937187 0.951433
vt 0.233209 0.470473
vt 0.750665 0.518191
vt 0.751063 0.511852
vt 0.756588 0.511665
vt 0.757079 0.518508
vt 0.867053 0.788224
vt 0.868131 0.781525
vt 0.978935 0.424390
vt 0.973132 0.424331
vt 0.750930 0.502444
vt 0.756764 0.502340
vt 0.867878 0.772710
vt 0.874286 0.772921
vt 0.750576 0.488004
vt 0.757367 0.487591
vt 0.867431 0.758868
vt 0.874325 0.758757
vt 0.867053 0.744107
vt 0.873279 0.743836
vt 0.685913 0.419163
vt 0.693174 0.419562
vt 0.855333 0.238854
vt 0.862064 0.239461
vt 0.870978 0.639983
vt 0.871306 0.624872
vt 0.878198 0.625101
vt 0.877848 0.639465
vt 0.244400 0.491809
vt 0.247292 0.507391
vt 0.240329 0.508021
vt 0.237703 0.493130
vt 0.235013 0.479426
vt 0.241070 0.478455
vt 0.247440 0.520579
vt 0.241984 0.519905
vt 0.750505 0.472415
vt 0.750274 0.459949
vt 0.755738 0.459887
vt 0.757368 0.472072
vt 0.245053 0.533429
vt 0.240751 0.532185
vt 0.750625 0.447381
vt 0.755344 0.448284
vt 0.240314 0.549856
vt 0.236131 0.548486
vt 0.958214 0.776912
vt 0.958214 0.793192
vt 0.953608 0.793132
vt 0.953450 0.776282
vt 0.642068 0.574022
vt 0.646436 0.572768
vt 0.654394 0.592377
vt 0.649984 0.593812
vt 0.768742 0.590961
vt 0.772262 0.613856
vt 0.767580 0.614195
vt 0.765100 0.591375
vt 0.761232 0.573473
vt 0.763203 0.572768
vt 0.763401 0.614676
vt 0.761811 0.592673
vt 0.810263 0.938406
vt 0.815488 0.952798
vt 0.809285 0.956783
vt 0.809285 0.940526
vt 0.636021 0.198359
vt 0.635867 0.219027
vt 0.631407 0.221660
vt 0.631247 0.199263
vt 0.625586 0.942197
vt 0.629395 0.939197
vt 0.639014 0.957671
vt 0.624909 0.957671
vt 0.416592 0.889659
vt 0.417932 0.885269
vt 0.912404 0.894643
vt 0.908552 0.896772
vt 0.753322 0.622307
vt 0.748833 0.620717
vt 0.744731 0.642659
vt 0.745060 0.619951
vt 0.746453 0.601611
vt 0.747846 0.659956
vt 0.235967 0.570680
vt 0.231495 0.569610
vt 0.957558 0.644153
vt 0.962399 0.643962
vt 0.962399 0.659688
vt 0.957777 0.659023
vt 0.635047 0.234917
vt 0.630821 0.235352
vt 0.763201 0.631231
vt 0.767269 0.631643
vt 0.764963 0.642996
vt 0.761232 0.641784
vt 0.636021 0.245734
vt 0.632391 0.246596
vt 0.952353 0.172237
vt 0.953392 0.175725
vt 0.948310 0.179966
vt 0.945329 0.175371
vt 0.986887 0.883259
vt 0.987806 0.891399
vt 0.983381 0.892239
vt 0.983381 0.882674
vt 0.944468 0.183988
vt 0.940300 0.180254
vt 0.342602 0.832102
vt 0.336787 0.836020
vt 0.941933 0.188852
vt 0.938569 0.187584
vt 0.420497 0.895285
vt 0.419896 0.903129
vt 0.416690 0.903710
vt 0.416690 0.893440
vt 0.851638 0.447381
vt 0.855609 0.448058
vt 0.856809 0.461436
vt 0.851625 0.461268
vt 0.829691 0.275969
vt 0.829677 0.290039
vt 0.824888 0.290471
vt 0.826272 0.275788
vt 0.829691 0.311788
vt 0.824271 0.312176
vt 0.736122 0.698279
vt 0.734950 0.720374
vt 0.729958 0.720510
vt 0.731551 0.698199
vt 0.820297 0.290199
vt 0.822432 0.273975
vt 0.724890 0.720052
vt 0.726550 0.697577
vt 0.775139 0.689295
vt 0.774130 0.711662
vt 0.768994 0.711007
vt 0.770029 0.689439
vt 0.776016 0.671712
vt 0.025736 0.750415
vt 0.025217 0.768957
vt 0.019955 0.769048
vt 0.020005 0.751112
vt 0.765280 0.689871
vt 0.773916 0.299639
vt 0.768371 0.299757
vt 0.768260 0.286251
vt 0.773930 0.284364
vt 0.773177 0.320239
vt 0.767577 0.320204
vt 0.833533 0.111026
vt 0.827870 0.110739
vt 0.828675 0.089693
vt 0.833761 0.090015
vt 0.773260 0.339587
vt 0.833291 0.130682
vt 0.826515 0.130543
vt 0.020631 0.786011
vt 0.025736 0.786098
vt 0.764928 0.730849
vt 0.766380 0.746401
vt 0.774084 0.355144
vt 0.823938 0.089630
vt 0.824333 0.076153
vt 0.828695 0.076225
vt 0.833533 0.076109
vt 0.822574 0.111083
vt 0.856995 0.482607
vt 0.851943 0.482765
vt 0.861957 0.481522
vt 0.862712 0.501227
vt 0.856049 0.502523
vt 0.851625 0.502017
vt 0.822574 0.068757
vt 0.827525 0.068685
vt 0.832494 0.068513
vt 0.733722 0.738753
vt 0.823385 0.330245
vt 0.829519 0.331346
vt 0.827227 0.337596
vt 0.823467 0.339703
vt 0.733909 0.748276
vt 0.762535 0.649818
vt 0.769416 0.644820
vt 0.765925 0.653743
vt 0.658251 0.623328
vt 0.662477 0.621723
vt 0.657199 0.633051
vt 0.771666 0.631911
vt 0.655607 0.610594
vt 0.659479 0.609342
vt 0.746635 0.587586
vt 0.744731 0.573968
vt 0.750573 0.572768
vt 0.893320 0.595616
vt 0.886191 0.594670
vt 0.897311 0.584892
vt 0.899377 0.594803
vt 0.884587 0.601298
vt 0.372216 0.675502
vt 0.371528 0.670451
vt 0.865263 0.430998
vt 0.865263 0.442156
vt 0.867148 0.801708
vt 0.867053 0.796196
vt 0.874784 0.796196
vt 0.873511 0.804694
vt 0.506368 0.762007
vt 0.498082 0.758187
vt 0.498139 0.743536
vt 0.506513 0.746467
vt 0.947031 0.757330
vt 0.949042 0.743836
vt 0.955948 0.749608
vt 0.955948 0.762769
vt 0.505674 0.781361
vt 0.497785 0.778379
vt 0.537803 0.614753
vt 0.544372 0.608661
vt 0.556689 0.617226
vt 0.549565 0.621669
vt 0.544383 0.627108
vt 0.533664 0.623601
vt 0.490747 0.756721
vt 0.490403 0.738721
vt 0.481739 0.755302
vt 0.481168 0.738380
vt 0.490228 0.775831
vt 0.482006 0.773995
vt 0.952238 0.293269
vt 0.944302 0.290658
vt 0.944142 0.273975
vt 0.952238 0.275451
vt 0.489524 0.791937
vt 0.481339 0.791346
vt 0.473464 0.790735
vt 0.474291 0.771734
vt 0.466191 0.790624
vt 0.466932 0.769408
vt 0.482925 0.801513
vt 0.475695 0.802416
vt 0.115727 0.826827
vt 0.111064 0.838155
vt 0.104972 0.835458
vt 0.109107 0.823140
vt 0.097926 0.833598
vt 0.101884 0.821210
vt 0.107799 0.844907
vt 0.477836 0.808667
vt 0.479850 0.813247
vt 0.769576 0.133158
vt 0.761729 0.133194
vt 0.778058 0.134079
vt 0.091298 0.832673
vt 0.094583 0.817964
vt 0.085137 0.832746
vt 0.088484 0.817713
vt 0.090420 0.841023
vt 0.085431 0.841592
vt 0.674832 0.983371
vt 0.675559 0.978606
vt 0.680030 0.978972
vt 0.679503 0.982738
vt 0.680429 0.987419
vt 0.674832 0.988407
vt 0.884897 0.501750
vt 0.884621 0.497082
vt 0.889134 0.495385
vt 0.891950 0.500768
vt 0.891984 0.507071
vt 0.884317 0.507071
vt 0.356885 0.767539
vt 0.363391 0.768601
vt 0.959284 0.237798
vt 0.953216 0.238058
vt 0.953602 0.229559
vt 0.959284 0.229060
vt 0.927706 0.864425
vt 0.935026 0.867128
vt 0.933507 0.872155
vt 0.926545 0.870910
vt 0.948810 0.620410
vt 0.947271 0.626446
vt 0.940627 0.627467
vt 0.940523 0.620871
vt 0.932883 0.876725
vt 0.926256 0.877342
vt 0.946416 0.632719
vt 0.940523 0.632876
vt 0.376025 0.778077
vt 0.384439 0.778723
vt 0.383852 0.786054
vt 0.375991 0.785883
vt 0.947334 0.638952
vt 0.940821 0.640182
vt 0.391144 0.785464
vt 0.387744 0.798631
vt 0.391360 0.776176
vt 0.951182 0.415547
vt 0.958319 0.414540
vt 0.957250 0.424390
vt 0.950679 0.424032
vt 0.382688 0.773344
vt 0.387445 0.770481
vt 0.950679 0.408410
vt 0.957842 0.405978
vt 0.837614 0.792070
vt 0.830650 0.778804
vt 0.836151 0.778224
vt 0.973047 0.937745
vt 0.974184 0.926914
vt 0.979618 0.926009
vt 0.979618 0.937257
vt 0.838669 0.803365
vt 0.830985 0.763822
vt 0.836623 0.763341
vt 0.392381 0.798981
vt 0.387683 0.813167
vt 0.381952 0.812814
vt 0.978351 0.304783
vt 0.978351 0.296502
vt 0.983219 0.293891
vt 0.983699 0.300148
vt 0.833976 0.754056
vt 0.838177 0.754060
vt 0.829082 0.753660
vt 0.832808 0.743896
vt 0.838669 0.743836
vt 0.983476 0.574197
vt 0.983476 0.585325
vt 0.977154 0.582505
vt 0.978600 0.576082
vt 0.825098 0.764570
vt 0.390590 0.756997
vt 0.387631 0.752133
vt 0.395087 0.749939
vt 0.379727 0.761111
vt 0.825185 0.779893
vt 0.453657 0.976034
vt 0.444960 0.976034
vt 0.798935 0.255197
vt 0.791912 0.251918
vt 0.793631 0.232874
vt 0.801984 0.234366
vt 0.754551 0.132731
vt 0.750338 0.111771
vt 0.793933 0.269998
vt 0.787464 0.266801
vt 0.792749 0.221760
vt 0.800963 0.221667
vt 0.810259 0.221803
vt 0.810259 0.235720
vt 0.792940 0.215009
vt 0.800820 0.215586
vt 0.808516 0.216007
vt 0.782690 0.221531
vt 0.782729 0.214778
vt 0.783321 0.231403
vt 0.062928 0.648718
vt 0.074984 0.655942
vt 0.056508 0.655537
vt 0.046085 0.877751
vt 0.056782 0.874323
vt 0.057201 0.893495
vt 0.046702 0.893512
vt 0.925148 0.138110
vt 0.925148 0.153953
vt 0.913204 0.152443
vt 0.912594 0.138031
vt 0.055506 0.909701
vt 0.046085 0.908734
vt 0.922307 0.168457
vt 0.913119 0.167105
vt 0.491233 0.800468
vt 0.495424 0.792113
vt 0.497442 0.798383
vt 0.474565 0.753715
vt 0.467669 0.751893
vt 0.466191 0.739737
vt 0.471593 0.739360
vt 0.458984 0.874288
vt 0.444960 0.879610
vt 0.542045 0.662801
vt 0.538138 0.668726
vt 0.535472 0.671208
vt 0.526911 0.658198
vt 0.520227 0.652064
vt 0.189891 0.949490
vt 0.189891 0.957136
vt 0.181539 0.942867
vt 0.187829 0.940294
vt 0.476844 0.928420
vt 0.469743 0.928340
vt 0.469301 0.916834
vt 0.476634 0.915556
vt 0.484570 0.914246
vt 0.484570 0.928872
vt 0.482116 0.938499
vt 0.476080 0.937047
vt 0.884537 0.665700
vt 0.892310 0.667655
vt 0.888400 0.683676
vt 0.880980 0.682563
vt 0.148665 0.942962
vt 0.148665 0.958495
vt 0.145081 0.959507
vt 0.143516 0.944702
vt 0.963272 0.900552
vt 0.968153 0.900637
vt 0.968906 0.912020
vt 0.963272 0.915070
vt 0.934301 0.510884
vt 0.934301 0.526067
vt 0.927322 0.513636
vt 0.273358 0.938600
vt 0.281019 0.938765
vt 0.920325 0.516174
vt 0.288518 0.938600
vt 0.288449 0.946399
vt 0.899313 0.771010
vt 0.904392 0.771584
vt 0.510419 0.724643
vt 0.513791 0.722138
vt 0.513791 0.742435
vt 0.510649 0.738351
vt 0.930894 0.539787
vt 0.947803 0.574197
vt 0.955490 0.575229
vt 0.954964 0.588417
vt 0.947803 0.593022
vt 0.898987 0.670484
vt 0.895993 0.684832
vt 0.804213 0.661006
vt 0.962341 0.608788
vt 0.961563 0.616355
vt 0.957065 0.614057
vt 0.957645 0.607894
vt 0.957065 0.600928
vt 0.962151 0.600482
vt 0.683257 0.774244
vt 0.676961 0.772993
vt 0.678012 0.766052
vt 0.684291 0.766646
vt 0.855346 0.417909
vt 0.857488 0.425809
vt 0.851900 0.426336
vt 0.850730 0.419961
vt 0.679712 0.757742
vt 0.684919 0.757807
vt 0.856731 0.434472
vt 0.851494 0.434196
vt 0.680073 0.748433
vt 0.684716 0.748335
vt 0.855564 0.443483
vt 0.850730 0.442759
vt 0.679427 0.735406
vt 0.684008 0.735387
vt 0.786476 0.431710
vt 0.785973 0.419244
vt 0.790939 0.419392
vt 0.791343 0.431584
vt 0.785145 0.400952
vt 0.790348 0.400800
vt 0.473588 0.591926
vt 0.470628 0.572421
vt 0.475548 0.571638
vt 0.478452 0.591060
vt 0.480157 0.571072
vt 0.483107 0.590422
vt 0.484788 0.602116
vt 0.843051 0.487022
vt 0.843320 0.467867
vt 0.847835 0.467434
vt 0.847690 0.486596
vt 0.847478 0.498137
vt 0.251657 0.579803
vt 0.251443 0.561107
vt 0.256040 0.560349
vt 0.256255 0.579161
vt 0.669770 0.354412
vt 0.669385 0.334852
vt 0.674480 0.334646
vt 0.674791 0.354291
vt 0.679182 0.334365
vt 0.679662 0.353986
vt 0.679661 0.367290
vt 0.678325 0.716304
vt 0.676961 0.696005
vt 0.681572 0.695421
vt 0.682806 0.716434
vt 0.668875 0.314306
vt 0.255614 0.540612
vt 0.251220 0.541510
vt 0.726668 0.134105
vt 0.721704 0.134251
vt 0.721704 0.120327
vt 0.726186 0.120511
vt 0.667735 0.298517
vt 0.921415 0.823948
vt 0.917371 0.824017
vt 0.915670 0.810274
vt 0.918805 0.810923
vt 0.664676 0.284559
vt 0.916818 0.839515
vt 0.912404 0.838682
vt 0.913512 0.822746
vt 0.912404 0.808515
vt 0.477023 0.550904
vt 0.472653 0.550612
vt 0.950840 0.378178
vt 0.946537 0.377058
vt 0.947706 0.358924
vt 0.950840 0.361717
vt 0.843725 0.447835
vt 0.847845 0.447381
vt 0.467658 0.549847
vt 0.790140 0.379299
vt 0.784390 0.380663
vt 0.784448 0.365368
vt 0.791343 0.358924
vt 0.678886 0.376700
vt 0.871717 0.119713
vt 0.971109 0.139317
vt 0.977406 0.138031
vt 0.684919 0.789424
vt 0.679352 0.790240
vt 0.847845 0.505509
vt 0.883446 0.268382
vt 0.881940 0.263755
vt 0.880646 0.258540
vt 0.886719 0.257295
vt 0.673314 0.789855
vt 0.892495 0.257151
vt 0.013830 0.772454
vt 0.016175 0.792845
vt 0.924196 0.407242
vt 0.931041 0.405978
vt 0.653401 0.092081
vt 0.656481 0.071800
vt 0.663273 0.072504
vt 0.661023 0.091989
vt 0.683538 0.359127
vt 0.684145 0.339997
vt 0.690444 0.339202
vt 0.691011 0.358984
vt 0.696049 0.339733
vt 0.697900 0.359376
vt 0.129758 0.703597
vt 0.128685 0.684269
vt 0.135464 0.684070
vt 0.137593 0.703102
vt 0.287303 0.682279
vt 0.285839 0.662294
vt 0.292420 0.661896
vt 0.295113 0.681935
vt 0.128061 0.662979
vt 0.134135 0.662717
vt 0.284885 0.639794
vt 0.290358 0.639906
vt 0.129177 0.646800
vt 0.134482 0.647224
vt 0.285838 0.623806
vt 0.130884 0.637068
vt 0.135164 0.637774
vt 0.286923 0.614127
vt 0.864204 0.085821
vt 0.865067 0.100418
vt 0.859352 0.102000
vt 0.859051 0.086032
vt 0.688873 0.300855
vt 0.689724 0.317420
vt 0.683822 0.318177
vt 0.683442 0.300762
vt 0.664493 0.031555
vt 0.664657 0.049987
vt 0.659012 0.050167
vt 0.658702 0.031756
vt 0.658883 0.018465
vt 0.664041 0.019327
vt 0.653250 0.031973
vt 0.653582 0.018119
vt 0.653628 0.007976
vt 0.317395 0.666453
vt 0.310285 0.671289
vt 0.307745 0.666075
vt 0.315971 0.659544
vt 0.322537 0.656798
vt 0.322945 0.664084
vt 0.653250 0.001890
vt 0.555915 0.963046
vt 0.549123 0.964139
vt 0.332411 0.646550
vt 0.335432 0.637298
vt 0.349427 0.639212
vt 0.345136 0.649433
vt 0.550176 0.277422
vt 0.561093 0.278808
vt 0.559997 0.292208
vt 0.548190 0.289439
vt 0.555165 0.300944
vt 0.881007 0.015849
vt 0.879292 0.004656
vt 0.891644 0.001890
vt 0.897327 0.010795
vt 0.524346 0.724584
vt 0.517571 0.710882
vt 0.525171 0.709272
vt 0.337253 0.629153
vt 0.337001 0.620423
vt 0.532579 0.705532
vt 0.335606 0.606563
vt 0.590230 0.600506
vt 0.593816 0.587157
vt 0.600741 0.588070
vt 0.596990 0.602358
vt 0.822558 0.732120
vt 0.815247 0.732391
vt 0.818631 0.712372
vt 0.823528 0.708795
vt 0.595715 0.561042
vt 0.602180 0.565054
vt 0.642390 0.228784
vt 0.642380 0.198284
vt 0.646983 0.203304
vt 0.649128 0.232117
vt 0.642236 0.177378
vt 0.646928 0.179864
vt 0.708332 0.199016
vt 0.711010 0.176592
vt 0.715722 0.177448
vt 0.713820 0.202725
vt 0.717924 0.233316
vt 0.706789 0.226483
vt 0.767932 0.818438
vt 0.768215 0.795091
vt 0.773242 0.795368
vt 0.771740 0.816051
vt 0.712901 0.644288
vt 0.715264 0.642162
vt 0.717297 0.670931
vt 0.711661 0.678043
vt 0.713698 0.619574
vt 0.718626 0.619548
vt 0.719737 0.641189
vt 0.720703 0.667702
vt 0.624909 0.704042
vt 0.627369 0.678064
vt 0.632015 0.677610
vt 0.629980 0.703081
vt 0.897114 0.811137
vt 0.900722 0.808515
vt 0.915163 0.482433
vt 0.916127 0.503329
vt 0.910985 0.506791
vt 0.910985 0.485990
vt 0.321144 0.590099
vt 0.313839 0.566113
vt 0.317388 0.560334
vt 0.325951 0.587477
vt 0.768653 0.781599
vt 0.773650 0.782218
vt 0.712937 0.605363
vt 0.717878 0.605946
vt 0.768697 0.770385
vt 0.774143 0.771790
vt 0.712061 0.593975
vt 0.717660 0.596103
vt 0.711661 0.582680
vt 0.717110 0.584423
vt 0.717451 0.151341
vt 0.712197 0.150327
vt 0.712839 0.138031
vt 0.717924 0.139806
vt 0.716731 0.163343
vt 0.711875 0.162567
vt 0.646573 0.165492
vt 0.641528 0.164194
vt 0.640469 0.151474
vt 0.645703 0.152902
vt 0.598129 0.487510
vt 0.592247 0.486212
vt 0.639994 0.138031
vt 0.644553 0.139932
vt 0.672077 0.275564
vt 0.664075 0.273975
vt 0.959146 0.868372
vt 0.959248 0.884144
vt 0.953226 0.884175
vt 0.953226 0.867328
vt 0.015647 0.751313
vt 0.867706 0.120726
vt 0.861732 0.122749
vt 0.903452 0.502089
vt 0.898257 0.502598
vt 0.903862 0.505928
vt 0.897295 0.507090
vt 0.748227 0.255378
vt 0.748850 0.269143
vt 0.738921 0.240131
vt 0.666324 0.420922
vt 0.664075 0.434710
vt 0.224597 0.965493
vt 0.218160 0.963466
vt 0.953778 0.103850
vt 0.956138 0.106765
vt 0.900467 0.804733
vt 0.891927 0.804441
vt 0.893002 0.800084
vt 0.902004 0.799984
vt 0.893860 0.795584
vt 0.901518 0.794998
vt 0.674386 0.443019
vt 0.669718 0.442389
vt 0.679307 0.434689
vt 0.679307 0.443284
vt 0.891927 0.792116
vt 0.901045 0.790042
vt 0.930680 0.068557
vt 0.931283 0.076418
vt 0.926600 0.076690
vt 0.926629 0.068513
vt 0.051576 0.838302
vt 0.047081 0.836793
vt 0.050248 0.827886
vt 0.054456 0.830258
vt 0.931283 0.085874
vt 0.926567 0.085649
vt 0.050869 0.847106
vt 0.046085 0.847053
vt 0.930714 0.094817
vt 0.927240 0.095213
vt 0.904626 0.724908
vt 0.908938 0.737114
vt 0.903323 0.735653
vt 0.058158 0.818362
vt 0.061642 0.823425
vt 0.370404 0.748019
vt 0.382999 0.743711
vt 0.384357 0.747926
vt 0.160828 0.963205
vt 0.160828 0.976083
vt 0.155211 0.975625
vt 0.156246 0.963879
vt 0.367602 0.742205
vt 0.381293 0.738413
vt 0.360465 0.754624
vt 0.356847 0.747059
vt 0.381084 0.734059
vt 0.394200 0.732744
vt 0.366271 0.735387
vt 0.619138 0.889999
vt 0.355095 0.738881
vt 0.791238 0.972326
vt 0.780598 0.975875
vt 0.923483 0.650330
vt 0.925010 0.640139
vt 0.403984 0.729700
vt 0.921799 0.252148
vt 0.919874 0.247309
vt 0.411500 0.728042
vt 0.410069 0.734938
vt 0.939206 0.685669
vt 0.562172 0.879094
vt 0.564969 0.884557
vt 0.568834 0.881157
vt 0.571429 0.884988
vt 0.568289 0.887126
vt 0.566297 0.876538
vt 0.089936 0.865428
vt 0.093578 0.867382
vt 0.926085 0.475015
vt 0.926836 0.470336
vt 0.930879 0.470647
vt 0.930481 0.475134
vt 0.575673 0.883160
vt 0.704605 0.983294
vt 0.700262 0.983465
vt 0.700262 0.972840
vt 0.704841 0.973113
vt 0.935233 0.659692
vt 0.928791 0.661899
vt 0.929223 0.650014
vt 0.935233 0.649908
vt 0.914971 0.737080
vt 0.971425 0.792849
vt 0.980230 0.792849
vt 0.613918 0.903437
vt 0.962099 0.421713
vt 0.967622 0.424390
vt 0.865020 0.661863
vt 0.860268 0.661294
vt 0.945654 0.054656
vt 0.940720 0.052362
vt 0.940720 0.043680
vt 0.951300 0.055469
vt 0.458651 0.963068
vt 0.464459 0.963944
vt 0.845636 0.938602
vt 0.840941 0.937952
vt 0.192507 0.934346
vt 0.849712 0.924627
vt 0.849976 0.936644
vt 0.916724 0.574769
vt 0.923974 0.572768
vt 0.593147 0.883938
vt 0.580268 0.881519
vt 0.905336 0.928544
vt 0.905974 0.918193
vt 0.914431 0.929545
vt 0.401288 0.713732
vt 0.394482 0.728174
vt 0.821318 0.801541
vt 0.805367 0.800429
vt 0.800499 0.780234
vt 0.815381 0.777540
vt 0.688699 0.888546
vt 0.712613 0.891909
vt 0.565835 0.632492
vt 0.570549 0.655606
vt 0.560155 0.664140
vt 0.554766 0.673561
vt 0.550141 0.678391
vt 0.788413 0.778768
vt 0.172966 0.914185
vt 0.169867 0.922241
vt 0.154971 0.923930
vt 0.154971 0.914392
vt 0.779797 0.776412
vt 0.806129 0.883606
vt 0.806363 0.891629
vt 0.795582 0.894623
vt 0.793253 0.885785
vt 0.792486 0.875976
vt 0.806498 0.875279
vt 0.168569 0.928790
vt 0.157221 0.931634
vt 0.785912 0.903766
vt 0.779797 0.893953
vt 0.250072 0.911783
vt 0.241815 0.896930
vt 0.566161 0.812877
vt 0.577069 0.816612
vt 0.578050 0.837308
vt 0.564669 0.834753
vt 0.549074 0.833061
vt 0.553156 0.811487
vt 0.565852 0.866738
vt 0.553869 0.866306
vt 0.799238 0.138031
vt 0.799028 0.170920
vt 0.782975 0.171561
vt 0.782690 0.140020
vt 0.251204 0.872859
vt 0.268223 0.874491
vt 0.810821 0.173308
vt 0.782690 0.197824
vt 0.578050 0.866975
vt 0.843041 0.688966
vt 0.849231 0.669059
vt 0.851395 0.690364
vt 0.863034 0.329027
vt 0.872254 0.329505
vt 0.872534 0.346495
vt 0.863034 0.355080
vt 0.859039 0.692925
vt 0.859506 0.706759
vt 0.852310 0.710405
vt 0.861374 0.898219
vt 0.863476 0.883442
vt 0.870652 0.885965
vt 0.869964 0.897151
vt 0.870427 0.904630
vt 0.861314 0.907927
vt 0.861592 0.715599
vt 0.854352 0.721216
vt 0.869569 0.820592
vt 0.868263 0.829760
vt 0.862610 0.828274
vt 0.863482 0.818330
vt 0.868484 0.808515
vt 0.871982 0.814031
vt 0.833318 0.223898
vt 0.829614 0.234617
vt 0.823601 0.231559
vt 0.830043 0.218518
vt 0.834049 0.208429
vt 0.837834 0.213197
vt 0.868065 0.840742
vt 0.861314 0.840775
vt 0.829564 0.247300
vt 0.822676 0.247837
vt 0.831561 0.255602
vt 0.815114 0.246981
vt 0.814601 0.227831
vt 0.867927 0.690681
vt 0.867352 0.678730
vt 0.874513 0.679319
vt 0.877200 0.690267
vt 0.881391 0.903427
vt 0.880255 0.896215
vt 0.879600 0.887509
vt 0.791536 0.909578
vt 0.166204 0.936156
vt 0.160148 0.939065
vt 0.807997 0.815802
vt 0.952723 0.531166
vt 0.943583 0.530457
vt 0.938082 0.515982
vt 0.952723 0.510884
vt 0.476655 0.497003
vt 0.472881 0.495756
vt 0.480983 0.488407
vt 0.486532 0.489652
vt 0.533709 0.981836
vt 0.535114 0.975725
vt 0.540398 0.976060
vt 0.540398 0.986101
vt 0.726197 0.979246
vt 0.736657 0.979069
vt 0.035207 0.976106
vt 0.033022 0.976086
vt 0.033022 0.963234
vt 0.038684 0.967332
vt 0.589237 0.952525
vt 0.584488 0.959179
vt 0.583172 0.948343
vt 0.589237 0.942469
vt 0.978425 0.246025
vt 0.983358 0.248492
vt 0.983081 0.256557
vt 0.978425 0.256901
vt 0.078903 0.684319
vt 0.071453 0.689863
vt 0.956769 0.557322
vt 0.958159 0.565560
vt 0.953524 0.564141
vt 0.952958 0.556774
vt 0.954922 0.548485
vt 0.958159 0.548322
vt 0.073771 0.692024
vt 0.068755 0.701631
vt 0.143345 0.867862
vt 0.149859 0.872680
vt 0.938123 0.068513
vt 0.941429 0.069521
vt 0.939194 0.078989
vt 0.935176 0.078966
vt 0.941429 0.088873
vt 0.935064 0.089689
vt 0.822333 0.928222
vt 0.820342 0.918689
vt 0.824605 0.938245
vt 0.820342 0.937608
vt 0.008843 0.802858
vt 0.014024 0.811418
vt 0.002900 0.805076
vt 0.012349 0.799529
vt 0.017748 0.807978
vt 0.022911 0.818829
vt 0.291119 0.605876
vt 0.286367 0.606797
vt 0.973602 0.531373
vt 0.978380 0.530560
vt 0.978380 0.542359
vt 0.973660 0.540867
vt 0.423007 0.281863
vt 0.422200 0.286996
vt 0.415706 0.285350
vt 0.416488 0.281715
vt 0.904805 0.006312
vt 0.905961 0.012121
vt 0.901344 0.012449
vt 0.901107 0.006796
vt 0.910187 0.001890
vt 0.909668 0.011444
vt 0.907161 0.017291
vt 0.902084 0.017770
vt 0.910519 0.016661
vt 0.657979 0.708620
vt 0.662136 0.707822
vt 0.662948 0.715538
vt 0.908550 0.022750
vt 0.902897 0.022787
vt 0.750922 0.833176
vt 0.746662 0.829422
vt 0.748605 0.827430
vt 0.753602 0.830762
vt 0.181121 0.722419
vt 0.187226 0.722315
vt 0.615612 0.145679
vt 0.619640 0.145038
vt 0.621064 0.152277
vt 0.616171 0.153418
vt 0.371180 0.554885
vt 0.363033 0.564841
vt 0.357339 0.561720
vt 0.375487 0.548315
vt 0.378412 0.552613
vt 0.356804 0.553884
vt 0.417520 0.782210
vt 0.417932 0.788909
vt 0.408564 0.786478
vt 0.397164 0.786361
vt 0.417932 0.801372
vt 0.406661 0.798505
vt 0.396161 0.797532
vt 0.415064 0.818577
vt 0.405639 0.814572
vt 0.396556 0.813516
vt 0.404511 0.835159
vt 0.398096 0.834973
vt 0.407744 0.336424
vt 0.407654 0.356553
vt 0.400795 0.357219
vt 0.399264 0.335850
vt 0.393625 0.357819
vt 0.391418 0.335133
vt 0.613513 0.312913
vt 0.606916 0.310517
vt 0.619257 0.299251
vt 0.602542 0.335028
vt 0.594624 0.335160
vt 0.597320 0.309292
vt 0.610454 0.362779
vt 0.602573 0.365565
vt 0.448653 0.341239
vt 0.452624 0.372767
vt 0.445139 0.374519
vt 0.440953 0.341448
vt 0.740951 0.576147
vt 0.739025 0.609459
vt 0.731518 0.609342
vt 0.733616 0.572768
vt 0.432230 0.340635
vt 0.435607 0.315529
vt 0.724484 0.609350
vt 0.724484 0.573404
vt 0.605695 0.800024
vt 0.596512 0.798523
vt 0.488255 0.350018
vt 0.479979 0.386566
vt 0.472765 0.384639
vt 0.477994 0.350027
vt 0.466346 0.383664
vt 0.469241 0.350965
vt 0.467833 0.333917
vt 0.789099 0.494490
vt 0.796250 0.494031
vt 0.790756 0.525300
vt 0.783586 0.525992
vt 0.776447 0.526655
vt 0.780489 0.493456
vt 0.131112 0.359888
vt 0.126582 0.394953
vt 0.119199 0.394437
vt 0.124145 0.358088
vt 0.112817 0.393100
vt 0.116142 0.357725
vt 0.118988 0.329536
vt 0.849483 0.235370
vt 0.848953 0.265910
vt 0.841614 0.264235
vt 0.842032 0.234832
vt 0.841614 0.208429
vt 0.847838 0.209083
vt 0.414670 0.385143
vt 0.419412 0.419991
vt 0.412213 0.420893
vt 0.406867 0.386648
vt 0.405413 0.421869
vt 0.399401 0.388541
vt 0.414321 0.447519
vt 0.410050 0.447850
vt 0.617660 0.393439
vt 0.619257 0.419429
vt 0.614455 0.420374
vt 0.610385 0.394827
vt 0.457476 0.403911
vt 0.457078 0.429007
vt 0.452157 0.429176
vt 0.450148 0.404566
vt 0.740536 0.638059
vt 0.738816 0.661920
vt 0.733792 0.661343
vt 0.733197 0.638042
vt 0.481891 0.418505
vt 0.478593 0.443770
vt 0.473622 0.443541
vt 0.475180 0.418481
vt 0.725923 0.639596
vt 0.468939 0.443520
vt 0.468483 0.418559
vt 0.473380 0.465618
vt 0.466191 0.466488
vt 0.521849 0.728364
vt 0.542806 0.737205
vt 0.541064 0.744007
vt 0.519953 0.733213
vt 0.506221 0.937927
vt 0.501015 0.937199
vt 0.503494 0.914283
vt 0.510700 0.916048
vt 0.538435 0.748575
vt 0.517571 0.737128
vt 0.496483 0.937927
vt 0.496325 0.914548
vt 0.122235 0.420084
vt 0.122419 0.444510
vt 0.116368 0.444608
vt 0.117291 0.419980
vt 0.110100 0.444551
vt 0.113286 0.420109
vt 0.423507 0.446579
vt 0.426423 0.471258
vt 0.419981 0.471547
vt 0.419231 0.447065
vt 0.906233 0.064196
vt 0.901107 0.064565
vt 0.901107 0.041040
vt 0.908693 0.040747
vt 0.413506 0.471640
vt 0.420927 0.491467
vt 0.414158 0.492022
vt 0.477849 0.836321
vt 0.483870 0.853724
vt 0.475340 0.856331
vt 0.471413 0.837909
vt 0.466191 0.818135
vt 0.470694 0.817027
vt 0.462411 0.452002
vt 0.461486 0.472877
vt 0.453398 0.471701
vt 0.456824 0.452071
vt 0.461407 0.428244
vt 0.448315 0.469202
vt 0.450958 0.451637
vt 0.281604 0.795147
vt 0.285712 0.810881
vt 0.279524 0.811661
vt 0.276208 0.797726
vt 0.445679 0.450992
vt 0.447748 0.428685
vt 0.479673 0.465884
vt 0.479881 0.482262
vt 0.473952 0.482842
vt 0.273947 0.812441
vt 0.280105 0.825432
vt 0.273329 0.826130
vt 0.557595 0.736636
vt 0.570763 0.732151
vt 0.467436 0.484627
vt 0.281282 0.838559
vt 0.273519 0.839677
vt 0.583928 0.728631
vt 0.283047 0.847617
vt 0.273994 0.848424
vt 0.592732 0.728364
vt 0.284463 0.852922
vt 0.284339 0.852936
vt 0.273373 0.854886
vt 0.408054 0.132088
vt 0.402248 0.131896
vt 0.411543 0.119346
vt 0.453791 0.093377
vt 0.454193 0.093181
vt 0.454169 0.093390
vt 0.453170 0.093718
vt 0.460424 0.087071
vt 0.469916 0.086006
vt 0.468150 0.088944
vt 0.475404 0.086972
vt 0.482015 0.088459
vt 0.480002 0.091364
vt 0.250612 0.746766
vt 0.248423 0.754583
vt 0.251197 0.743304
vt 0.247403 0.757803
vt 0.242228 0.765858
vt 0.408838 0.151327
vt 0.406672 0.146851
vt 0.293287 0.841652
vt 0.296155 0.844949
vt 0.287992 0.850579
vt 0.284633 0.852804
vt 0.289869 0.834497
vt 0.434433 0.488274
vt 0.439160 0.480236
vt 0.448093 0.482689
vt 0.446324 0.488864
vt 0.447409 0.493441
vt 0.432230 0.495511
vt 0.287001 0.825204
vt 0.458420 0.481992
vt 0.458337 0.487445
vt 0.810278 0.906313
vt 0.811540 0.893172
vt 0.815331 0.892640
vt 0.815535 0.907379
vt 0.477283 0.870680
vt 0.476527 0.866072
vt 0.486472 0.862253
vt 0.487215 0.867143
vt 0.811639 0.882693
vt 0.815035 0.883196
vt 0.494864 0.861487
vt 0.493536 0.868179
vt 0.811529 0.876768
vt 0.815535 0.875279
vt 0.971194 0.879294
vt 0.964807 0.881740
vt 0.963028 0.874414
vt 0.970290 0.873891
vt 0.241814 0.934930
vt 0.244041 0.938615
vt 0.104591 0.476982
vt 0.106250 0.463941
vt 0.113266 0.465402
vt 0.112466 0.477304
vt 0.965246 0.867328
vt 0.971194 0.867446
vt 0.428450 0.504053
vt 0.420700 0.503544
vt 0.428048 0.490915
vt 0.113275 0.483391
vt 0.490914 0.852022
vt 0.466191 0.870373
vt 0.467441 0.858412
vt 0.127546 0.444430
vt 0.111952 0.309649
vt 0.426879 0.531250
vt 0.421396 0.532224
vt 0.384632 0.572879
vt 0.426861 0.550779
vt 0.421733 0.552960
vt 0.384195 0.594540
vt 0.379016 0.596872
vt 0.384442 0.616296
vt 0.379654 0.618805
vt 0.815488 0.911159
vt 0.815488 0.931822
vt 0.810784 0.934625
vt 0.810278 0.912939
vt 0.374232 0.598542
vt 0.067464 0.782714
vt 0.072312 0.779951
vt 0.071733 0.796713
vt 0.067464 0.810640
vt 0.068076 0.761560
vt 0.072684 0.759718
vt 0.745672 0.069228
vt 0.741232 0.071452
vt 0.740513 0.050135
vt 0.745036 0.047838
vt 0.068666 0.742734
vt 0.073098 0.741390
vt 0.746557 0.088701
vt 0.742275 0.090408
vt 0.652513 0.548087
vt 0.648297 0.550077
vt 0.648433 0.530982
vt 0.652694 0.528499
vt 0.959877 0.729121
vt 0.964497 0.727822
vt 0.964497 0.739328
vt 0.957907 0.740035
vt 0.654394 0.560449
vt 0.643740 0.533374
vt 0.644010 0.511414
vt 0.649013 0.509068
vt 0.653687 0.506673
vt 0.643826 0.551830
vt 0.693370 0.683370
vt 0.688699 0.684029
vt 0.691320 0.668512
vt 0.696353 0.667408
vt 0.704560 0.542849
vt 0.708091 0.553624
vt 0.701754 0.556356
vt 0.700810 0.545415
vt 0.701110 0.528458
vt 0.696143 0.547018
vt 0.696584 0.530218
vt 0.696856 0.509701
vt 0.701714 0.507731
vt 0.694804 0.649669
vt 0.700069 0.648610
vt 0.696859 0.489358
vt 0.702129 0.487323
vt 0.697946 0.630853
vt 0.703528 0.629986
vt 0.700048 0.613702
vt 0.706091 0.613884
vt 0.644123 0.489700
vt 0.643700 0.471186
vt 0.651024 0.470177
vt 0.649785 0.487377
vt 0.735310 0.032127
vt 0.741059 0.029498
vt 0.736050 0.053241
vt 0.702041 0.469302
vt 0.696419 0.470348
vt 0.695290 0.456872
vt 0.701182 0.456352
vt 0.426965 0.571679
vt 0.427159 0.592753
vt 0.422566 0.594806
vt 0.422179 0.574028
vt 0.384654 0.637748
vt 0.380180 0.639867
vt 0.376135 0.642106
vt 0.375320 0.621553
vt 0.042305 0.913781
vt 0.041881 0.929622
vt 0.037963 0.916056
vt 0.694580 0.557503
vt 0.033856 0.917258
vt 0.744479 0.030102
vt 0.694580 0.447589
vt 0.699521 0.447381
vt 0.121522 0.988278
vt 0.121009 0.979864
vt 0.126600 0.979864
vt 0.126540 0.988502
vt 0.693544 0.586962
vt 0.688699 0.581464
vt 0.306928 0.659788
vt 0.897114 0.848246
vt 0.899261 0.836469
vt 0.422835 0.677133
vt 0.712016 0.572768
vt 0.716698 0.573349
vt 0.631230 0.610420
vt 0.635982 0.611958
vt 0.627378 0.609836
vt 0.625758 0.601800
vt 0.632323 0.601337
vt 0.638288 0.603205
vt 0.969417 0.243569
vt 0.974322 0.244504
vt 0.974645 0.256901
vt 0.969417 0.255441
vt 0.600704 0.465087
vt 0.601580 0.475851
vt 0.710231 0.957972
vt 0.709667 0.953639
vt 0.718713 0.953639
vt 0.717186 0.958070
vt 0.950160 0.338677
vt 0.957653 0.338127
vt 0.624909 0.593755
vt 0.631616 0.592896
vt 0.600976 0.457184
vt 0.593599 0.447381
vt 0.600116 0.449030
vt 0.606667 0.450730
vt 0.606667 0.459989
vt 0.595397 0.938657
vt 0.593147 0.928799
vt 0.964327 0.208429
vt 0.969425 0.210090
vt 0.969425 0.222861
vt 0.963327 0.217326
vt 0.731846 0.917730
vt 0.727760 0.913154
vt 0.723782 0.902279
vt 0.820342 0.946298
vt 0.829313 0.942025
vt 0.929812 0.620837
vt 0.936743 0.620410
vt 0.936743 0.632523
vt 0.928791 0.632856
vt 0.724397 0.890265
vt 0.954127 0.708524
vt 0.953907 0.716016
vt 0.946653 0.709477
vt 0.606894 0.916386
vt 0.598539 0.916497
vt 0.940411 0.864425
vt 0.948904 0.864425
vt 0.793413 0.913358
vt 0.804622 0.913479
vt 0.804940 0.920203
vt 0.785926 0.915100
vt 0.779797 0.936389
vt 0.781690 0.927801
vt 0.780207 0.921855
vt 0.779797 0.916277
vt 0.953484 0.260441
vt 0.949939 0.259850
vt 0.980989 0.099556
vt 0.976970 0.099877
vt 0.676022 0.606879
vt 0.668739 0.606102
vt 0.661257 0.607334
vt 0.292613 0.410934
vt 0.298634 0.411668
vt 0.298252 0.421015
vt 0.292515 0.419863
vt 0.674440 0.615111
vt 0.667046 0.613938
vt 0.682085 0.609254
vt 0.298634 0.434396
vt 0.292744 0.433160
vt 0.674306 0.627066
vt 0.668314 0.624035
vt 0.297649 0.447242
vt 0.293826 0.446579
vt 0.672599 0.639917
vt 0.842450 0.743836
vt 0.847302 0.744560
vt 0.124327 0.818707
vt 0.125859 0.828126
vt 0.121138 0.827842
vt 0.119729 0.817713
vt 0.131191 0.608268
vt 0.137241 0.609688
vt 0.137664 0.625096
vt 0.131311 0.621417
vt 0.131434 0.595543
vt 0.136323 0.596252
vt 0.395865 0.840655
vt 0.394994 0.845695
vt 0.131699 0.586343
vt 0.136916 0.586735
vt 0.404944 0.841552
vt 0.403721 0.847385
vt 0.795754 0.963692
vt 0.800001 0.964766
vt 0.800001 0.975472
vt 0.795836 0.973313
vt 0.060587 0.976102
vt 0.054945 0.975755
vt 0.371724 0.860710
vt 0.686840 0.123581
vt 0.694283 0.120307
vt 0.694283 0.134239
vt 0.687348 0.131950
vt 0.841957 0.527175
vt 0.846333 0.520161
vt 0.839294 0.533159
vt 0.754719 0.170861
vt 0.761510 0.170978
vt 0.761469 0.185407
vt 0.755393 0.183383
vt 0.761014 0.199376
vt 0.755709 0.197183
vt 0.767625 0.171422
vt 0.767651 0.186668
vt 0.670445 0.859788
vt 0.678078 0.860649
vt 0.678461 0.872722
vt 0.776435 0.172088
vt 0.777193 0.186737
vt 0.863175 0.301111
vt 0.863157 0.288162
vt 0.872394 0.289616
vt 0.872198 0.301542
vt 0.863033 0.275143
vt 0.874925 0.273975
vt 0.768563 0.157848
vt 0.778910 0.158991
vt 0.930646 0.933325
vt 0.929362 0.951891
vt 0.925535 0.952014
vt 0.925535 0.933352
vt 0.804380 0.568683
vt 0.800030 0.566072
vt 0.807740 0.549486
vt 0.812560 0.550726
vt 0.020027 0.704159
vt 0.019955 0.682875
vt 0.024546 0.682937
vt 0.024848 0.704064
vt 0.900665 0.290818
vt 0.905856 0.290794
vt 0.908679 0.309992
vt 0.903294 0.312154
vt 0.020277 0.664377
vt 0.024848 0.665419
vt 0.904723 0.273975
vt 0.908679 0.277078
vt 0.901858 0.255685
vt 0.906675 0.255371
vt 0.909681 0.266965
vt 0.906147 0.270003
vt 0.940361 0.292408
vt 0.936705 0.296169
vt 0.906751 0.246762
vt 0.909681 0.249180
vt 0.619203 0.712099
vt 0.617018 0.716347
vt 0.603381 0.707707
vt 0.607095 0.702761
vt 0.428083 0.768140
vt 0.422984 0.767539
vt 0.971356 0.507074
vt 0.971833 0.494843
vt 0.975747 0.494843
vt 0.975848 0.506230
vt 0.420520 0.914404
vt 0.416690 0.914993
vt 0.417510 0.908188
vt 0.420520 0.907490
vt 0.924436 0.557186
vt 0.928199 0.557016
vt 0.804213 0.575431
vt 0.807363 0.572768
vt 0.812010 0.584513
vt 0.807360 0.586029
vt 0.812375 0.604086
vt 0.808045 0.604072
vt 0.920325 0.565246
vt 0.933263 0.558629
vt 0.923324 0.568940
vt 0.815581 0.583279
vt 0.817055 0.604170
vt 0.931275 0.546223
vt 0.808181 0.534150
vt 0.800030 0.524623
vt 0.802540 0.519984
vt 0.813037 0.532337
vt 0.815127 0.623659
vt 0.959309 0.375247
vt 0.954621 0.375677
vt 0.954621 0.358924
vt 0.959085 0.360495
vt 0.864872 0.510884
vt 0.867947 0.511821
vt 0.862064 0.521502
vt 0.857679 0.517404
vt 0.817492 0.634375
vt 0.854770 0.512658
vt 0.144565 0.791877
vt 0.019072 0.955990
vt 0.026009 0.955990
vt 0.026369 0.969604
vt 0.018295 0.970442
vt 0.080372 0.847651
vt 0.073744 0.848670
vt 0.079976 0.858047
vt 0.073803 0.859197
vt 0.067710 0.859254
vt 0.067536 0.849659
vt 0.080372 0.868177
vt 0.073653 0.868655
vt 0.067464 0.867896
vt 0.893531 0.930928
vt 0.894204 0.937150
vt 0.884404 0.937150
vt 0.884230 0.930838
vt 0.886367 0.924242
vt 0.892618 0.923977
vt 0.897828 0.921435
vt 0.900870 0.928232
vt 0.886955 0.915011
vt 0.891602 0.914467
vt 0.896395 0.911707
vt 0.871486 0.071005
vt 0.876303 0.070316
vt 0.877077 0.085008
vt 0.872000 0.085189
vt 0.020319 0.660597
vt 0.019955 0.646749
vt 0.025319 0.645942
vt 0.025726 0.658925
vt 0.877634 0.099886
vt 0.872375 0.099531
vt 0.020008 0.632677
vt 0.025302 0.632951
vt 0.877654 0.115932
vt 0.871486 0.115919
vt 0.020389 0.616308
vt 0.025726 0.616449
vt 0.837979 0.693739
vt 0.837605 0.708795
vt 0.832676 0.708953
vt 0.832698 0.693737
vt 0.827400 0.708860
vt 0.827516 0.693429
vt 0.827308 0.676946
vt 0.832393 0.032310
vt 0.832312 0.047431
vt 0.826990 0.045694
vt 0.827086 0.032123
vt 0.832690 0.724930
vt 0.827308 0.726551
vt 0.831649 0.064733
vt 0.826494 0.060914
vt 0.881919 0.084343
vt 0.880563 0.068513
vt 0.988111 0.119570
vt 0.988111 0.128924
vt 0.983659 0.127568
vt 0.983601 0.120070
vt 0.564295 0.932208
vt 0.563156 0.938851
vt 0.555296 0.936647
vt 0.390481 0.666059
vt 0.389690 0.657828
vt 0.395691 0.656911
vt 0.395899 0.665957
vt 0.941713 0.847678
vt 0.549074 0.931762
vt 0.395927 0.648077
vt 0.402750 0.647707
vt 0.401874 0.656957
vt 0.402750 0.665965
vt 0.839321 0.652806
vt 0.841763 0.661380
vt 0.165577 0.963860
vt 0.172966 0.963178
vt 0.933416 0.386929
vt 0.926850 0.387532
vt 0.926800 0.378038
vt 0.933410 0.377351
vt 0.007322 0.886387
vt 0.013494 0.885332
vt 0.928558 0.182588
vt 0.934529 0.182318
vt 0.929684 0.172237
vt 0.934788 0.172934
vt 0.646695 0.670984
vt 0.652831 0.672850
vt 0.656986 0.663034
vt 0.662497 0.664689
vt 0.658897 0.674805
vt 0.660726 0.653629
vt 0.665186 0.655340
vt 0.121622 0.836551
vt 0.126480 0.836516
vt 0.126472 0.846972
vt 0.121282 0.846985
vt 0.659832 0.644321
vt 0.120613 0.858294
vt 0.126117 0.858450
vt 0.125325 0.868491
vt 0.119729 0.868058
vt 0.843525 0.782441
vt 0.848927 0.783020
vt 0.920548 0.378172
vt 0.920548 0.387442
vt 0.878835 0.456984
vt 0.876707 0.464229
vt 0.872506 0.463565
vt 0.872521 0.455134
vt 0.873449 0.448321
vt 0.880537 0.450477
vt 0.451005 0.981787
vt 0.448963 0.988564
vt 0.444960 0.988626
vt 0.444960 0.979815
vt 0.866492 0.454969
vt 0.866492 0.447381
vt 0.236913 0.873424
vt 0.236676 0.886041
vt 0.232607 0.885863
vt 0.233549 0.873066
vt 0.873886 0.476843
vt 0.869887 0.476540
vt 0.706795 0.420552
vt 0.710694 0.419794
vt 0.877838 0.477496
vt 0.713756 0.406199
vt 0.714855 0.419070
vt 0.330909 0.793794
vt 0.337550 0.781310
vt 0.335473 0.794005
vt 0.333487 0.806876
vt 0.327707 0.805954
vt 0.908797 0.791869
vt 0.909323 0.779440
vt 0.913700 0.779330
vt 0.913330 0.792052
vt 0.913700 0.804625
vt 0.908172 0.804473
vt 0.837260 0.172482
vt 0.841521 0.172689
vt 0.228476 0.886283
vt 0.228918 0.873268
vt 0.845468 0.173057
vt 0.342602 0.772641
vt 0.979342 0.850179
vt 0.979342 0.839878
vt 0.984758 0.839782
vt 0.983185 0.850352
vt 0.884746 0.988527
vt 0.884230 0.979856
vt 0.890653 0.979856
vt 0.890620 0.988052
vt 0.861314 0.988924
vt 0.861314 0.980990
vt 0.868052 0.979647
vt 0.867960 0.987489
vt 0.981960 0.189713
vt 0.981960 0.201083
vt 0.979139 0.200157
vt 0.977036 0.192027
vt 0.853355 0.329330
vt 0.859253 0.327577
vt 0.137327 0.915443
vt 0.139264 0.922332
vt 0.134783 0.924392
vt 0.131910 0.918331
vt 0.733909 0.811820
vt 0.739997 0.810309
vt 0.143993 0.914185
vt 0.144973 0.921175
vt 0.150822 0.914564
vt 0.150822 0.921511
vt 0.731842 0.804285
vt 0.738317 0.803858
vt 0.925317 0.017634
vt 0.927829 0.017421
vt 0.897760 0.725050
vt 0.897451 0.732567
vt 0.988340 0.053572
vt 0.993035 0.053365
vt 0.993035 0.059594
vt 0.987932 0.060047
vt 0.911743 0.242982
vt 0.901858 0.238651
vt 0.934426 0.901264
vt 0.884550 0.213276
vt 0.051165 0.976047
vt 0.044142 0.975661
vt 0.060525 0.942903
vt 0.058696 0.953140
vt 0.055998 0.959466
vt 0.054945 0.942903
vt 0.605295 0.959108
vt 0.608165 0.953785
vt 0.731817 0.793470
vt 0.736588 0.793663
vt 0.737484 0.799081
vt 0.730838 0.798295
vt 0.886868 0.719381
vt 0.880980 0.719585
vt 0.885213 0.714479
vt 0.867109 0.217810
vt 0.876686 0.215596
vt 0.876865 0.227372
vt 0.867517 0.228098
vt 0.800030 0.504613
vt 0.800396 0.494327
vt 0.808493 0.494417
vt 0.865999 0.210983
vt 0.875993 0.208429
vt 0.801908 0.477859
vt 0.809834 0.478362
vt 0.816919 0.478916
vt 0.816568 0.494825
vt 0.771049 0.459936
vt 0.768677 0.475742
vt 0.762652 0.474532
vt 0.764389 0.458553
vt 0.765844 0.447381
vt 0.772667 0.448840
vt 0.692762 0.055252
vt 0.687183 0.070289
vt 0.680285 0.067841
vt 0.684972 0.052702
vt 0.688027 0.042127
vt 0.678138 0.050907
vt 0.681114 0.039538
vt 0.946537 0.397862
vt 0.954361 0.400869
vt 0.674832 0.974576
vt 0.675876 0.961574
vt 0.683298 0.961110
vt 0.683282 0.974826
vt 0.774132 0.387891
vt 0.780610 0.387440
vt 0.780007 0.403183
vt 0.774008 0.403771
vt 0.767290 0.404138
vt 0.766838 0.388817
vt 0.741307 0.324390
vt 0.749133 0.321949
vt 0.779833 0.416337
vt 0.773926 0.416893
vt 0.767440 0.417053
vt 0.779505 0.427862
vt 0.774390 0.429019
vt 0.768546 0.429728
vt 0.673688 0.095994
vt 0.679829 0.096405
vt 0.676235 0.083034
vt 0.682587 0.084452
vt 0.761443 0.489441
vt 0.766855 0.489464
vt 0.761148 0.501780
vt 0.772551 0.488561
vt 0.817377 0.465122
vt 0.811798 0.466186
vt 0.761640 0.512745
vt 0.875471 0.245914
vt 0.867116 0.244664
vt 0.977764 0.560374
vt 0.971902 0.555108
vt 0.973695 0.548322
vt 0.977764 0.551433
vt 0.976059 0.520533
vt 0.975087 0.513211
vt 0.981414 0.510884
vt 0.981414 0.522394
vt 0.262036 0.929219
vt 0.264654 0.934376
vt 0.255191 0.938585
vt 0.255490 0.931278
vt 0.802639 0.343491
vt 0.795415 0.344955
vt 0.794628 0.332840
vt 0.801080 0.334439
vt 0.809321 0.336507
vt 0.810706 0.344442
vt 0.291280 0.988569
vt 0.284593 0.986553
vt 0.284593 0.978566
vt 0.290704 0.980006
vt 0.801122 0.321643
vt 0.808235 0.324609
vt 0.814218 0.326398
vt 0.816517 0.338222
vt 0.802678 0.306822
vt 0.808040 0.307199
vt 0.811183 0.305350
vt 0.816517 0.273975
vt 0.884937 0.305264
vt 0.886086 0.319657
vt 0.880662 0.318548
vt 0.879513 0.305511
vt 0.878705 0.289687
vt 0.884495 0.288286
vt 0.796550 0.318689
vt 0.862410 0.032958
vt 0.868663 0.034325
vt 0.348458 0.922864
vt 0.355859 0.924509
vt 0.909156 0.414832
vt 0.902853 0.415907
vt 0.898457 0.407009
vt 0.905550 0.405978
vt 0.895387 0.417657
vt 0.890920 0.407190
vt 0.908421 0.427575
vt 0.902290 0.429721
vt 0.909156 0.443012
vt 0.902892 0.442940
vt 0.896362 0.431173
vt 0.890100 0.419639
vt 0.362751 0.912980
vt 0.359249 0.897505
vt 0.108706 0.937502
vt 0.103441 0.936403
vt 0.105219 0.925529
vt 0.110634 0.926118
vt 0.103326 0.914792
vt 0.110634 0.915653
vt 0.295817 0.988477
vt 0.295360 0.978523
vt 0.303130 0.979522
vt 0.303130 0.988688
vt 0.838199 0.285371
vt 0.833471 0.277776
vt 0.004190 0.956129
vt 0.003508 0.946862
vt 0.246442 0.979818
vt 0.246442 0.988688
vt 0.242804 0.986624
vt 0.241815 0.980753
vt 0.741946 0.990309
vt 0.737076 0.988558
vt 0.735500 0.983026
vt 0.741946 0.983058
vt 0.005479 0.938778
vt 0.939825 0.093469
vt 0.939647 0.100069
vt 0.936024 0.098950
vt 0.935063 0.093469
vt 0.558114 0.979872
vt 0.562466 0.982563
vt 0.563494 0.988043
vt 0.558114 0.986371
vt 0.650465 0.966948
vt 0.649552 0.973765
vt 0.644511 0.961466
vt 0.648626 0.962238
vt 0.654658 0.967684
vt 0.652586 0.974465
vt 0.892858 0.068741
vt 0.891447 0.080226
vt 0.887050 0.081466
vt 0.890203 0.068513
vt 0.847056 0.010707
vt 0.843560 0.004601
vt 0.845725 0.001890
vt 0.849876 0.009863
vt 0.849439 0.020899
vt 0.845069 0.021457
vt 0.847585 0.032531
vt 0.842916 0.033212
vt 0.838664 0.295916
vt 0.842593 0.295195
vt 0.840467 0.307593
vt 0.836094 0.308206
vt 0.838532 0.318934
vt 0.833960 0.318688
vt 0.116277 0.899569
vt 0.120649 0.898415
vt 0.119500 0.910091
vt 0.115009 0.910481
vt 0.072569 0.944365
vt 0.072097 0.951690
vt 0.066551 0.951161
vt 0.068178 0.944218
vt 0.018295 0.929298
vt 0.018893 0.916716
vt 0.024142 0.914226
vt 0.023301 0.927495
vt 0.076957 0.941523
vt 0.077512 0.950157
vt 0.018295 0.903282
vt 0.022705 0.900762
vt 0.256289 0.830011
vt 0.257825 0.817151
vt 0.263308 0.814683
vt 0.261739 0.828285
vt 0.904763 0.634495
vt 0.907206 0.621568
vt 0.911383 0.620410
vt 0.909792 0.633042
vt 0.838541 0.326604
vt 0.838840 0.334246
vt 0.833471 0.334690
vt 0.833714 0.326232
vt 0.070874 0.959333
vt 0.065228 0.958201
vt 0.780479 0.954285
vt 0.787835 0.954294
vt 0.787982 0.958953
vt 0.781451 0.959912
vt 0.973945 0.299967
vt 0.966657 0.301221
vt 0.968898 0.295377
vt 0.974571 0.293891
vt 0.846718 0.061112
vt 0.841496 0.058362
vt 0.974571 0.304848
vt 0.967203 0.307639
vt 0.922238 0.977273
vt 0.922238 0.985314
vt 0.077512 0.958151
vt 0.849375 0.283780
vt 0.035868 0.818932
vt 0.042305 0.819125
vt 0.029694 0.818362
vt 0.367866 0.954236
vt 0.367866 0.969093
vt 0.980243 0.154160
vt 0.988434 0.154160
vt 0.947160 0.552537
vt 0.941795 0.548322
vt 0.945335 0.355056
vt 0.939210 0.355131
vt 0.680816 0.022991
vt 0.683585 0.015663
vt 0.636083 0.432069
vt 0.895245 0.739692
vt 0.719481 0.844783
vt 0.719903 0.851660
vt 0.716393 0.853959
vt 0.716393 0.846363
vt 0.829887 0.449073
vt 0.835290 0.447381
vt 0.835513 0.460012
vt 0.830179 0.461721
vt 0.821157 0.463225
vt 0.822886 0.452731
vt 0.707775 0.036672
vt 0.713046 0.034276
vt 0.716991 0.051481
vt 0.711743 0.053515
vt 0.833411 0.479798
vt 0.826717 0.480556
vt 0.722781 0.050768
vt 0.726672 0.067817
vt 0.718711 0.033159
vt 0.090497 0.564152
vt 0.096334 0.563697
vt 0.095970 0.582741
vt 0.089832 0.582426
vt 0.507862 0.383971
vt 0.513100 0.384964
vt 0.506965 0.401468
vt 0.502071 0.400744
vt 0.095352 0.599871
vt 0.089465 0.599872
vt 0.514410 0.365653
vt 0.503560 0.414826
vt 0.499004 0.414392
vt 0.095485 0.612776
vt 0.090057 0.612760
vt 0.096321 0.623151
vt 0.090599 0.623334
vt 0.729001 0.081854
vt 0.731530 0.092685
vt 0.097070 0.632710
vt 0.091448 0.633287
vt 0.086053 0.632843
vt 0.085137 0.622719
vt 0.496517 0.424867
vt 0.501682 0.425296
vt 0.507406 0.425668
vt 0.506043 0.433997
vt 0.508568 0.416018
vt 0.512086 0.403138
vt 0.273311 0.768497
vt 0.278671 0.767454
vt 0.279889 0.777582
vt 0.275097 0.780272
vt 0.517934 0.386936
vt 0.273600 0.752706
vt 0.278962 0.751846
vt 0.827424 0.593639
vt 0.832829 0.593046
vt 0.832076 0.609131
vt 0.825848 0.609421
vt 0.274659 0.732691
vt 0.279889 0.731533
vt 0.829937 0.573669
vt 0.835541 0.572768
vt 0.821157 0.556222
vt 0.827498 0.556044
vt 0.827017 0.566753
vt 0.821157 0.566903
vt 0.832815 0.557874
vt 0.831879 0.568581
vt 0.896638 0.099721
vt 0.904364 0.068513
vt 0.970615 0.686942
vt 0.969818 0.691374
vt 0.966049 0.691200
vt 0.966034 0.685291
vt 0.938772 0.323861
vt 0.943943 0.321870
vt 0.946379 0.333890
vt 0.941584 0.335927
vt 0.891710 0.253371
vt 0.883310 0.252691
vt 0.956877 0.688635
vt 0.962254 0.685291
vt 0.962254 0.699133
vt 0.957738 0.701179
vt 0.946379 0.316248
vt 0.939024 0.315934
vt 0.973771 0.696341
vt 0.966034 0.699409
vt 0.850432 0.644311
vt 0.663735 0.900238
vt 0.962719 0.978838
vt 0.958053 0.977683
vt 0.895767 0.353315
vt 0.889867 0.354642
vt 0.953637 0.978838
vt 0.952361 0.974946
vt 0.192797 0.278584
vt 0.194529 0.290099
vt 0.001890 0.294944
vt 0.007161 0.294964
vt 0.008943 0.306360
vt 0.002528 0.305994
vt 0.189749 0.301023
vt 0.183477 0.300356
vt 0.009277 0.322778
vt 0.003073 0.322954
vt 0.189911 0.317573
vt 0.184479 0.317015
vt 0.009158 0.344110
vt 0.003362 0.344118
vt 0.189228 0.337974
vt 0.183472 0.337318
vt 0.187689 0.358899
vt 0.181946 0.358065
vt 0.649085 0.036105
vt 0.648076 0.055934
vt 0.642028 0.056117
vt 0.643190 0.036312
vt 0.022244 0.174906
vt 0.018407 0.194766
vt 0.012599 0.193963
vt 0.016360 0.173898
vt 0.298484 0.299406
vt 0.298236 0.321082
vt 0.292651 0.321066
vt 0.292644 0.299367
vt 0.293739 0.278584
vt 0.298932 0.278970
vt 0.018958 0.330434
vt 0.019733 0.351788
vt 0.013940 0.352251
vt 0.013129 0.330803
vt 0.290940 0.487251
vt 0.291481 0.507171
vt 0.285613 0.506791
vt 0.285021 0.486792
vt 0.284885 0.467064
vt 0.291048 0.467713
vt 0.285557 0.452970
vt 0.292415 0.454892
vt 0.553732 0.485812
vt 0.553053 0.505968
vt 0.547221 0.506167
vt 0.547512 0.486411
vt 0.552669 0.526175
vt 0.546870 0.526343
vt 0.552173 0.546296
vt 0.546434 0.546241
vt 0.008923 0.365942
vt 0.008377 0.387630
vt 0.002617 0.387639
vt 0.003020 0.365917
vt 0.007697 0.409345
vt 0.002215 0.409316
vt 0.185814 0.379606
vt 0.184073 0.400337
vt 0.178719 0.399511
vt 0.180269 0.378805
vt 0.646928 0.075819
vt 0.645929 0.095620
vt 0.640214 0.095765
vt 0.640984 0.075955
vt 0.014577 0.214828
vt 0.011023 0.234896
vt 0.005520 0.234474
vt 0.008826 0.214165
vt 0.298077 0.342945
vt 0.298154 0.364784
vt 0.292809 0.364770
vt 0.292515 0.342924
vt 0.020557 0.373244
vt 0.021268 0.394845
vt 0.015707 0.395273
vt 0.014815 0.373728
vt 0.292062 0.527141
vt 0.292415 0.547200
vt 0.286674 0.546872
vt 0.286140 0.526788
vt 0.292326 0.567296
vt 0.287164 0.567044
vt 0.551581 0.566340
vt 0.550684 0.586037
vt 0.545592 0.585625
vt 0.545897 0.566128
vt 0.548599 0.604395
vt 0.545241 0.603550
vt 0.006791 0.430896
vt 0.001890 0.430879
vt 0.182284 0.420889
vt 0.177308 0.420203
vt 0.645193 0.115348
vt 0.645456 0.133630
vt 0.641285 0.134251
vt 0.639995 0.115624
vt 0.008009 0.255081
vt 0.003094 0.255018
vt 0.298502 0.386522
vt 0.298932 0.407154
vt 0.294739 0.407094
vt 0.293516 0.386516
vt 0.021683 0.416548
vt 0.016552 0.416836
vt 0.139397 0.959395
vt 0.131910 0.957748
vt 0.981989 0.345019
vt 0.986974 0.344886
vt 0.986974 0.355144
vt 0.981440 0.353974
vt 0.623121 0.162115
vt 0.617021 0.163318
vt 0.756057 0.361026
vt 0.761892 0.358924
vt 0.761483 0.372444
vt 0.756498 0.371690
vt 0.623677 0.173559
vt 0.618048 0.172799
vt 0.762553 0.386907
vt 0.756951 0.386761
vt 0.624943 0.190159
vt 0.619940 0.190683
vt 0.626728 0.208308
vt 0.621581 0.208701
vt 0.616942 0.208506
vt 0.615110 0.191242
vt 0.610885 0.171989
vt 0.627040 0.228673
vt 0.757475 0.421977
vt 0.761950 0.422946
vt 0.760198 0.440377
vt 0.756057 0.439388
vt 0.625913 0.247213
vt 0.758019 0.403294
vt 0.763058 0.403958
vt 0.627102 0.335271
vt 0.632404 0.335004
vt 0.632269 0.355659
vt 0.627384 0.355897
vt 0.625903 0.316795
vt 0.631431 0.316831
vt 0.722670 0.176864
vt 0.727314 0.176548
vt 0.728435 0.194880
vt 0.724544 0.195172
vt 0.632372 0.373876
vt 0.627981 0.374369
vt 0.732658 0.194321
vt 0.733153 0.212719
vt 0.731796 0.176510
vt 0.623872 0.374304
vt 0.624093 0.392550
vt 0.626379 0.265349
vt 0.623037 0.411283
vt 0.657736 0.907432
vt 0.651863 0.907736
vt 0.625116 0.300759
vt 0.629436 0.301268
vt 0.623037 0.287079
vt 0.628925 0.287394
vt 0.772910 0.070659
vt 0.013057 0.455809
vt 0.017326 0.454465
vt 0.019340 0.464440
vt 0.014416 0.463405
vt 0.783783 0.979655
vt 0.789129 0.980133
vt 0.022569 0.454465
vt 0.022316 0.464291
vt 0.971765 0.835822
vt 0.967421 0.835991
vt 0.967421 0.826095
vt 0.972560 0.826597
vt 0.511444 0.291436
vt 0.512676 0.288545
vt 0.726643 0.259540
vt 0.722623 0.258760
vt 0.137593 0.735594
vt 0.136262 0.743574
vt 0.132131 0.743202
vt 0.134044 0.734924
vt 0.504069 0.286778
vt 0.136113 0.754470
vt 0.131536 0.753985
vt 0.494190 0.287550
vt 0.492036 0.282005
vt 0.136546 0.772098
vt 0.130669 0.771988
vt 0.668601 0.733334
vt 0.171323 0.770746
vt 0.172787 0.752963
vt 0.721704 0.268762
vt 0.726173 0.270004
vt 0.176703 0.742008
vt 0.550506 0.309159
vt 0.541671 0.316737
vt 0.880336 0.275969
vt 0.886086 0.273975
vt 0.097070 0.524170
vt 0.085423 0.511522
vt 0.568100 0.807707
vt 0.562798 0.800072
vt 0.235087 0.774695
vt 0.232458 0.777805
vt 0.224126 0.782247
vt 0.221545 0.776647
vt 0.229203 0.779222
vt 0.213056 0.783653
vt 0.218401 0.784756
vt 0.213802 0.786948
vt 0.833866 0.415414
vt 0.831004 0.409655
vt 0.839012 0.415668
vt 0.836760 0.418129
vt 0.846950 0.407398
vt 0.830226 0.408742
vt 0.830129 0.408486
vt 0.825839 0.400072
vt 0.474670 0.164007
vt 0.483406 0.160545
vt 0.475771 0.166727
vt 0.822933 0.387243
vt 0.831992 0.385397
vt 0.825822 0.399706
vt 0.824871 0.396530
vt 0.837129 0.384402
vt 0.821850 0.371921
vt 0.459669 0.167109
vt 0.469219 0.172458
vt 0.461493 0.176886
vt 0.453744 0.174481
vt 0.444895 0.174123
vt 0.821800 0.358924
vt 0.965187 0.479053
vt 0.967576 0.493839
vt 0.960200 0.493066
vt 0.960200 0.478914
vt 0.620989 0.785199
vt 0.620989 0.796643
vt 0.617678 0.793868
vt 0.617940 0.786285
vt 0.653761 0.742683
vt 0.645540 0.756213
vt 0.641884 0.752978
vt 0.634340 0.768719
vt 0.630777 0.766050
vt 0.628268 0.763965
vt 0.624970 0.761556
vt 0.442648 0.771018
vt 0.446326 0.771517
vt 0.447842 0.790959
vt 0.442916 0.789969
vt 0.437335 0.788960
vt 0.437788 0.770595
vt 0.432230 0.788158
vt 0.432900 0.770101
vt 0.442613 0.808928
vt 0.437206 0.807606
vt 0.432230 0.806935
vt 0.178376 0.532981
vt 0.172887 0.531954
vt 0.175693 0.512963
vt 0.180070 0.514268
vt 0.029275 0.875793
vt 0.034667 0.876493
vt 0.035900 0.892888
vt 0.030168 0.892289
vt 0.182664 0.549560
vt 0.177728 0.551402
vt 0.956193 0.020604
vt 0.949956 0.021212
vt 0.948736 0.003180
vt 0.954296 0.004090
vt 0.187983 0.564680
vt 0.181940 0.564344
vt 0.884992 0.556661
vt 0.871727 0.557180
vt 0.874078 0.550793
vt 0.887450 0.552144
vt 0.625870 0.815114
vt 0.625200 0.808078
vt 0.638186 0.803273
vt 0.625287 0.822882
vt 0.877784 0.543969
vt 0.891075 0.546852
vt 0.894832 0.541467
vt 0.190355 0.859488
vt 0.183681 0.860036
vt 0.183841 0.839652
vt 0.943400 0.021172
vt 0.943400 0.001890
vt 0.176710 0.859545
vt 0.624909 0.830695
vt 0.179468 0.577898
vt 0.185734 0.580947
vt 0.179703 0.593912
vt 0.174329 0.590941
vt 0.651429 0.797870
vt 0.175178 0.600983
vt 0.169563 0.600220
vt 0.661217 0.794079
vt 0.886139 0.479941
vt 0.891924 0.480942
vt 0.889847 0.491605
vt 0.884317 0.488524
vt 0.887468 0.465166
vt 0.893515 0.465995
vt 0.884317 0.448918
vt 0.889891 0.447381
vt 0.825536 0.843597
vt 0.825098 0.824639
vt 0.832029 0.824316
vt 0.832839 0.844170
vt 0.832948 0.857566
vt 0.825199 0.857616
vt 0.316858 0.978517
vt 0.316773 0.988398
vt 0.308090 0.988678
vt 0.308090 0.979371
vt 0.833351 0.865402
vt 0.825098 0.867333
vt 0.041950 0.909915
vt 0.035225 0.910001
vt 0.042305 0.893282
vt 0.831566 0.808515
vt 0.039209 0.875538
vt 0.760328 0.925509
vt 0.760328 0.942991
vt 0.754938 0.942804
vt 0.754062 0.923117
vt 0.447696 0.810431
vt 0.452877 0.791935
vt 0.453396 0.812539
vt 0.748788 0.942220
vt 0.746662 0.920612
vt 0.457694 0.792717
vt 0.459048 0.813157
vt 0.914595 0.405978
vt 0.919575 0.406711
vt 0.841438 0.087388
vt 0.837541 0.070267
vt 0.842274 0.068513
vt 0.846426 0.087982
vt 0.838989 0.106377
vt 0.628069 0.790298
vt 0.624909 0.785980
vt 0.637859 0.771339
vt 0.640330 0.775440
vt 0.741365 0.497096
vt 0.736959 0.477311
vt 0.742107 0.479137
vt 0.746494 0.497965
vt 0.455198 0.772156
vt 0.450858 0.771860
vt 0.029275 0.907877
vt 0.167753 0.530547
vt 0.180176 0.495729
vt 0.539710 0.903908
vt 0.539173 0.886252
vt 0.543304 0.886401
vt 0.544573 0.904433
vt 0.185208 0.481190
vt 0.542277 0.871040
vt 0.544573 0.871447
vt 0.208117 0.964078
vt 0.212341 0.963466
vt 0.212341 0.975761
vt 0.208399 0.973595
vt 0.849314 0.958677
vt 0.214703 0.943652
vt 0.218359 0.942310
vt 0.838254 0.942382
vt 0.009590 0.128074
vt 0.005128 0.126887
vt 0.015466 0.116522
vt 0.719049 0.983426
vt 0.709956 0.983426
vt 0.363700 0.963102
vt 0.918447 0.104027
vt 0.926470 0.103850
vt 0.946700 0.134138
vt 0.940998 0.134138
vt 0.941663 0.127437
vt 0.946590 0.128140
vt 0.949232 0.026305
vt 0.948554 0.031393
vt 0.943400 0.032019
vt 0.943400 0.024992
vt 0.696567 0.968579
vt 0.697250 0.963214
vt 0.702465 0.962612
vt 0.702400 0.969059
vt 0.689966 0.964519
vt 0.688699 0.961178
vt 0.696506 0.957323
vt 0.702465 0.954402
vt 0.326525 0.940084
vt 0.321198 0.932430
vt 0.327670 0.930052
vt 0.333069 0.937994
vt 0.955136 0.045561
vt 0.955080 0.035834
vt 0.959297 0.036540
vt 0.960796 0.044746
vt 0.963105 0.050108
vt 0.955080 0.052024
vt 0.809599 0.055892
vt 0.910569 0.103850
vt 0.706643 0.808278
vt 0.707520 0.794901
vt 0.965841 0.441829
vt 0.965384 0.428171
vt 0.972980 0.428842
vt 0.972980 0.442342
vt 0.708866 0.825394
vt 0.709261 0.780122
vt 0.715980 0.781354
vt 0.644549 0.835932
vt 0.628943 0.837978
vt 0.903157 0.572768
vt 0.910451 0.573227
vt 0.679012 0.819965
vt 0.671689 0.808987
vt 0.799859 0.032685
vt 0.801870 0.019908
vt 0.669560 0.801161
vt 0.705887 0.932992
vt 0.838882 0.126642
vt 0.845557 0.127780
vt 0.837541 0.116917
vt 0.169555 0.857035
vt 0.208255 0.958765
vt 0.195349 0.959364
vt 0.316132 0.974737
vt 0.308090 0.974310
vt 0.075082 0.796359
vt 0.072198 0.809952
vt 0.955032 0.100051
vt 0.955032 0.088996
vt 0.958972 0.088732
vt 0.959139 0.094677
vt 0.961762 0.510884
vt 0.962405 0.518152
vt 0.169315 0.489638
vt 0.164397 0.487208
vt 0.751012 0.383780
vt 0.745393 0.383551
vt 0.162261 0.506685
vt 0.157813 0.503349
vt 0.750487 0.401194
vt 0.744935 0.400873
vt 0.154554 0.523537
vt 0.149387 0.521117
vt 0.747938 0.420789
vt 0.742611 0.420212
vt 0.146207 0.542260
vt 0.141535 0.540010
vt 0.745757 0.441259
vt 0.740543 0.441082
vt 0.001968 0.664531
vt 0.010067 0.664723
vt 0.001890 0.646696
vt 0.012709 0.649701
vt 0.002140 0.628706
vt 0.008275 0.630010
vt 0.003913 0.616308
vt 0.007337 0.616349
vt 0.169555 0.801702
vt 0.174883 0.803828
vt 0.740543 0.375733
vt 0.741320 0.384206
vt 0.983710 0.699409
vt 0.977551 0.698567
vt 0.977551 0.688328
vt 0.982818 0.689768
vt 0.857161 0.203510
vt 0.856167 0.195957
vt 0.864820 0.195957
vt 0.860146 0.204619
vt 0.852709 0.359212
vt 0.856998 0.358924
vt 0.856284 0.378874
vt 0.851061 0.378601
vt 0.630821 0.181248
vt 0.636089 0.180828
vt 0.635897 0.194578
vt 0.631277 0.194552
vt 0.856313 0.392192
vt 0.851655 0.392159
vt 0.630821 0.161273
vt 0.635073 0.160204
vt 0.860749 0.392316
vt 0.850730 0.400187
vt 0.924831 0.480297
vt 0.930746 0.478914
vt 0.353207 0.573263
vt 0.357059 0.576479
vt 0.962759 0.329720
vt 0.042305 0.938783
vt 0.705572 0.776980
vt 0.967830 0.556769
vt 0.961939 0.555765
vt 0.963007 0.548322
vt 0.968122 0.549366
vt 0.938442 0.764904
vt 0.935227 0.760740
vt 0.938087 0.757533
vt 0.941878 0.759937
vt 0.968122 0.563013
vt 0.962024 0.562578
vt 0.972570 0.607586
vt 0.966630 0.607505
vt 0.966121 0.601456
vt 0.971859 0.600482
vt 0.810349 0.974669
vt 0.804125 0.974441
vt 0.804125 0.968513
vt 0.971974 0.614636
vt 0.966121 0.614108
vt 0.988615 0.725766
vt 0.992910 0.726253
vt 0.992910 0.731426
vt 0.988683 0.730679
vt 0.989551 0.083017
vt 0.989551 0.088263
vt 0.984769 0.088656
vt 0.985283 0.083560
vt 0.850730 0.407630
vt 0.857088 0.414129
vt 0.851671 0.413763
vt 0.333628 0.972967
vt 0.341241 0.974242
vt 0.342043 0.983694
vt 0.333628 0.980409
vt 0.005841 0.962271
vt 0.012916 0.961312
vt 0.967626 0.185933
vt 0.974779 0.185494
vt 0.804574 0.962639
vt 0.946964 0.982265
vt 0.937544 0.980679
vt 0.429290 0.905985
vt 0.424302 0.907319
vt 0.424302 0.891760
vt 0.438624 0.890710
vt 0.982720 0.736308
vt 0.979377 0.734466
vt 0.683908 0.260370
vt 0.689068 0.263012
vt 0.983091 0.530560
vt 0.987726 0.530740
vt 0.262271 0.974356
vt 0.175784 0.605750
vt 0.172157 0.609577
vt 0.914299 0.003987
vt 0.921295 0.001890
vt 0.283815 0.759776
vt 0.283815 0.744474
vt 0.732388 0.412861
vt 0.726715 0.412765
vt 0.732439 0.397532
vt 0.931388 0.757442
vt 0.931447 0.772120
vt 0.925444 0.772502
vt 0.923719 0.757104
vt 0.924144 0.743836
vt 0.931447 0.744286
vt 0.285087 0.730274
vt 0.290261 0.729609
vt 0.732696 0.383373
vt 0.287098 0.717847
vt 0.290666 0.717500
vt 0.982170 0.611636
vt 0.976351 0.611969
vt 0.976651 0.601770
vt 0.982170 0.600482
vt 0.348458 0.940797
vt 0.348458 0.928289
vt 0.356938 0.928584
vt 0.389690 0.312461
vt 0.395529 0.312141
vt 0.316553 0.815593
vt 0.305660 0.815976
vt 0.309169 0.803150
vt 0.316846 0.802028
vt 0.294297 0.728783
vt 0.435189 0.300024
vt 0.441212 0.278050
vt 0.446232 0.278581
vt 0.434139 0.282995
vt 0.436600 0.273975
vt 0.317418 0.789618
vt 0.302233 0.803570
vt 0.467541 0.327617
vt 0.466191 0.325392
vt 0.969822 0.530560
vt 0.967044 0.543142
vt 0.203323 0.856607
vt 0.198947 0.857248
vt 0.198310 0.837939
vt 0.208512 0.861106
vt 0.200903 0.869286
vt 0.198309 0.866975
vt 0.428985 0.850953
vt 0.426485 0.860547
vt 0.424302 0.858483
vt 0.508072 0.907510
vt 0.505535 0.908547
vt 0.508859 0.893598
vt 0.510700 0.906498
vt 0.428303 0.862608
vt 0.501254 0.910503
vt 0.498644 0.895705
vt 0.431274 0.866100
vt 0.761083 0.784823
vt 0.762822 0.809086
vt 0.755100 0.806613
vt 0.746662 0.807427
vt 0.905647 0.204577
vt 0.897135 0.203138
vt 0.756569 0.820554
vt 0.749446 0.823650
vt 0.050893 0.568303
vt 0.044441 0.544404
vt 0.414498 0.587380
vt 0.416172 0.610912
vt 0.409250 0.610464
vt 0.409289 0.588262
vt 0.409357 0.564444
vt 0.400688 0.565331
vt 0.396779 0.539805
vt 0.405520 0.538192
vt 0.036253 0.519015
vt 0.402390 0.589017
vt 0.815483 0.138555
vt 0.822303 0.138031
vt 0.823816 0.160514
vt 0.814601 0.160399
vt 0.401394 0.609271
vt 0.672980 0.494200
vt 0.672660 0.514368
vt 0.665741 0.514257
vt 0.666752 0.494955
vt 0.658174 0.514935
vt 0.659638 0.494656
vt 0.673297 0.533602
vt 0.666569 0.533880
vt 0.659413 0.535025
vt 0.811869 0.400360
vt 0.812196 0.380312
vt 0.957907 0.708524
vt 0.965295 0.708524
vt 0.965170 0.723667
vt 0.959420 0.724041
vt 0.395869 0.627670
vt 0.404740 0.629862
vt 0.396361 0.643926
vt 0.389690 0.641919
vt 0.619690 0.938573
vt 0.612865 0.939033
vt 0.610675 0.916386
vt 0.621039 0.916386
vt 0.660233 0.471314
vt 0.670571 0.472283
vt 0.818020 0.361480
vt 0.811638 0.358924
vt 0.921680 0.342471
vt 0.912268 0.347020
vt 0.912268 0.319256
vt 0.920677 0.315934
vt 0.667526 0.447381
vt 0.677164 0.448731
vt 0.814601 0.185208
vt 0.391898 0.520577
vt 0.401956 0.519615
vt 0.029694 0.501190
vt 0.042510 0.499386
vt 0.052255 0.800842
vt 0.051734 0.813482
vt 0.041067 0.781772
vt 0.053468 0.783885
vt 0.059412 0.499115
vt 0.940523 0.644195
vt 0.953778 0.643962
vt 0.947936 0.660378
vt 0.940523 0.661831
vt 0.029694 0.779559
vt 0.029694 0.758419
vt 0.220958 0.661736
vt 0.222382 0.682644
vt 0.211416 0.682682
vt 0.208448 0.661234
vt 0.031925 0.744373
vt 0.202429 0.685898
vt 0.198309 0.666210
vt 0.123468 0.672230
vt 0.112977 0.672659
vt 0.114735 0.693128
vt 0.114836 0.710856
vt 0.105373 0.707707
vt 0.206287 0.703064
vt 0.102751 0.717637
vt 0.088105 0.702898
vt 0.091447 0.698756
vt 0.667587 0.256590
vt 0.661700 0.241474
vt 0.675321 0.247139
vt 0.112298 0.724859
vt 0.107475 0.735630
vt 0.098996 0.727580
vt 0.209297 0.717005
vt 0.221960 0.725958
vt 0.212886 0.727753
vt 0.085137 0.712624
vt 0.389690 0.507833
vt 0.398969 0.508098
vt 0.657736 0.939174
vt 0.644258 0.939174
vt 0.816774 0.204063
vt 0.660836 0.207875
vt 0.688472 0.216911
vt 0.086696 0.671087
vt 0.656964 0.219464
vt 0.459048 0.870430
vt 0.452224 0.870508
vt 0.491567 0.630169
vt 0.936940 0.057758
vt 0.931692 0.058222
vt 0.932667 0.038430
vt 0.936940 0.035834
vt 0.729364 0.338354
vt 0.734764 0.337514
vt 0.727387 0.323991
vt 0.733291 0.322902
vt 0.658379 0.413268
vt 0.653653 0.411455
vt 0.653617 0.399064
vt 0.658818 0.398934
vt 0.725537 0.313408
vt 0.732058 0.311442
vt 0.891682 0.854219
vt 0.885420 0.853672
vt 0.886346 0.846158
vt 0.893334 0.844975
vt 0.288688 0.919316
vt 0.284189 0.927558
vt 0.724699 0.306480
vt 0.729953 0.304104
vt 0.728238 0.298812
vt 0.732882 0.294977
vt 0.734582 0.301831
vt 0.736108 0.309833
vt 0.723889 0.301766
vt 0.730752 0.942483
vt 0.724127 0.941941
vt 0.723782 0.932622
vt 0.730512 0.935912
vt 0.737662 0.938021
vt 0.738293 0.943638
vt 0.857534 0.911560
vt 0.848738 0.909645
vt 0.722336 0.293781
vt 0.918752 0.703238
vt 0.925550 0.705438
vt 0.910146 0.699458
vt 0.126600 0.953033
vt 0.126507 0.958782
vt 0.018295 0.862211
vt 0.024640 0.862661
vt 0.677164 0.559364
vt 0.676778 0.565059
vt 0.674851 0.548937
vt 0.703009 0.220392
vt 0.702685 0.230441
vt 0.691097 0.205727
vt 0.697454 0.204567
vt 0.703009 0.204479
vt 0.505749 0.843402
vt 0.510571 0.841814
vt 0.512208 0.858063
vt 0.508119 0.859331
vt 0.500487 0.844479
vt 0.498644 0.829599
vt 0.504652 0.828788
vt 0.508784 0.828903
vt 0.498736 0.817027
vt 0.506248 0.818846
vt 0.513228 0.820933
vt 0.931089 0.333989
vt 0.934992 0.340239
vt 0.930298 0.342943
vt 0.926856 0.334541
vt 0.925461 0.324232
vt 0.931684 0.325733
vt 0.702496 0.172707
vt 0.699624 0.177618
vt 0.345162 0.740201
vt 0.349427 0.747159
vt 0.696940 0.189979
vt 0.423097 0.652799
vt 0.428037 0.652234
vt 0.428208 0.662975
vt 0.424763 0.664571
vt 0.513228 0.870334
vt 0.509864 0.869195
vt 0.922317 0.894058
vt 0.918765 0.894198
vt 0.659434 0.194185
vt 0.491567 0.707322
vt 0.775700 0.438558
vt 0.772446 0.439130
vt 0.009804 0.275651
vt 0.008894 0.451352
vt 0.006063 0.464513
vt 0.022158 0.114864
vt 0.904017 0.667639
vt 0.903323 0.687940
vt 0.215826 0.867257
vt 0.445379 0.816938
vt 0.458203 0.818267
vt 0.662071 0.165866
vt 0.234740 0.843421
vt 0.238034 0.825979
vt 0.665173 0.145797
vt 0.770113 0.238213
vt 0.776403 0.237477
vt 0.769566 0.224142
vt 0.776403 0.223255
vt 0.202978 0.618530
vt 0.208525 0.622998
vt 0.617545 0.747584
vt 0.617545 0.728364
vt 0.619387 0.728809
vt 0.620553 0.747098
vt 0.711422 0.744919
vt 0.695216 0.750289
vt 0.720424 0.730654
vt 0.716255 0.749611
vt 0.688699 0.913845
vt 0.691125 0.904168
vt 0.254874 0.616465
vt 0.845311 0.605066
vt 0.854900 0.598014
vt 0.695297 0.895689
vt 0.704896 0.896241
vt 0.861078 0.591004
vt 0.517571 0.833584
vt 0.519317 0.822106
vt 0.528112 0.821894
vt 0.526239 0.836122
vt 0.713795 0.895689
vt 0.533836 0.822347
vt 0.532666 0.838180
vt 0.369304 0.936629
vt 0.376266 0.946687
vt 0.367866 0.946672
vt 0.428102 0.962966
vt 0.438229 0.962966
vt 0.437750 0.975691
vt 0.430396 0.975949
vt 0.367866 0.929709
vt 0.821833 0.882876
vt 0.534808 0.851915
vt 0.531070 0.862167
vt 0.337469 0.893598
vt 0.343576 0.893345
vt 0.342661 0.904668
vt 0.341303 0.914568
vt 0.044284 0.667003
vt 0.344678 0.924838
vt 0.339662 0.926272
vt 0.289791 0.961347
vt 0.291265 0.974786
vt 0.284593 0.974786
vt 0.285507 0.961144
vt 0.049298 0.711065
vt 0.752502 0.053907
vt 0.751651 0.049761
vt 0.763386 0.055090
vt 0.750338 0.043858
vt 0.069907 0.936291
vt 0.076669 0.937743
vt 0.794343 0.066909
vt 0.316285 0.762233
vt 0.022988 0.081684
vt 0.023866 0.095002
vt 0.022775 0.068171
vt 0.798124 0.086664
vt 0.013032 0.057250
vt 0.021515 0.056713
vt 0.062293 0.737610
vt 0.051660 0.735123
vt 0.065662 0.729381
vt 0.961086 0.156652
vt 0.966548 0.156994
vt 0.966980 0.164242
vt 0.961086 0.168435
vt 0.051297 0.939122
vt 0.934992 0.319133
vt 0.927968 0.315934
vt 0.329420 0.758057
vt 0.326006 0.889565
vt 0.335063 0.886688
vt 0.344667 0.882831
vt 0.688699 0.740932
vt 0.234504 0.925274
vt 0.233800 0.938530
vt 0.218304 0.938530
vt 0.214703 0.914202
vt 0.625085 0.872745
vt 0.647493 0.891827
vt 0.165775 0.814907
vt 0.389020 0.912548
vt 0.434280 0.925760
vt 0.434328 0.938030
vt 0.424302 0.938030
vt 0.429746 0.914652
vt 0.723782 0.832279
vt 0.729549 0.828122
vt 0.624909 0.864117
vt 0.418154 0.975876
vt 0.417609 0.962966
vt 0.424322 0.964414
vt 0.424322 0.976122
vt 0.138366 0.963325
vt 0.139183 0.975401
vt 0.131910 0.976001
vt 0.131910 0.963175
vt 0.029694 0.643309
vt 0.033938 0.640822
vt 0.653106 0.274872
vt 0.660295 0.274131
vt 0.660111 0.286328
vt 0.653108 0.286418
vt 0.646059 0.286269
vt 0.646144 0.273975
vt 0.459552 0.927428
vt 0.452794 0.925564
vt 0.453348 0.918488
vt 0.461139 0.922779
vt 0.451594 0.937130
vt 0.444960 0.938758
vt 0.446685 0.925951
vt 0.444960 0.913691
vt 0.651486 0.303553
vt 0.645299 0.303054
vt 0.680945 0.563158
vt 0.682422 0.546206
vt 0.689392 0.546095
vt 0.687701 0.562549
vt 0.682647 0.521768
vt 0.689897 0.521511
vt 0.216943 0.308656
vt 0.221605 0.332715
vt 0.214730 0.333888
vt 0.209491 0.310314
vt 0.215076 0.292321
vt 0.208108 0.334948
vt 0.202570 0.312803
vt 0.276735 0.496139
vt 0.278198 0.518722
vt 0.270625 0.518354
vt 0.278583 0.546098
vt 0.271772 0.546178
vt 0.702065 0.360154
vt 0.701681 0.331867
vt 0.707992 0.332037
vt 0.708157 0.360635
vt 0.707709 0.381775
vt 0.701681 0.381639
vt 0.714710 0.331382
vt 0.716009 0.360219
vt 0.716831 0.382768
vt 0.708967 0.309044
vt 0.715093 0.308761
vt 0.590489 0.084415
vt 0.583769 0.083720
vt 0.573899 0.104967
vt 0.577762 0.082671
vt 0.583362 0.053833
vt 0.656122 0.327267
vt 0.654449 0.356568
vt 0.647999 0.356353
vt 0.648666 0.327394
vt 0.658200 0.303648
vt 0.590891 0.031485
vt 0.781838 0.133488
vt 0.782914 0.107870
vt 0.789415 0.107781
vt 0.789050 0.132561
vt 0.642927 0.327301
vt 0.781838 0.088115
vt 0.787230 0.086927
vt 0.683638 0.493258
vt 0.682698 0.469529
vt 0.690800 0.469627
vt 0.690479 0.493661
vt 0.226084 0.360307
vt 0.229249 0.384454
vt 0.222618 0.384981
vt 0.219243 0.361251
vt 0.216666 0.385885
vt 0.212968 0.362445
vt 0.220609 0.404699
vt 0.278288 0.569303
vt 0.276720 0.588361
vt 0.270823 0.587378
vt 0.271624 0.569250
vt 0.702453 0.308656
vt 0.704434 0.290687
vt 0.710408 0.292026
vt 0.702650 0.273975
vt 0.706436 0.274976
vt 0.710967 0.274688
vt 0.716174 0.292673
vt 0.201306 0.910807
vt 0.198309 0.908378
vt 0.795744 0.532257
vt 0.795951 0.548173
vt 0.792008 0.547023
vt 0.791858 0.530435
vt 0.795567 0.559501
vt 0.791858 0.559992
vt 0.596671 0.153199
vt 0.607105 0.162128
vt 0.210923 0.884571
vt 0.208566 0.877402
vt 0.970568 0.852814
vt 0.970491 0.845241
vt 0.974689 0.845310
vt 0.974563 0.851301
vt 0.202093 0.875008
vt 0.205706 0.873066
vt 0.970491 0.839781
vt 0.975562 0.840293
vt 0.675570 0.934359
vt 0.672093 0.933327
vt 0.270202 0.603636
vt 0.273367 0.604733
vt 0.281105 0.590855
vt 0.276726 0.607682
vt 0.667537 0.933089
vt 0.666039 0.916977
vt 0.666511 0.907029
vt 0.207744 0.436462
vt 0.661746 0.916841
vt 0.661915 0.906314
vt 0.198309 0.879571
vt 0.982150 0.002469
vt 0.986527 0.001890
vt 0.680945 0.454833
vt 0.690422 0.447381
vt 0.952848 0.632886
vt 0.952590 0.621312
vt 0.958522 0.620410
vt 0.958522 0.638065
vt 0.165775 0.858949
vt 0.688699 0.705045
vt 0.519733 0.811751
vt 0.526399 0.811487
vt 0.466191 0.883391
vt 0.468807 0.877458
vt 0.471624 0.874460
vt 0.476985 0.876032
vt 0.484570 0.879817
vt 0.712139 0.691895
vt 0.374491 0.275776
vt 0.379240 0.273975
vt 0.381160 0.282524
vt 0.376150 0.282187
vt 0.961724 0.354442
vt 0.967004 0.355144
vt 0.385909 0.283428
vt 0.385303 0.301402
vt 0.380652 0.300019
vt 0.376346 0.297910
vt 0.088928 0.739410
vt 0.093744 0.739779
vt 0.093010 0.759736
vt 0.087820 0.758359
vt 0.376607 0.319305
vt 0.371799 0.317014
vt 0.571994 0.146733
vt 0.576731 0.144795
vt 0.373392 0.339313
vt 0.366046 0.338009
vt 0.557700 0.131756
vt 0.564818 0.127105
vt 0.548671 0.116819
vt 0.558893 0.116611
vt 0.085723 0.776580
vt 0.092076 0.776327
vt 0.264675 0.942366
vt 0.264675 0.959656
vt 0.258532 0.958117
vt 0.255191 0.942562
vt 0.100091 0.779198
vt 0.098430 0.762685
vt 0.098802 0.741700
vt 0.938706 0.591092
vt 0.938706 0.572768
vt 0.944023 0.574639
vt 0.943938 0.593022
vt 0.238641 0.420739
vt 0.911316 0.511274
vt 0.916545 0.512674
vt 0.916545 0.529938
vt 0.905966 0.510884
vt 0.240942 0.389438
vt 0.159093 0.644539
vt 0.153927 0.646043
vt 0.155545 0.658835
vt 0.149536 0.647058
vt 0.155510 0.668393
vt 0.162390 0.680237
vt 0.155967 0.679706
vt 0.309122 0.956233
vt 0.300311 0.957392
vt 0.160133 0.696972
vt 0.155568 0.695921
vt 0.012598 0.908250
vt 0.014515 0.921859
vt 0.008682 0.922090
vt 0.004184 0.909378
vt 0.152743 0.709946
vt 0.012542 0.934042
vt 0.008431 0.934892
vt 0.152212 0.718534
vt 0.576166 0.988699
vt 0.568333 0.988787
vt 0.967329 0.142937
vt 0.961086 0.142468
vt 0.961333 0.138042
vt 0.967329 0.138031
vt 0.304042 0.374987
vt 0.311682 0.372503
vt 0.214703 0.910421
vt 0.214850 0.902390
vt 0.321608 0.363848
vt 0.324127 0.369861
vt 0.214703 0.890604
vt 0.219820 0.890111
vt 0.217939 0.873066
vt 0.222389 0.875192
vt 0.967421 0.822315
vt 0.967421 0.808515
vt 0.973124 0.809716
vt 0.972516 0.822002
vt 0.224308 0.889589
vt 0.956877 0.680151
vt 0.957183 0.666496
vt 0.018295 0.933534
vt 0.022728 0.933078
vt 0.318999 0.358827
vt 0.333549 0.351918
vt 0.798630 0.639756
vt 0.792894 0.641203
vt 0.800433 0.651076
vt 0.796692 0.651844
vt 0.788052 0.643571
vt 0.164707 0.698377
vt 0.929300 0.803598
vt 0.923719 0.803383
vt 0.923899 0.787816
vt 0.928349 0.787323
vt 0.932946 0.787942
vt 0.934847 0.804342
vt 0.927546 0.208429
vt 0.928407 0.218870
vt 0.355130 0.345862
vt 0.796884 0.613723
vt 0.496882 0.734575
vt 0.496882 0.722138
vt 0.505517 0.723283
vt 0.504837 0.734428
vt 0.837600 0.909454
vt 0.845183 0.906340
vt 0.841715 0.911878
vt 0.403041 0.967964
vt 0.400058 0.967669
vt 0.720611 0.284092
vt 0.492459 0.916270
vt 0.490653 0.928657
vt 0.488622 0.927656
vt 0.488622 0.911080
vt 0.434328 0.956691
vt 0.510568 0.792906
vt 0.510650 0.784625
vt 0.513758 0.787976
vt 0.513758 0.796085
vt 0.582398 0.461949
vt 0.581593 0.483347
vt 0.575938 0.482847
vt 0.581512 0.448265
vt 0.131418 0.535226
vt 0.136850 0.534864
vt 0.131242 0.512418
vt 0.137026 0.512022
vt 0.384241 0.496938
vt 0.379333 0.497368
vt 0.376657 0.474624
vt 0.382117 0.474048
vt 0.373814 0.451685
vt 0.379286 0.451106
vt 0.373168 0.498196
vt 0.369875 0.475640
vt 0.366275 0.452574
vt 0.364004 0.429472
vt 0.373046 0.429312
vt 0.568720 0.355599
vt 0.570570 0.332364
vt 0.576846 0.332874
vt 0.575429 0.356189
vt 0.574716 0.379511
vt 0.566221 0.378542
vt 0.573649 0.401066
vt 0.564873 0.400700
vt 0.582230 0.355978
vt 0.583245 0.378869
vt 0.582654 0.401313
vt 0.579904 0.420777
vt 0.572954 0.421228
vt 0.590844 0.377236
vt 0.590844 0.402498
vt 0.585135 0.422126
vt 0.541461 0.476509
vt 0.541461 0.501887
vt 0.537033 0.501181
vt 0.537434 0.477133
vt 0.545288 0.953999
vt 0.540387 0.953890
vt 0.539173 0.936741
vt 0.545288 0.935527
vt 0.527549 0.499929
vt 0.527391 0.478564
vt 0.525218 0.459335
vt 0.533671 0.457594
vt 0.518370 0.499938
vt 0.517571 0.478973
vt 0.517727 0.460196
vt 0.567133 0.572421
vt 0.569189 0.551637
vt 0.578032 0.552499
vt 0.576102 0.574059
vt 0.564873 0.591038
vt 0.585689 0.551866
vt 0.584066 0.576175
vt 0.374505 0.404738
vt 0.378156 0.428843
vt 0.369816 0.404250
vt 0.521642 0.911496
vt 0.517571 0.910637
vt 0.361046 0.407405
vt 0.355962 0.386030
vt 0.364247 0.379864
vt 0.578393 0.529289
vt 0.584189 0.529687
vt 0.571458 0.528729
vt 0.573794 0.505469
vt 0.580058 0.506139
vt 0.137080 0.488813
vt 0.131191 0.489370
vt 0.564873 0.528205
vt 0.567662 0.505069
vt 0.570229 0.482483
vt 0.526535 0.569114
vt 0.525892 0.546290
vt 0.532646 0.546179
vt 0.532565 0.569047
vt 0.537801 0.546249
vt 0.537310 0.569102
vt 0.251341 0.500871
vt 0.251426 0.478085
vt 0.257343 0.478241
vt 0.256951 0.500902
vt 0.583956 0.310250
vt 0.582984 0.332989
vt 0.578330 0.310201
vt 0.584396 0.288526
vt 0.572572 0.309705
vt 0.251220 0.455605
vt 0.257343 0.455316
vt 0.587923 0.355342
vt 0.537921 0.523665
vt 0.533035 0.523351
vt 0.525851 0.522938
vt 0.519494 0.523068
vt 0.349945 0.389452
vt 0.352224 0.409580
vt 0.573254 0.433981
vt 0.776587 0.661879
vt 0.781735 0.661879
vt 0.582789 0.274324
vt 0.971252 0.856595
vt 0.975196 0.857382
vt 0.635237 0.973200
vt 0.635679 0.965858
vt 0.004184 0.933659
vt 0.004920 0.921610
vt 0.980116 0.115790
vt 0.972200 0.115622
vt 0.966798 0.758651
vt 0.960053 0.758966
vt 0.983286 0.756831
vt 0.978682 0.754699
vt 0.575028 0.443600
vt 0.523328 0.447294
vt 0.533324 0.446851
vt 0.897295 0.459797
vt 0.126480 0.808987
vt 0.124101 0.813281
vt 0.914299 0.059184
vt 0.917119 0.047316
vt 0.921140 0.061190
vt 0.886616 0.188792
vt 0.876350 0.188993
vt 0.897295 0.447381
vt 0.987124 0.858732
vt 0.987244 0.863542
vt 0.983777 0.854600
vt 0.987244 0.854132
vt 0.927279 0.776282
vt 0.923719 0.776556
vt 0.927912 0.064423
vt 0.951632 0.478914
vt 0.956285 0.486958
vt 0.956420 0.496129
vt 0.951632 0.496927
vt 0.685700 0.273975
vt 0.690614 0.274043
vt 0.639182 0.913736
vt 0.817709 0.087399
vt 0.165775 0.796257
vt 0.024575 0.100466
vt 0.036752 0.849676
vt 0.038751 0.848645
vt 0.235854 0.987560
vt 0.228377 0.985056
vt 0.228511 0.980224
vt 0.235854 0.979953
vt 0.193786 0.485949
vt 0.192714 0.478534
vt 0.194529 0.484094
vt 0.194529 0.474894
vt 0.154971 0.959425
vt 0.513758 0.799865
vt 0.513758 0.810059
vt 0.510675 0.808779
vt 0.986764 0.786621
vt 0.980030 0.782355
vt 0.982089 0.779032
vt 0.986764 0.776282
vt 0.837834 0.264285
vt 0.824136 0.270046
vt 0.675027 0.138031
vt 0.983760 0.676776
vt 0.977167 0.676776
vt 0.978858 0.665701
vt 0.982648 0.669120
vt 0.953602 0.903080
vt 0.959492 0.900552
vt 0.958709 0.905177
vt 0.954907 0.907832
vt 0.959492 0.917812
vt 0.952907 0.916418
vt 0.349427 0.779053
vt 0.346486 0.780230
vt 0.346486 0.771670
vt 0.992760 0.178454
vt 0.986987 0.179358
vt 0.986987 0.172237
vt 0.877053 0.947286
vt 0.915626 0.354917
vt 0.912268 0.354917
vt 0.914895 0.350801
vt 0.363745 0.937554
vt 0.434790 0.988934
vt 0.428421 0.984533
vt 0.428102 0.979729
vt 0.434790 0.980168
vt 0.301462 0.824878
vt 0.308834 0.828292
vt 0.883861 0.517861
vt 0.882844 0.521961
vt 0.313127 0.954996
vt 0.312902 0.945508
vt 0.315343 0.948623
vt 0.317329 0.953083
vt 0.317268 0.944860
vt 0.317329 0.938369
vt 0.192162 0.489730
vt 0.194529 0.492640
vt 0.192162 0.496190
vt 0.016175 0.663351
vt 0.184655 0.839752
vt 0.633056 0.145038
vt 0.988298 0.261866
vt 0.993521 0.260696
vt 0.993521 0.267211
vt 0.716393 0.857739
vt 0.719448 0.864044
vt 0.716393 0.866528
vt 0.487966 0.979880
vt 0.492471 0.988079
vt 0.485967 0.988079
vt 0.865999 0.255545
vt 0.871798 0.258096
vt 0.876209 0.259071
vt 0.409337 0.677136
vt 0.425965 0.678556
vt 0.715333 0.236983
vt 0.708905 0.244398
vt 0.396307 0.987276
vt 0.400818 0.986941
vt 0.400818 0.993550
vt 0.394249 0.990702
vt 0.799753 0.987305
vt 0.795754 0.987980
vt 0.795754 0.979252
vt 0.800342 0.980869
vt 0.843041 0.739966
vt 0.843041 0.732468
vt 0.974614 0.365712
vt 0.977599 0.358924
vt 0.977599 0.370892
vt 0.972141 0.365226
vt 0.193048 0.501211
vt 0.193198 0.500762
vt 0.193694 0.501190
vt 0.193186 0.501706
vt 0.192815 0.501909
vt 0.192797 0.501236
vt 0.192781 0.500626
vt 0.192764 0.499970
vt 0.193385 0.500393
vt 0.193965 0.500788
vt 0.194529 0.501172
vt 0.193982 0.501671
vt 0.193292 0.502302
vt 0.998110 0.001890
vt 0.997836 0.002522
vt 0.997399 0.002496
vt 0.997301 0.001890
vt 0.192764 0.502868
vt 0.997747 0.040164
vt 0.997301 0.040164
vt 0.997413 0.039879
vt 0.193616 0.512510
vt 0.193580 0.512261
vt 0.193955 0.512346
vt 0.193955 0.512679
vt 0.193450 0.512655
vt 0.193279 0.512369
vt 0.193955 0.512968
vt 0.193355 0.512942
vt 0.193955 0.513263
vt 0.193955 0.513562
vt 0.193466 0.513260
vt 0.192976 0.513078
vt 0.192764 0.512770
vt 0.193089 0.512555
vt 0.193169 0.513359
vt 0.997580 0.043944
vt 0.997716 0.044173
vt 0.997301 0.044173
vt 0.997361 0.044048
vt 0.997510 0.028060
vt 0.997582 0.027582
vt 0.997921 0.027582
vt 0.997788 0.027987
vt 0.997301 0.027961
vt 0.997360 0.027582
vt 0.997855 0.011060
vt 0.997724 0.011337
vt 0.998076 0.011222
vt 0.997775 0.011037
vt 0.192956 0.512309
vt 0.193230 0.512249
vt 0.193652 0.512113
vt 0.297962 0.508129
vt 0.297699 0.508111
vt 0.297809 0.507747
vt 0.298012 0.507692
vt 0.297242 0.508125
vt 0.297312 0.507800
vt 0.297500 0.507170
vt 0.297852 0.507237
vt 0.297956 0.507389
vt 0.297878 0.506701
vt 0.298031 0.506783
vt 0.193955 0.512098
vt 0.297660 0.506585
vt 0.297046 0.507233
vt 0.297500 0.506499
vt 0.296765 0.507846
vt 0.192764 0.518498
vt 0.192803 0.518064
vt 0.193193 0.518297
vt 0.193091 0.518593
vt 0.297696 0.508573
vt 0.297341 0.508577
vt 0.297730 0.509191
vt 0.297407 0.509177
vt 0.297988 0.508491
vt 0.298031 0.509120
vt 0.997301 0.010689
vt 0.997301 0.011168
vt 0.997592 0.011388
vt 0.997301 0.011442
vt 0.297786 0.513223
vt 0.298003 0.513304
vt 0.297731 0.512971
vt 0.297731 0.513379
vt 0.298003 0.513727
vt 0.297731 0.513821
vt 0.298031 0.514169
vt 0.297731 0.514319
vt 0.192764 0.517365
vt 0.192925 0.517343
vt 0.997864 0.023679
vt 0.997301 0.023802
vt 0.997335 0.023421
vt 0.997934 0.023421
vt 0.997319 0.006302
vt 0.997581 0.006302
vt 0.997582 0.006474
vt 0.997314 0.006459
vt 0.997336 0.031840
vt 0.997490 0.031840
vt 0.997465 0.032098
vt 0.997301 0.032102
vt 0.997407 0.087040
vt 0.997314 0.087085
vt 0.997301 0.087040
vt 0.193411 0.506648
vt 0.193409 0.506903
vt 0.193237 0.506935
vt 0.193057 0.506781
vt 0.192943 0.507097
vt 0.192764 0.506891
vt 0.193406 0.507224
vt 0.193310 0.507167
vt 0.193107 0.507252
vt 0.192967 0.507409
vt 0.192785 0.507242
vt 0.193407 0.507286
vt 0.193271 0.507441
vt 0.193148 0.507581
vt 0.193026 0.507729
vt 0.192846 0.507557
vt 0.193411 0.507591
vt 0.193306 0.507758
vt 0.193204 0.507904
vt 0.193091 0.508048
vt 0.192912 0.507883
vt 0.997659 0.048142
vt 0.997488 0.048195
vt 0.997532 0.047957
vt 0.997684 0.047953
vt 0.193316 0.508086
vt 0.193264 0.508236
vt 0.193139 0.508318
vt 0.192987 0.508201
vt 0.997787 0.032059
vt 0.997626 0.032085
vt 0.997659 0.031840
vt 0.997827 0.031840
vt 0.997530 0.079431
vt 0.997308 0.079413
vt 0.997301 0.079322
vt 0.997530 0.079272
vt 0.997305 0.006903
vt 0.997301 0.006804
vt 0.997561 0.006813
vt 0.997519 0.006909
vt 0.997630 0.059778
vt 0.997543 0.059842
vt 0.997301 0.059842
vt 0.997483 0.059758
vt 0.997781 0.006763
vt 0.997575 0.006646
vt 0.997834 0.006637
vt 0.997650 0.055924
vt 0.997518 0.055978
vt 0.997301 0.055921
vt 0.997521 0.055921
vt 0.192957 0.508003
vt 0.998034 0.006562
vt 0.997850 0.006473
vt 0.998100 0.006450
vt 0.997625 0.067723
vt 0.997465 0.067723
vt 0.997301 0.067720
vt 0.997502 0.067667
vt 0.192840 0.507675
vt 0.997407 0.075390
vt 0.997587 0.075390
vt 0.997500 0.075492
vt 0.997301 0.075441
vt 0.997301 0.071503
vt 0.997421 0.071503
vt 0.997614 0.071520
vt 0.997399 0.071610
vt 0.192764 0.507356
vt 0.997619 0.063886
vt 0.997301 0.063886
vt 0.997402 0.063622
vt 0.997557 0.063671
vt 0.998107 0.006302
vt 0.997849 0.006302
vt 0.997307 0.006632
vt 0.997301 0.048255
vt 0.997379 0.047953
vt 0.997450 0.083260
vt 0.997301 0.083260
vt 0.997405 0.083211
vt 0.997513 0.052141
vt 0.997301 0.052035
vt 0.997532 0.052055
vt 0.997674 0.052035
vt 0.297026 0.518276
vt 0.297156 0.518240
vt 0.297544 0.518856
vt 0.297472 0.518895
vt 0.297797 0.518107
vt 0.298031 0.518126
vt 0.297967 0.518279
vt 0.297691 0.518099
vt 0.997819 0.035882
vt 0.997781 0.036099
vt 0.997301 0.036099
vt 0.997327 0.035947
vt 0.997967 0.019540
vt 0.997956 0.019514
vt 0.997390 0.019641
vt 0.997301 0.019514
vt 0.297924 0.519292
vt 0.297574 0.518792
vt 0.297976 0.519169
vt 0.297671 0.518727
vt 0.298031 0.519041
vt 0.997301 0.015734
vt 0.997407 0.015223
vt 0.997506 0.015252
vt 0.997500 0.015734
vt 0.997622 0.015258
vt 0.997649 0.015733
vt 0.997745 0.015251
vt 0.997796 0.015733
vt 0.997871 0.015243
vt 0.997958 0.015734
vt 0.297908 0.518404
vt 0.297599 0.518115
vt 0.297850 0.518524
vt 0.297517 0.518138
vt 0.297784 0.518634
vt 0.297435 0.518161
vt 0.297345 0.518187
vt 0.297254 0.518212
vt 0.770752 0.500000
vt 0.770462 0.500000
vt 0.764859 0.500000
vt 0.764626 0.500000
vt 0.764327 0.500000
vt 0.758852 0.500000
vt 0.758389 0.500000
vt 0.756407 0.500000
vt 0.752078 0.500000
vt 0.750737 0.500000
vt 0.745577 0.500000
vt 0.744611 0.500000
vt 0.744596 0.500000
vt 0.744649 0.500000
vt 0.745651 0.500000
vt 0.746014 0.500000
vt 0.747299 0.500000
vt 0.746993 0.500000
vt 0.753264 0.500000
vt 0.753548 0.500000
vt 0.757942 0.500000
vt 0.761466 0.500000
vt 0.764316 0.500000
vt 0.767942 0.500000
vt 0.771231 0.500000
vt 0.775015 0.500000
vt 0.776380 0.500000
vt 0.776531 0.500000
vt 0.780127 0.500000
vt 0.780239 0.500000
vt 0.780629 0.500000
vt 0.783111 0.500000
vt 0.784250 0.500000
vt 0.785331 0.500000
vt 0.786748 0.500000
vt 0.787717 0.500000
vt 0.788506 0.500000
vt 0.788377 0.500000
vt 0.787881 0.500000
vt 0.786815 0.500000
vt 0.786011 0.500000
vt 0.783796 0.500000
vt 0.782689 0.500000
vt 0.780203 0.500000
vt 0.778093 0.500000
vt 0.774163 0.500000
vt 0.770936 0.500000
s 1
usemtl tripo_mat_632bb386-ee21-48be-8c59-27c315b121c3
f 1/1/1 610/2/2 611/3/3 612/4/4
f 1/5/1 612/6/4 613/7/5 614/8/6
f 1/5/1 614/8/6 615/9/7 616/10/8
f 1/11/1 617/12/9 4/13/10 610/14/2
f 2/15/11 618/16/12 619/17/13 620/18/14
f 2/19/11 620/20/14 621/21/15 622/22/16
f 2/23/11 622/24/16 623/25/17 618/26/12
f 3/27/18 624/28/19 619/29/13 618/30/12
f 3/31/18 618/26/12 623/25/17 625/32/20
f 3/33/18 625/34/20 626/35/21 624/36/19
f 4/37/10 624/36/19 626/35/21 627/38/22
f 4/39/10 628/40/23 11/41/24 610/42/2
f 4/43/10 627/44/22 629/45/25 628/46/23
f 5/47/26 630/48/27 631/49/28 632/50/29
f 5/47/26 633/51/30 634/52/31 630/48/27
f 5/53/26 632/54/29 635/55/32 633/56/30
f 6/57/33 636/58/34 634/59/31 633/60/30
f 6/57/33 637/61/35 638/62/36 636/58/34
f 6/63/33 633/64/30 635/65/32 637/66/35
f 7/67/37 639/68/38 640/69/39 616/70/8
f 7/67/37 616/70/8 615/71/7 641/72/40
f 7/73/37 642/74/41 643/75/42 639/76/38
f 7/77/37 644/78/43 645/79/44 642/80/41
f 8/81/45 646/82/46 9/83/47 10/84/48
f 8/81/45 10/84/48 615/9/7 614/8/6
f 8/85/45 614/86/6 613/87/5 646/88/46
f 11/89/24 647/90/49 648/91/50 649/92/51
f 11/93/24 650/94/52 651/95/53 647/96/49
f 11/41/24 628/40/23 652/97/54 650/98/52
f 12/99/55 653/100/56 21/101/57 654/102/58
f 12/103/55 654/104/58 655/105/59 656/106/60
f 12/107/55 656/108/60 43/109/61 653/110/56
f 10/111/48 657/112/62 641/72/40 615/71/7
f 10/113/48 658/114/63 14/115/64 659/116/65
f 10/113/48 659/116/65 660/117/66 657/118/62
f 13/119/67 647/96/49 651/95/53 16/120/68
f 13/121/67 661/122/69 648/91/50 647/90/49
f 13/123/67 16/124/68 662/125/70 663/126/71
f 14/115/64 658/114/63 664/127/72 665/128/73
f 14/115/64 666/129/74 667/130/75 659/116/65
f 15/131/76 668/132/77 23/133/78 669/134/79
f 15/135/76 670/136/80 671/137/81 662/138/70
f 15/131/76 662/139/70 16/140/68 668/132/77
f 16/141/68 672/142/82 673/143/83 668/144/77
f 16/145/68 651/146/53 674/147/84 672/148/82
f 17/149/85 674/147/84 675/150/86 676/151/87
f 17/149/85 677/152/88 672/148/82 674/147/84
f 17/149/85 676/151/87 678/153/89 677/152/88
f 18/154/90 43/155/61 656/156/60 679/157/91
f 18/158/90 678/159/89 653/160/56 43/161/61
f 18/162/90 679/163/91 677/164/88 678/165/89
f 19/166/92 680/167/93 681/168/94 682/169/95
f 19/170/92 20/171/96 683/172/97 680/173/93
f 19/174/92 682/175/95 684/176/98 20/177/96
f 20/178/96 684/179/98 685/180/99 683/181/97
f 21/101/57 676/151/87 675/150/86 654/102/58
f 21/101/57 653/100/56 678/153/89 676/151/87
f 22/182/100 652/183/54 23/184/78 655/185/59
f 675/186/86 650/187/52 652/188/54 22/189/100
f 22/190/100 655/191/59 654/192/58 675/193/86
f 23/194/78 629/195/25 686/196/101 669/197/79
f 23/184/78 652/183/54 628/46/23 629/45/25
f 23/198/78 668/144/77 673/143/83 655/199/59
f 24/200/102 687/201/103 688/202/104 689/203/105
f 24/204/102 689/205/105 35/206/106 690/207/107
f 24/204/102 690/207/107 691/208/108 687/209/103
f 25/210/109 692/211/110 693/212/111 694/213/112
f 25/210/109 694/213/112 691/208/108 690/207/107
f 25/214/109 690/215/107 35/216/106 695/217/113
f 25/218/109 696/219/114 697/220/115 692/221/110
f 25/214/109 695/217/113 698/222/116 696/223/114
f 26/224/117 699/225/118 700/226/119 701/227/120
f 26/224/117 702/228/121 703/229/122 699/225/118
f 26/230/117 704/231/123 705/232/124 702/233/121
f 27/234/125 706/235/126 704/236/123 26/224/117
f 27/234/125 26/224/117 701/227/120 707/237/127
f 27/238/125 707/239/127 708/240/128 706/241/126
f 28/242/129 693/243/111 692/244/110 709/245/130
f 28/246/129 710/247/131 711/248/132 693/249/111
f 28/250/129 712/251/133 713/252/134 710/253/131
f 28/250/129 714/254/135 715/255/136 712/251/133
f 28/256/129 33/257/137 716/258/138 714/259/135
f 28/242/129 709/245/130 717/260/139 33/261/137
f 29/262/140 718/263/141 719/264/142 720/265/143
f 29/266/140 32/267/144 721/268/145 718/269/141
f 29/270/140 720/271/143 722/272/146 32/273/144
f 30/274/147 723/275/148 713/276/134 712/277/133
f 30/274/147 712/277/133 715/278/136 724/279/149
f 30/280/147 724/281/149 716/282/138 33/283/137
f 30/284/147 33/285/137 725/286/150 34/287/151
f 30/274/147 34/288/151 726/289/152 723/275/148
f 31/290/153 727/291/154 728/292/155 729/293/156
f 31/294/153 729/295/156 730/296/157 731/297/158
f 31/298/153 731/299/158 726/300/152 727/301/154
f 32/302/144 722/303/146 732/304/159 721/305/145
f 33/306/137 717/307/139 733/308/160 725/309/150
f 34/310/151 725/311/150 727/312/154 726/313/152
f 35/314/106 689/315/105 734/316/161 695/317/113
f 36/318/162 735/319/163 568/320/164 736/321/165
f 36/322/162 736/323/165 737/324/166 738/325/167
f 36/318/162 739/326/168 740/327/169 735/319/163
f 36/328/162 738/329/167 714/330/135 716/331/138
f 36/332/162 716/282/138 724/281/149 741/333/170
f 36/334/162 742/335/171 743/336/172 739/337/168
f 36/338/162 744/339/173 745/340/174 742/341/171
f 36/332/162 741/333/170 746/342/175 744/343/173
f 37/344/176 734/345/161 689/203/105 688/202/104
f 37/346/176 688/347/104 747/348/177 748/349/178
f 37/350/176 748/351/178 749/352/179 734/353/161
f 38/354/180 749/355/179 748/356/178 750/357/181
f 38/358/180 750/359/181 751/360/182 752/361/183
f 38/358/180 753/362/184 754/363/185 755/364/186
f 38/365/180 755/366/186 698/367/116 749/368/179
f 39/369/187 756/370/188 757/371/189 758/372/190
f 39/373/187 759/374/191 760/375/192 756/376/188
f 39/377/187 758/378/190 761/379/193 759/380/191
f 40/381/194 762/382/195 763/383/196 764/384/197
f 40/385/194 765/386/198 766/387/199 762/388/195
f 40/389/194 764/390/197 767/391/200 765/392/198
f 41/393/201 768/394/202 763/383/196 762/382/195
f 41/395/201 762/396/195 766/397/199 769/398/203
f 41/399/201 769/400/203 770/401/204 768/402/202
f 42/403/205 771/404/206 761/405/193 758/406/190
f 42/407/205 758/372/190 757/371/189 772/408/207
f 42/409/205 772/410/207 773/411/208 771/412/206
f 44/413/209 774/414/210 775/415/211 50/416/212
f 44/417/209 50/418/212 49/419/213 45/420/214
f 44/421/209 45/422/214 51/423/215 774/424/210
f 46/425/216 776/426/217 777/427/218 778/428/219
f 46/425/216 779/429/220 780/430/221 776/426/217
f 46/425/216 778/428/219 781/431/222 782/432/223
f 46/425/216 782/432/223 783/433/224 779/429/220
f 47/434/225 48/435/226 784/436/227 785/437/228
f 47/438/225 52/439/229 51/440/215 48/441/226
f 47/442/225 785/443/228 73/444/230 52/445/229
f 48/446/226 51/447/215 786/448/231 784/449/227
f 49/450/213 50/451/212 775/452/211 787/453/232
f 49/450/213 787/453/232 788/454/233 786/455/231
f 51/423/215 52/456/229 73/457/230 789/458/234
f 53/459/235 790/460/236 56/461/237 791/462/238
f 53/459/235 54/463/239 792/464/240 790/460/236
f 55/465/241 54/466/239 53/467/235 791/468/238
f 794/469/242 792/470/240 54/471/239 55/472/241
f 791/473/238 793/474/243 794/469/242 55/472/241
f 56/461/237 790/460/236 74/475/244 795/476/245
f 56/461/237 796/477/246 797/478/247 791/462/238
f 57/479/248 798/480/249 101/481/250 799/482/251
f 57/483/248 799/484/251 99/485/252 800/486/253
f 57/487/248 801/488/254 802/489/255 798/490/249
f 57/491/248 803/492/256 780/493/221 801/494/254
f 57/495/248 800/496/253 804/497/257 805/498/258
f 57/499/248 805/500/258 806/501/259 803/502/256
f 58/503/260 807/504/261 808/505/262 809/506/263
f 58/503/260 810/507/264 794/469/242 807/504/261
f 58/503/260 809/506/263 811/508/265 62/509/266
f 58/503/260 62/509/266 812/510/267 813/511/268
f 58/512/260 813/513/268 814/514/269 810/515/264
f 59/516/270 815/517/271 816/518/272 66/519/273
f 59/516/270 66/519/273 64/520/274 817/521/275
f 59/522/270 811/523/265 521/524/276 815/525/271
f 59/522/270 818/526/277 62/527/266 811/523/265
f 59/528/270 817/529/275 819/530/278 818/531/277
f 60/532/279 820/533/280 816/534/272 815/535/271
f 60/536/279 815/537/271 521/538/276 821/539/281
f 60/540/279 822/541/282 823/542/283 820/543/280
f 61/544/284 824/545/285 814/514/269 813/513/268
f 61/546/284 775/547/211 774/548/210 824/549/285
f 61/550/284 825/551/286 787/552/232 775/553/211
f 62/554/266 826/555/287 827/556/288 812/557/267
f 62/558/266 818/559/277 65/560/289 826/561/287
f 63/562/290 828/563/291 829/564/292 830/565/293
f 63/562/290 830/565/293 831/566/294 239/567/295
f 63/562/290 832/568/296 64/520/274 828/563/291
f 63/569/290 239/570/295 833/571/297 832/572/296
f 64/520/274 832/568/296 834/573/298 817/521/275
f 64/520/274 66/519/273 816/518/272 835/574/299
f 64/520/274 835/574/299 836/575/300 828/563/291
f 65/560/289 818/559/277 819/576/278 837/577/301
f 65/578/289 837/579/301 838/580/302 826/581/287
f 67/582/303 839/583/304 840/584/305 841/585/306
f 67/586/303 842/587/307 843/588/308 839/589/304
f 67/590/303 841/591/306 844/592/309 845/593/310
f 68/594/311 75/595/312 846/596/313 69/597/314
f 68/598/311 847/599/315 175/600/316 848/601/317
f 68/602/311 848/603/317 849/604/318 850/605/319
f 68/606/311 850/607/319 79/608/320 75/609/312
f 69/597/314 846/596/313 840/610/305 851/611/321
f 69/612/314 236/613/322 852/614/323 853/615/324
f 69/597/314 851/611/321 854/616/325 236/617/322
f 69/612/314 853/615/324 847/618/315 68/619/311
f 70/620/326 843/621/308 842/622/307 855/623/327
f 856/624/328 857/625/329 843/626/308 70/627/326
f 855/628/327 71/629/330 856/630/328
f 70/631/326 855/628/327 856/630/328
f 71/632/330 858/633/331 859/634/332 860/635/333
f 71/629/330 861/636/334 862/637/335 858/638/331
f 71/632/330 860/635/333 863/639/336 856/640/328
f 71/629/330 855/628/327 864/641/337 861/636/334
f 72/642/338 865/643/339 866/644/340 867/645/341
f 72/646/338 867/647/341 868/648/342 869/649/343
f 72/646/338 869/649/343 870/650/344 871/651/345
f 72/646/338 871/651/345 872/652/346 873/653/347
f 72/654/338 873/655/347 874/656/348 865/657/339
f 73/444/230 785/443/228 869/658/343 868/659/342
f 73/660/230 868/661/342 56/662/237 795/663/245
f 73/664/230 795/665/245 875/666/349 789/667/234
f 74/475/244 876/668/350 875/669/349 795/476/245
f 74/475/244 790/460/236 792/464/240 876/668/350
f 75/670/312 874/656/348 877/671/351 846/672/313
f 56/662/237 868/661/342 867/673/341 79/674/320
f 56/461/237 79/675/320 878/676/352 796/477/246
f 76/677/353 879/678/354 880/679/355 881/680/356
f 76/681/353 93/682/357 97/683/358 98/684/359
f 76/685/353 882/686/360 883/687/361 93/688/357
f 76/677/353 881/680/356 884/689/362 882/690/360
f 77/691/363 885/692/364 886/693/365 78/694/366
f 77/695/363 887/696/367 888/697/368 885/698/364
f 77/699/363 78/700/366 889/701/369 887/702/367
f 78/703/366 886/704/365 890/705/370 889/706/369
f 79/675/320 850/707/319 891/708/371 878/676/352
f 80/709/372 892/710/373 893/711/374 894/712/375
f 80/709/372 895/713/376 896/714/377 897/715/378
f 80/716/372 894/717/375 898/718/379 899/719/380
f 80/709/372 897/715/378 900/720/381 892/710/373
f 80/716/372 899/719/380 901/721/382 895/722/376
f 81/723/383 902/724/384 903/725/385 896/714/377
f 81/723/383 904/726/386 905/727/387 902/724/384
f 81/728/383 896/729/377 895/722/376 906/730/388
f 81/731/383 907/732/389 908/733/390 904/734/386
f 81/735/383 906/736/388 909/737/391 910/738/392
f 81/731/383 910/739/392 911/740/393 907/732/389
f 82/741/394 912/742/395 634/59/31 636/58/34
f 82/741/394 643/743/42 642/744/41 913/745/396
f 82/741/394 913/745/396 901/746/382 899/747/380
f 82/741/394 899/747/380 898/748/379 912/742/395
f 83/749/397 914/750/398 901/721/382 913/751/396
f 916/752/399 917/753/400 914/754/398 83/755/397
f 83/756/397 913/757/396 916/758/399
f 913/757/396 915/759/401 916/758/399
f 84/760/402 918/761/403 919/762/404 920/763/405
f 84/760/402 920/763/405 921/764/406 922/765/407
f 84/760/402 915/766/401 645/79/44 918/761/403
f 85/767/408 923/768/409 924/769/410 925/770/411
f 85/771/408 925/772/411 926/773/412 927/774/413
f 85/771/408 927/774/413 928/775/414 923/776/409
f 86/777/415 926/778/412 925/770/411 929/779/416
f 86/780/415 930/781/417 931/782/418 926/783/412
f 86/784/415 929/785/416 932/786/419 930/787/417
f 87/788/420 933/789/421 934/790/422 935/791/423
f 87/792/420 935/793/423 936/794/424 937/795/425
f 87/792/420 937/795/425 938/796/426 933/797/421
f 88/798/427 939/799/428 940/800/429 941/801/430
f 88/802/427 942/803/431 97/804/358 939/805/428
f 88/806/427 941/807/430 943/808/432 942/809/431
f 89/810/433 944/811/434 945/812/435 946/813/436
f 89/810/433 946/813/436 947/814/437 948/815/438
f 89/810/433 948/815/438 949/816/439 944/811/434
f 90/817/440 950/818/441 951/819/442 952/820/443
f 90/817/440 953/821/444 954/822/445 950/818/441
f 90/817/440 952/820/443 955/823/446 953/821/444
f 91/824/447 941/801/430 940/800/429 956/825/448
f 91/826/447 957/827/449 943/828/432 941/829/430
f 91/826/447 956/830/448 958/831/450 957/827/449
f 92/832/451 959/833/452 93/834/357 960/835/453
f 92/832/451 961/836/454 962/837/455 959/833/452
f 92/832/451 960/835/453 963/838/456 961/836/454
f 93/839/357 959/840/452 939/841/428 97/842/358
f 93/834/357 883/843/361 964/844/457 960/835/453
f 94/845/458 958/831/450 952/846/443 951/847/442
f 94/845/458 965/848/459 957/827/449 958/831/450
f 94/845/458 951/847/442 966/849/460 967/850/461
f 95/851/462 942/809/431 943/808/432 968/852/463
f 95/853/462 969/854/464 970/855/465 971/856/466
f 95/853/462 971/856/466 97/804/358 942/803/431
f 95/857/462 968/858/463 972/859/467 973/860/468
f 95/853/462 973/861/468 974/862/469 969/854/464
f 96/863/470 103/864/471 101/865/250 975/866/472
f 96/867/470 976/868/473 977/869/474 103/870/471
f 96/863/470 975/866/472 978/871/475 976/872/473
f 97/804/358 971/856/466 978/873/475 98/874/359
f 98/875/359 978/871/475 975/866/472 979/876/476
f 99/877/252 107/878/477 980/879/478 981/880/479
f 99/485/252 982/881/480 983/882/481 800/486/253
f 99/485/252 981/883/479 984/884/482 982/881/480
f 100/885/483 107/886/477 985/887/484 986/888/485
f 100/889/483 986/890/485 987/891/486 988/892/487
f 101/865/250 103/864/471 985/893/484 799/894/251
f 102/895/488 989/896/489 882/686/360 884/897/362
f 102/898/488 884/689/362 990/899/490 991/900/491
f 102/901/488 991/902/491 992/903/492 993/904/493
f 102/895/488 994/905/494 995/906/495 989/896/489
f 102/901/488 993/904/493 996/907/496 994/908/494
f 103/864/471 106/909/497 986/910/485 985/893/484
f 104/911/498 997/912/499 998/913/500 999/914/501
f 104/915/498 999/916/501 1000/917/502 1001/918/503
f 104/911/498 1001/919/503 1002/920/504 997/912/499
f 100/889/483 988/892/487 980/879/478 107/878/477
f 105/921/505 1002/922/504 1001/923/503 1003/924/506
f 105/925/505 1004/926/507 1005/927/508 1002/928/504
f 105/921/505 1003/924/506 1006/929/509 1004/930/507
f 106/931/497 1007/932/510 987/933/486 986/934/485
f 108/935/511 977/936/474 1008/937/512 1009/938/513
f 109/939/514 1010/940/515 1011/941/516 1012/942/517
f 109/939/514 1012/942/517 1013/943/518 1014/944/519
f 109/939/514 1015/945/520 1016/946/521 1010/940/515
f 109/947/514 1017/948/522 111/949/523 1015/950/520
f 109/951/514 1014/952/519 1018/953/524 1017/954/522
f 110/955/525 1019/956/526 1020/957/527 1021/958/528
f 110/959/525 1021/960/528 1022/961/529 1023/962/530
f 110/963/525 1023/964/530 1024/965/531 1025/966/532
f 111/967/523 1026/968/533 1027/969/534 1028/970/535
f 111/971/523 1017/972/522 1029/973/536 1026/974/533
f 112/975/537 1030/976/538 1031/977/539 1032/978/540
f 112/975/537 1032/978/540 1033/979/541 1034/980/542
f 112/975/537 1034/980/542 1035/981/543 1030/976/538
f 113/982/544 1031/983/539 1030/984/538 1036/985/545
f 113/986/544 1036/987/545 1037/988/546 114/989/547
f 113/986/544 114/989/547 115/990/548 1038/991/549
f 113/992/544 1038/993/549 1015/950/520 111/949/523
f 114/994/547 974/995/469 1039/996/550 115/997/548
f 115/990/548 1039/998/550 1040/999/551 1038/991/549
f 116/1000/552 117/1001/553 1041/1002/554 1042/1003/555
f 116/1004/552 1042/1005/555 1043/1006/556 1044/1007/557
f 117/1001/553 1045/1008/558 1046/1009/559 1041/1002/554
f 118/1010/560 1047/1011/561 984/1012/482 1045/1008/558
f 118/1013/560 116/1014/552 1044/1015/557 1047/1016/561
f 119/1017/562 1048/1018/563 973/861/468 972/1019/467
f 119/1017/562 120/1020/564 1049/1021/565 1048/1018/563
f 119/1022/562 972/859/467 1050/1023/566 1051/1024/567
f 119/1025/562 1051/1026/567 1052/1027/568 120/1028/564
f 120/1029/564 1052/1030/568 1053/1031/569 1049/1032/565
f 121/1033/570 1053/1034/569 1052/1035/568 1054/1036/571
f 121/1037/570 1010/940/515 1016/946/521 1053/1038/569
f 121/1033/570 1054/1036/571 1055/1039/572 1056/1040/573
f 121/1033/570 1056/1040/573 1011/1041/516 1010/1042/515
f 122/1043/574 123/1044/575 1057/1045/576 1058/1046/577
f 122/1047/574 1059/1048/578 124/1049/579 123/1050/575
f 122/1051/574 1058/1052/577 153/1053/580 1059/1054/578
f 123/1055/575 124/1056/579 1060/1057/581 1057/1058/576
f 124/1059/579 1059/1060/578 1061/1061/582 1062/1062/583
f 124/1063/579 1062/1064/583 1063/1065/584 1064/1066/585
f 124/1056/579 1064/1067/585 140/1068/586 1060/1057/581
f 125/1069/587 127/1070/588 128/1071/589 126/1072/590
f 125/1073/587 1065/1074/591 1066/1075/592 127/1076/588
f 125/1077/587 126/1078/590 1067/1079/593 1065/1080/591
f 126/1081/590 128/1082/589 1068/1083/594 1067/1084/593
f 127/1085/588 1066/1086/592 1068/1087/594 128/1088/589
f 129/1089/595 131/1090/596 132/1091/597 130/1092/598
f 129/1093/595 130/1094/598 158/1095/599 1069/1096/600
f 129/1097/595 1069/1098/600 1070/1099/601 131/1100/596
f 130/1101/598 132/1102/597 1071/1103/602 158/1104/599
f 131/1105/596 1070/1106/601 1071/1107/602 132/1108/597
f 133/1109/603 1072/1110/604 1073/1111/605 1074/1112/606
f 133/1109/603 1074/1112/606 1075/1113/607 159/1114/608
f 133/1115/603 159/1116/608 1070/1099/601 1069/1098/600
f 133/1109/603 178/1117/609 1076/1118/610 1072/1110/604
f 133/1119/603 1069/1120/600 158/1121/599 178/1122/609
f 134/1123/611 1077/1124/612 1078/1125/613 1079/1126/614
f 134/1127/611 1079/1128/614 1080/1129/615 1081/1130/616
f 134/1127/611 1082/1131/617 1083/1132/618 1077/1133/612
f 134/1127/611 1084/1134/619 1085/1135/620 1082/1131/617
f 134/1127/611 1081/1130/616 135/1136/621 1084/1134/619
f 135/1136/621 1081/1130/616 1075/1113/607 138/1137/622
f 135/1138/621 139/1139/623 1063/1140/584 1084/1141/619
f 135/1142/621 1066/1075/592 1065/1074/591 139/1143/623
f 135/1144/621 138/1145/622 1068/1087/594 1066/1086/592
f 136/1146/624 1088/1147/625 1089/1148/626 1090/1149/627
f 136/1146/624 1090/1149/627 1091/1150/628 221/1151/629
f 137/1152/630 1092/1153/631 1093/1154/632 1094/1155/633
f 137/1156/630 1095/1157/634 1096/1158/635 1092/1159/631
f 137/1160/630 221/1161/629 1097/1162/636 1095/1163/634
f 137/1164/630 182/1165/637 1098/1166/638 221/1167/629
f 138/1168/622 1099/1169/639 1067/1170/593 1068/1171/594
f 138/1137/622 1100/1172/640 1101/1173/641 1099/1174/639
f 136/1146/624 1087/1175/642 1102/1176/643 1103/1177/644
f 136/1146/624 1103/1177/644 140/1178/586 1088/1147/625
f 139/1179/623 1099/1180/639 1101/1181/641 1104/1182/645
f 139/1183/623 1065/1080/591 1067/1079/593 1099/1184/639
f 139/1179/623 1104/1182/645 1064/1185/585 1063/1186/584
f 140/1187/586 1064/1185/585 1104/1182/645 1088/1188/625
f 140/1189/586 1103/1190/644 147/1191/646 1105/1192/647
f 140/1068/586 1105/1193/647 155/1194/648 1060/1057/581
f 141/1195/649 1106/1196/650 143/1197/651 1107/1198/652
f 141/1195/649 1107/1198/652 1108/1199/653 1109/1200/654
f 141/1195/649 1109/1200/654 1110/1201/655 1106/1196/650
f 142/1202/656 1111/1203/657 1108/1199/653 1107/1198/652
f 142/1204/656 1107/1205/652 143/1206/651 1112/1207/658
f 142/1208/656 1112/1209/658 1113/1210/659 1111/1211/657
f 143/1212/651 1106/1213/650 1114/1214/660 1112/1215/658
f 144/1216/661 1115/1217/662 1116/1218/663 1117/1219/664
f 144/1220/661 399/1221/665 404/1222/666 1118/1223/667
f 144/1224/661 1118/1225/667 1119/1226/668 1115/1227/662
f 144/1228/661 1120/1229/669 1121/1230/670 399/1231/665
f 144/1228/661 1117/1232/664 1122/1233/671 1120/1229/669
f 145/1234/672 1123/1235/673 1124/1236/674 389/1237/675
f 145/1238/672 1125/1239/676 1126/1240/677 1123/1241/673
f 145/1242/672 1127/1243/678 1128/1244/679 1125/1245/676
f 146/1246/680 1129/1247/681 164/1248/682 382/1249/683
f 146/1250/680 382/1251/683 1130/1252/684 1131/1253/685
f 147/1254/646 1132/1255/686 384/1256/687 387/1257/688
f 147/1258/646 387/1259/688 386/1260/689 148/1261/690
f 147/1191/646 148/1262/690 154/1263/691 1105/1192/647
f 148/1262/690 386/1264/689 385/1265/692 154/1263/691
f 149/1266/693 1133/1267/694 1134/1268/695 1135/1269/696
f 149/1270/693 1136/1271/697 1137/1272/698 1138/1273/699
f 149/1274/693 1138/1275/699 1139/1276/700 1133/1277/694
f 150/1278/701 1140/1279/702 1141/1280/703 162/1281/704
f 150/1282/701 162/1283/704 1142/1284/705 1143/1285/706
f 150/1278/701 379/1286/707 1144/1287/708 1140/1279/702
f 151/1288/709 1145/1289/710 1146/1290/711 1147/1291/712
f 151/1288/709 1148/1292/713 391/1293/714 1145/1289/710
f 151/1294/709 1149/1295/715 390/1296/716 1148/1297/713
f 151/1298/709 1150/1299/717 1151/1300/718 1149/1301/715
f 151/1302/709 1147/1303/712 1152/1304/719 1150/1305/717
f 152/1306/720 1153/1307/721 1154/1308/722 1155/1309/723
f 152/1306/720 1156/1310/724 1144/1287/708 1153/1307/721
f 153/1311/580 165/1312/725 1061/1313/582 1059/1314/578
f 153/1311/580 1058/1315/577 154/1316/691 165/1312/725
f 156/1317/726 1127/1318/678 1157/1319/727 157/1320/728
f 154/1316/691 385/1321/692 1158/1322/729 165/1312/725
f 158/1121/599 1159/1323/730 1160/1324/731 178/1122/609
f 158/1325/599 1071/1326/602 1161/1327/732 1159/1328/730
f 159/1329/608 1161/1330/732 1071/1107/602 1070/1106/601
f 159/1331/608 1080/1332/615 160/1333/733 1161/1327/732
f 159/1114/608 1075/1113/607 1081/1130/616 1080/1129/615
f 160/1333/733 1162/1334/734 179/1335/735 1163/1336/736
f 160/1333/733 1163/1336/736 1159/1328/730 1161/1327/732
f 160/1337/733 1080/1129/615 1079/1128/614 1164/1338/737
f 160/1339/733 1164/1340/737 174/1341/738 1162/1342/734
f 161/1343/739 1012/942/517 1011/941/516 1083/1344/618
f 161/1343/739 1083/1344/618 1082/1345/617 1165/1346/740
f 161/1343/739 1166/1347/741 1013/943/518 1012/942/517
f 161/1348/739 1167/1349/742 1168/1350/743 1166/1351/741
f 161/1343/739 1165/1346/740 1169/1352/744 1167/1353/742
f 162/1283/704 1170/1354/745 1171/1355/746 1142/1284/705
f 162/1356/704 1141/1357/703 1029/973/536 1172/1358/747
f 162/1356/704 1172/1358/747 1173/1359/748 1170/1360/745
f 163/1361/749 1174/1362/750 379/1363/707 378/1364/751
f 1143/1365/706 1175/1366/752 1174/1367/750 163/1368/749
f 163/1361/749 378/1364/751 150/1282/701 1143/1285/706
f 164/1248/682 1176/1369/753 1177/1370/754 382/1249/683
f 164/1371/682 1129/1372/681 166/1373/755 1176/1374/753
f 165/1375/725 1158/1376/729 1178/1377/756 1179/1378/757
f 165/1375/725 1179/1378/757 1180/1379/758 1061/1380/582
f 166/1373/755 1181/1381/759 1182/1382/760 1183/1383/761
f 166/1373/755 1129/1372/681 1184/1384/762 1185/1385/763
f 166/1373/755 1185/1385/763 1186/1386/764 1181/1381/759
f 166/1387/755 1183/1388/761 1187/1389/765 1176/1369/753
f 167/1390/766 168/1391/767 1188/1392/768 1189/1393/769
f 167/1394/766 1189/1395/769 1190/1396/770 517/1397/771
f 167/1398/766 517/1399/771 1182/1400/760 1181/1401/759
f 167/1390/766 1191/1402/772 1192/1403/773 168/1391/767
f 168/1391/767 1192/1403/773 1193/1404/774 1188/1392/768
f 169/1405/775 1194/1406/776 170/1407/777 526/1408/778
f 169/1409/775 1195/1410/779 1196/1411/780 1194/1412/776
f 169/1405/775 526/1408/778 1197/1413/781 1195/1414/779
f 170/1415/777 1198/1416/782 171/1417/783 1199/1418/784
f 170/1415/777 1199/1418/784 1200/1419/785 1201/1420/786
f 170/1421/777 1194/1412/776 1202/1422/787 1198/1423/782
f 170/1407/777 1201/1424/786 1203/1425/788 526/1408/778
f 171/1426/783 1198/1427/782 1204/1428/789 1205/1429/790
f 171/1426/783 1205/1429/790 1206/1430/791 1207/1431/792
f 171/1432/783 1207/1433/792 1208/1434/793 1209/1435/794
f 171/1432/783 1209/1435/794 1210/1436/795 1199/1437/784
f 172/1438/796 527/1439/797 1211/1440/798 1212/1441/799
f 172/1438/796 1213/1442/800 1214/1443/801 527/1439/797
f 172/1444/796 1215/1445/802 1216/1446/803 1217/1447/804
f 172/1438/796 1217/1448/804 1218/1449/805 1213/1442/800
f 172/1438/796 1212/1441/799 1173/1359/748 1215/1450/802
f 173/1451/806 1219/1452/807 1220/1453/808 1221/1454/809
f 173/1455/806 1221/1456/809 1222/1457/810 1223/1458/811
f 173/1459/806 1223/1460/811 1205/1429/790 1204/1428/789
f 173/1451/806 797/1461/247 796/1462/246 1219/1452/807
f 173/1463/806 1204/1464/789 1224/1465/812 797/1466/247
f 174/1467/738 1225/1468/813 1226/1469/814 1227/1470/815
f 174/1467/738 1164/1471/737 1228/1472/816 1225/1468/813
f 174/1341/738 1227/1473/815 878/676/352 891/708/371
f 174/1341/738 891/708/371 177/1474/817 1162/1342/734
f 176/1475/818 1229/1476/819 1230/1477/820 1231/1478/821
f 176/1479/818 1232/1480/822 1233/1481/823 1234/1482/824
f 176/1475/818 848/1483/317 175/1484/316 1232/1485/822
f 176/1475/818 1231/1478/821 849/1486/318 848/1483/317
f 176/1487/818 1234/1488/824 1235/1489/825 1229/1490/819
f 177/1474/817 891/708/371 850/707/319 849/1491/318
f 177/1474/817 849/1491/318 1231/1492/821 1236/1493/826
f 177/1474/817 1236/1493/826 181/1494/827 1237/1495/828
f 177/1474/817 1237/1495/828 179/1496/735 1162/1342/734
f 178/1117/609 1238/1497/829 1239/1498/830 1076/1118/610
f 178/1499/609 1160/1500/731 1240/1501/831 1238/1502/829
f 179/1503/735 1237/1504/828 1241/1505/832 1163/1506/736
f 180/1507/833 1241/1508/832 1237/1495/828 181/1494/827
f 180/1509/833 1242/1510/834 1243/1511/835 1240/1512/831
f 180/1507/833 1240/1513/831 1160/1514/731 1241/1508/832
f 180/1515/833 181/1516/827 1244/1517/836 182/1165/637
f 182/1518/637 1245/1519/837 1246/1520/838 1247/1521/839
f 182/1165/637 137/1164/630 1094/1522/633 1245/1523/837
f 182/1165/637 1244/1517/836 1248/1524/840 1098/1166/638
f 182/1525/637 1247/1526/839 1242/1527/834 180/1528/833
f 183/1529/841 1249/1530/842 1243/1531/835 186/1532/843
f 183/1533/841 1250/1534/844 1251/1535/845 1249/1536/842
f 183/1537/841 186/1538/843 1252/1539/846 1250/1540/844
f 184/1541/847 1246/1542/838 1251/1543/845 1250/1544/844
f 184/1545/847 1250/1546/844 1252/1547/846 185/1548/848
f 184/1549/847 185/1550/848 1247/1521/839 1246/1520/838
f 185/1551/848 1252/1552/846 1242/1527/834 1247/1526/839
f 186/1553/843 1243/1511/835 1242/1510/834 1252/1554/846
f 187/1555/849 1253/1556/850 1254/1557/851 1255/1558/852
f 187/1559/849 1256/1560/853 188/1561/854 1253/1562/850
f 187/1563/849 1255/1564/852 1257/1565/855 189/1566/856
f 188/1567/854 1256/1568/853 1258/1569/857 1259/1570/858
f 188/1567/854 1260/1571/859 1261/1572/860 1253/1573/850
f 188/1567/854 1262/1574/861 1263/1575/862 1260/1571/859
f 189/1566/856 1264/1576/863 1265/1577/864 187/1563/849
f 189/1566/856 1257/1565/855 1266/1578/865 1267/1579/866
f 190/1580/867 1268/1581/868 1269/1582/869 1270/1583/870
f 190/1584/867 1270/1585/870 1271/1586/871 1272/1587/872
f 190/1588/867 1272/1589/872 1273/1590/873 1268/1591/868
f 191/1592/874 193/1593/875 1274/1594/876 1275/1595/877
f 191/1596/874 1275/1597/877 201/1598/878 1276/1599/879
f 191/1600/874 1276/1601/879 1277/1602/880 193/1603/875
f 192/1604/881 1278/1605/882 1271/1606/871 1270/1607/870
f 192/1608/881 1270/1583/870 1269/1582/869 1279/1609/883
f 192/1604/881 1279/1610/883 1280/1611/884 1278/1605/882
f 193/1612/875 1277/1613/880 1281/1614/885 1274/1615/876
f 194/1616/886 1275/1595/877 1274/1594/876 1282/1617/887
f 3658/1618/888 3660/1619/889 1283/1620/890 194/1621/886 3659/1622/891
f 194/1623/886 1283/1624/890 201/1625/878 1275/1626/877
f 194/1627/886 1282/1628/887 1284/1629/892 1285/1630/893
f 194/1621/886 1285/1631/893 196/1632/894 3661/1633/895 3659/1622/891
f 195/1634/896 1286/1635/897 1287/1636/898 1288/1637/899
f 195/1638/896 1289/1639/900 1290/1640/901 1286/1641/897
f 195/1638/896 1284/1642/892 1291/1643/902 1289/1639/900
f 195/1634/896 1288/1637/899 1292/1644/903 197/1645/904
f 195/1634/896 197/1645/904 1285/1631/893 1284/1646/892
f 3662/1647/905 3661/1648/895 196/1649/894 3663/1650/906
f 196/1632/894 1285/1631/893 197/1645/904 1292/1644/903
f 198/1651/907 1293/1652/908 1294/1653/909 1295/1654/910
f 198/1655/907 1296/1656/911 219/1657/912 1293/1658/908
f 198/1655/907 1295/1659/910 1297/1660/913 1296/1656/911
f 199/1661/914 1298/1662/915 1297/1663/913 1299/1664/916
f 199/1665/914 226/1666/917 1300/1667/918 1298/1668/915
f 199/1665/914 1299/1669/916 1301/1670/919 226/1666/917
f 200/1671/920 1296/1672/911 1297/1673/913 1298/1674/915
f 200/1671/920 1298/1674/915 1300/1675/918 1302/1676/921
f 200/1671/920 1302/1676/921 219/1677/912 1296/1672/911
f 201/1598/878 1283/1620/890 332/1678/922 1276/1599/879
f 202/1679/923 1303/1680/924 1304/1681/925 1305/1682/926
f 202/1683/923 1130/1252/684 1306/1684/927 1307/1685/928
f 202/1686/923 1307/1687/928 1308/1688/929 1303/1689/924
f 202/1683/923 1309/1690/930 1131/1253/685 1130/1252/684
f 202/1679/923 1305/1682/926 1310/1691/931 1309/1692/930
f 203/1693/932 207/1694/933 1311/1695/934 205/1696/935
f 203/1697/932 205/1698/935 1312/1699/936 1313/1700/937
f 203/1701/932 1314/1702/938 1315/1703/939 207/1704/933
f 204/1705/940 203/1706/932 1313/1707/937 1316/1708/941
f 204/1709/940 1317/1710/942 1318/1711/943 1319/1712/944
f 204/1713/940 1319/1714/944 1314/1715/938 203/1716/932
f 205/1696/935 1311/1695/934 1320/1717/945 206/1718/946
f 205/1696/935 206/1718/946 1317/1710/942 204/1709/940
f 205/1719/935 204/1720/940 1316/1721/941 1312/1722/936
f 206/1723/946 1321/1724/947 1322/1725/948 1317/1726/942
f 206/1727/946 1320/1728/945 208/1729/949 209/1730/950
f 206/1731/946 209/1732/950 1323/1733/951 1321/1734/947
f 207/1735/933 1324/1736/952 1325/1737/953 1311/1738/934
f 207/1739/933 1315/1740/939 1326/1741/954 1327/1742/955
f 207/1735/933 1327/1743/955 1328/1744/956 1324/1736/952
f 208/1745/949 1329/1746/957 1323/1747/951 209/1748/950
f 208/1749/949 1320/1750/945 1330/1751/958 1329/1752/957
f 210/1753/959 1331/1754/960 1332/1755/961 1333/1756/962
f 210/1757/959 1334/1758/963 1335/1759/964 1331/1760/960
f 210/1757/959 1333/1761/962 1336/1762/965 1334/1758/963
f 211/1763/966 1337/1764/967 1338/1765/968 1339/1766/969
f 211/1767/966 1333/1756/962 1332/1755/961 1337/1768/967
f 211/1769/966 1339/1770/969 1336/1771/965 1333/1772/962
f 212/1773/970 1340/1774/971 213/1775/972 1341/1776/973
f 212/1777/970 1336/1778/965 1339/1766/969 1340/1779/971
f 212/1780/970 1341/1781/973 1334/1782/963 1336/1783/965
f 213/1784/972 1342/1785/974 1343/1786/975 1341/1787/973
f 213/1775/972 1340/1774/971 1344/1788/976 1342/1789/974
f 214/1790/977 1345/1791/978 216/1792/979 1346/1793/980
f 214/1794/977 1347/1795/981 1348/1796/982 1345/1797/978
f 214/1798/977 1346/1799/980 1349/1800/983 1347/1801/981
f 215/1802/984 1350/1803/985 1351/1804/986 1352/1805/987
f 215/1806/984 1352/1807/987 216/1808/979 1345/1809/978
f 215/1810/984 1345/1811/978 1348/1812/982 1350/1813/985
f 216/1814/979 1352/1815/987 1353/1816/988 1346/1817/980
f 217/1818/989 1353/1816/988 1354/1819/990 1355/1820/991
f 217/1818/989 1349/1821/983 1346/1817/980 1353/1816/988
f 217/1822/989 1355/1823/991 1356/1824/992 1349/1825/983
f 218/1826/993 1295/1827/910 1294/1828/909 1357/1829/994
f 218/1830/993 1357/1831/994 1301/1832/919 1299/1833/916
f 218/1834/993 1299/1664/916 1297/1663/913 1295/1835/910
f 219/1657/912 1302/1836/921 1279/1609/883 1269/1582/869
f 220/1837/995 1301/1832/919 1357/1831/994 1358/1838/996
f 220/1839/995 1359/1840/997 1360/1841/998 1361/1842/999
f 220/1843/995 1361/1844/999 226/1666/917 1301/1670/919
f 221/1151/629 1098/1845/638 1362/1846/1000 1086/1847/1001
f 221/1848/629 1091/1849/628 1363/1850/1002 1097/1851/636
f 1364/1852/1003 1365/1853/1004 222/1854/1005 1366/1855/1006
f 222/1856/1005 1367/1857/1007 224/1858/1008 1366/1859/1006
f 222/1860/1005 1365/1861/1004 223/1862/1009 1367/1863/1007
f 223/1864/1009 1368/1865/1010 1369/1866/1011 1367/1867/1007
f 224/1868/1008 1370/1869/1012 1371/1870/1013 1366/1871/1006
f 224/1872/1008 1367/1867/1007 1369/1866/1011 1370/1873/1012
f 219/1657/912 1372/1874/1014 1373/1875/1015 1374/1876/1016
f 219/1657/912 1374/1876/1016 1375/1877/1017 1293/1658/908
f 225/1878/1018 1376/1879/1019 1377/1880/1020 1378/1881/1021
f 225/1882/1018 1379/1883/1022 1380/1884/1023 1376/1885/1019
f 225/1878/1018 1378/1881/1021 1381/1886/1024 1379/1887/1022
f 226/1888/917 1382/1889/1025 1280/1890/884 1300/1891/918
f 226/1888/917 1361/1892/999 1383/1893/1026 1382/1889/1025
f 227/1894/1027 1384/1895/1028 1382/1889/1025 1383/1893/1026
f 227/1896/1027 1383/1897/1026 1380/1898/1023 1379/1899/1022
f 227/1896/1027 1379/1899/1022 1381/1900/1024 1384/1901/1028
f 228/1902/1029 1385/1903/1030 1386/1904/1031 1387/1905/1032
f 228/1906/1029 1388/1907/1033 1389/1908/1034 1385/1909/1030
f 228/1910/1029 1387/1911/1032 1390/1912/1035 1388/1913/1033
f 229/1914/1036 1391/1915/1037 1392/1916/1038 232/1917/1039
f 229/1918/1036 232/1919/1039 1393/1920/1040 1394/1921/1041
f 229/1922/1036 1394/1923/1041 1395/1924/1042 1391/1925/1037
f 230/1926/1043 1391/1927/1037 1395/1928/1042 1396/1929/1044
f 230/1930/1043 1396/1931/1044 1397/1932/1045 231/1933/1046
f 230/1930/1043 231/1933/1046 1392/1934/1038 1391/1935/1037
f 231/1936/1046 1397/1937/1045 1398/1938/1047 1392/1939/1038
f 232/1940/1039 1392/1941/1038 1398/1942/1047 1393/1943/1040
f 233/1944/1048 1399/1945/1049 1400/1946/1050 1401/1947/1051
f 233/1948/1048 1402/1949/1052 1403/1950/1053 1399/1951/1049
f 233/1952/1048 1401/1953/1051 1404/1954/1054 1402/1955/1052
f 234/1956/1055 1405/1957/1056 1406/1958/1057 1407/1959/1058
f 234/1960/1055 1407/1961/1058 1408/1962/1059 1409/1963/1060
f 235/1964/1061 1410/1965/1062 1411/1966/1063 1412/1967/1064
f 235/1964/1061 1412/1967/1064 1235/1968/825 1413/1969/1065
f 235/1964/1061 1414/1970/1066 1415/1971/1067 1410/1965/1062
f 235/1972/1061 1254/1557/851 1416/1973/1068 1414/1974/1066
f 235/1964/1061 1413/1969/1065 1255/1975/852 1254/1976/851
f 236/613/322 1417/1977/1069 1418/1978/1070 852/614/323
f 236/613/322 1419/1979/1071 1420/1980/1072 1417/1977/1069
f 236/617/322 854/616/325 1421/1981/1073 1419/1982/1071
f 237/1983/1074 1422/1984/1075 1193/1404/774 1192/1403/773
f 237/1983/1074 1192/1403/773 1191/1402/772 1423/1985/1076
f 237/1986/1074 1423/1987/1076 1424/1988/1077 1425/1989/1078
f 237/1983/1074 1426/1990/1079 1427/1991/1080 1422/1984/1075
f 237/1992/1074 1425/1993/1078 1428/1994/1081 1426/1995/1079
f 238/1996/1082 1429/1997/1083 1430/1998/1084 1431/1999/1085
f 238/2000/1082 1432/2001/1086 1433/2002/1087 1429/2003/1083
f 239/567/295 831/566/294 1434/2004/1088 1435/2005/1089
f 240/2006/1090 1436/2007/1091 1437/2008/1092 1438/2009/1093
f 240/2010/1090 241/2011/1094 1439/2012/1095 1436/2013/1091
f 240/2014/1090 1438/2015/1093 1440/2016/1096 241/2017/1094
f 241/2018/1094 1440/2019/1096 1441/2020/1097 1439/2021/1095
f 242/2022/1098 1442/2023/1099 244/2024/1100 245/2025/1101
f 242/2022/1098 245/2025/1101 1443/2026/1102 1444/2027/1103
f 243/2028/1104 857/2029/329 856/2030/328 1445/2031/1105
f 1446/2032/1106 1447/2033/1107 857/2034/329 243/2035/1104
f 243/2036/1104 1445/2037/1105 244/2038/1100 1446/2039/1106
f 244/2040/1100 1448/2041/1108 1449/2042/1109 1446/2032/1106
f 244/2043/1100 1450/2044/1110 1451/2045/1111 245/2046/1101
f 244/2047/1100 1445/2048/1105 1452/2049/1112 1450/2050/1110
f 245/2051/1101 1453/2052/1113 1454/2053/1114 1443/2054/1102
f 246/2055/1115 1455/2056/1116 1456/2057/1117 249/2058/1118
f 246/2059/1115 1457/2060/1119 1452/2061/1112 1455/2062/1116
f 246/2063/1115 249/2064/1118 1458/2065/1120 1457/2066/1119
f 247/2067/1121 1439/2068/1095 1441/2069/1097 1459/2070/1122
f 247/2071/1121 280/2072/1123 1436/2073/1091 1439/2074/1095
f 247/2075/1121 1459/2076/1122 1460/2077/1124 280/2078/1123
f 248/2079/1125 1458/2080/1120 1461/2081/1126 1451/2082/1111
f 248/2083/1125 1451/2084/1111 1450/2085/1110 253/2086/1127
f 248/2087/1125 253/2088/1127 1457/2089/1119 1458/2090/1120
f 249/2091/1118 1456/2092/1117 1461/2093/1126 1458/2094/1120
f 250/2095/1128 1462/2096/1129 1463/2097/1130 1464/2098/1131
f 251/2099/1132 1465/2100/1133 1466/2101/1134 1467/2102/1135
f 251/2103/1132 1467/2104/1135 1468/2105/1136 252/2106/1137
f 251/2107/1132 252/2108/1137 1469/2109/1138 1465/2110/1133
f 252/2111/1137 1468/2112/1136 1470/2113/1139 1471/2114/1140
f 252/2115/1137 1471/2116/1140 1472/2117/1141 254/2118/1142
f 252/2108/1137 254/2119/1142 1473/2120/1143 1469/2109/1138
f 253/2121/1127 1450/2050/1110 1452/2049/1112 1457/2122/1119
f 254/2119/1142 255/2123/1144 1474/2124/1145 1473/2120/1143
f 254/2125/1142 1472/2126/1141 1475/2127/1146 1476/2128/1147
f 254/2129/1142 1476/2130/1147 1477/2131/1148 255/2132/1144
f 255/2133/1144 1477/2134/1148 1478/2135/1149 1479/2136/1150
f 255/2123/1144 1480/2137/1151 1481/2138/1152 1474/2124/1145
f 255/2139/1144 1479/2140/1150 1482/2141/1153 1480/2142/1151
f 256/2143/1154 1483/2144/1155 257/2145/1156 1484/2146/1157
f 256/2147/1154 1485/2148/1158 1486/2149/1159 1483/2150/1155
f 256/2151/1154 1484/2152/1157 1487/2153/1160 1485/2154/1158
f 257/2155/1156 1488/2156/1161 1489/2157/1162 1490/2158/1163
f 257/2159/1156 1490/2160/1163 1491/2161/1164 1492/2162/1165
f 257/2163/1156 1483/2164/1155 1493/2165/1166 1488/2166/1161
f 257/2167/1156 1492/2168/1165 1494/2169/1167 1484/2170/1157
f 258/2171/1168 1495/2172/1169 1496/2173/1170 1497/2174/1171
f 258/2175/1168 1497/2176/1171 259/2177/1172 1498/2178/1173
f 258/2179/1168 1498/2180/1173 1499/2181/1174 1495/2182/1169
f 3665/2183/1175 259/2184/1172 1497/2185/1171 1500/2186/1176 3664/2187/1177
f 259/2188/1172 1501/2189/1178 1502/2190/1179 1503/2191/1180
f 259/2192/1172 1503/2193/1180 1504/2194/1181 1498/2195/1173
f 3667/2196/1182 1501/2197/1178 259/2184/1172 3665/2183/1175 3666/2198/1183
f 260/2199/1184 1505/2200/1185 333/2201/1186 329/2202/1187
f 260/2203/1184 329/2204/1187 1506/2205/1188 348/2206/1189
f 260/2199/1184 348/2207/1189 1507/2208/1190 1505/2200/1185
f 261/2209/1191 1508/2210/1192 1509/2211/1193 1510/2212/1194
f 261/2213/1191 1510/2214/1194 1511/2215/1195 1512/2216/1196
f 261/2217/1191 1512/2218/1196 1513/2219/1197 1508/2220/1192
f 262/2221/1198 1514/2222/1199 1515/2223/1200 347/2224/1201
f 262/2225/1198 1516/2226/1202 1517/2227/1203 1518/2228/1204
f 262/2221/1198 1518/2229/1204 1519/2230/1205 1514/2222/1199
f 262/2231/1198 292/2232/1206 1520/2233/1207 1516/2234/1202
f 262/2235/1198 347/2236/1201 358/2237/1208 292/2238/1206
f 263/2239/1209 1521/2240/1210 1522/2241/1211 1523/2242/1212
f 263/2243/1209 1524/2244/1213 1525/2245/1214 1521/2246/1210
f 263/2247/1209 1523/2248/1212 1526/2249/1215 1524/2250/1213
f 264/2251/1216 1527/2252/1217 1528/2253/1218 265/2254/1219
f 264/2251/1216 273/2255/1220 272/2256/1221 1527/2252/1217
f 264/2251/1216 265/2254/1219 1529/2257/1222 1530/2258/1223
f 264/2259/1216 1530/2260/1223 1475/2127/1146 1472/2126/1141
f 264/2261/1216 1472/2117/1141 1471/2116/1140 273/2262/1220
f 265/2263/1219 1479/2264/1150 1478/2265/1149 1529/2266/1222
f 265/2263/1219 1531/2267/1224 1482/2268/1153 1479/2264/1150
f 265/2254/1219 1528/2253/1218 1532/2269/1225 1531/2270/1224
f 266/2271/1226 1533/2272/1227 1534/2273/1228 1535/2274/1229
f 266/2271/1226 1536/2275/1230 267/2276/1231 1533/2272/1227
f 266/2277/1226 1530/2278/1223 1529/2279/1222 1536/2280/1230
f 266/2281/1226 1489/2282/1162 1475/2127/1146 1530/2260/1223
f 266/2283/1226 1535/2284/1229 1490/2158/1163 1489/2157/1162
f 267/2285/1231 1486/2149/1159 1485/2148/1158 1533/2286/1227
f 267/2287/1231 1536/2288/1230 1537/2289/1232 1486/2290/1159
f 268/2291/1233 1538/2292/1234 1539/2293/1235 1540/2294/1236
f 268/2291/1233 1540/2294/1236 1541/2295/1237 1542/2296/1238
f 268/2291/1233 1542/2296/1238 1543/2297/1239 1544/2298/1240
f 268/2291/1233 1545/2299/1241 1546/2300/1242 1538/2292/1234
f 268/2291/1233 1544/2298/1240 1547/2301/1243 1545/2299/1241
f 269/2302/1244 1548/2303/1245 1549/2304/1246 1550/2305/1247
f 269/2306/1244 1550/2307/1247 1551/2308/1248 1552/2309/1249
f 269/2310/1244 1553/2311/1250 1554/2312/1251 1548/2313/1245
f 270/2314/1252 1555/2315/1253 1556/2316/1254 1557/2317/1255
f 270/2318/1252 1557/2319/1255 1558/2320/1256 1559/2321/1257
f 270/2322/1252 1559/2323/1257 1560/2324/1258 1555/2325/1253
f 271/2326/1259 1561/2327/1260 1562/2328/1261
f 1561/2327/1260 275/2329/1262 1562/2328/1261
f 271/2330/1259 1562/2331/1261 1563/2332/1263 1564/2333/1264
f 271/2330/1259 1565/2334/1265 1566/2335/1266 1546/2336/1242
f 272/2337/1221 273/2338/1220 1567/2339/1267 1568/2340/1268
f 272/2341/1221 1568/2342/1268 1569/2343/1269 1527/2344/1217
f 273/2345/1220 1471/2114/1140 1470/2113/1139 1570/2346/1270
f 273/2338/1220 1570/2347/1270 1571/2348/1271 1567/2339/1267
f 274/2349/1272 1572/2350/1273 1573/2351/1274 1574/2352/1275
f 274/2353/1272 1575/2354/1276 1576/2355/1277 275/2356/1262
f 274/2349/1272 275/2357/1262 1561/2358/1260 1572/2350/1273
f 276/2359/1278 1577/2360/1279 1578/2361/1280 1579/2362/1281
f 276/2363/1278 1580/2364/1282 1581/2365/1283 1577/2366/1279
f 276/2367/1278 1579/2368/1281 1582/2369/1284 1580/2370/1282
f 277/2371/1285 1583/2372/1286 1584/2373/1287 1585/2374/1288
f 277/2375/1285 1586/2376/1289 1587/2377/1290 1583/2378/1286
f 277/2379/1285 1585/2380/1288 1588/2381/1291 1586/2382/1289
f 278/2383/1292 1589/2384/1293 1590/2385/1294 1591/2386/1295
f 278/2387/1292 1592/2388/1296 1593/2389/1297 1589/2390/1293
f 278/2391/1292 1591/2392/1295 1594/2393/1298 1592/2394/1296
f 279/2395/1299 1595/2396/1300 1593/2397/1297 1592/2398/1296
f 279/2399/1299 1596/2400/1301 1597/2401/1302 1595/2402/1300
f 279/2403/1299 1592/2394/1296 1594/2393/1298 1596/2404/1301
f 280/2405/1123 1460/2406/1124 1437/2407/1092 1436/2408/1091
f 1599/2409/1303 291/2410/1304 290/2411/1305 1598/2412/1306
f 281/2413/1307 1600/2414/1308 1601/2415/1309 1602/2416/1310
f 281/2413/1307 1603/2417/1311 1604/2418/1312 1600/2414/1308
f 281/2413/1307 1602/2416/1310 283/2419/1313 1605/2420/1314
f 282/2421/1315 1432/2422/1086 1605/2423/1314 283/2424/1313
f 282/2425/1315 1606/2426/1316 1433/2427/1087 1432/2428/1086
f 282/2429/1315 1607/2430/1317 1608/2431/1318 1606/2432/1316
f 282/2429/1315 287/2433/1319 1609/2434/1320 1607/2430/1317
f 282/2435/1315 283/2436/1313 1602/2437/1310 287/2438/1319
f 284/2439/1321 1610/2440/1322 1611/2441/1323 1612/2442/1324
f 284/2443/1321 1613/2444/1325 1614/2445/1326 1610/2446/1322
f 285/2447/1327 1615/2448/1328 1616/2449/1329 1617/2450/1330
f 285/2451/1327 1618/2452/1331 1619/2453/1332 1620/2454/1333
f 285/2447/1327 1621/2455/1334 1622/2456/1335 1615/2448/1328
f 286/2457/1336 288/2458/1337 1623/2459/1338 1624/2460/1339
f 286/2461/1336 1625/2462/1340 1626/2463/1341 288/2464/1337
f 287/2465/1319 336/2466/1342 1627/2467/1343 1609/2468/1320
f 287/2469/1319 1628/2470/1344 1629/2471/1345 336/2472/1342
f 287/2473/1319 1602/2416/1310 1601/2415/1309 1628/2474/1344
f 286/2475/1336 1630/2476/1346 1621/2477/1334 1625/2478/1340
f 288/2458/1337 1626/2479/1341 1631/2480/1347 1632/2481/1348
f 289/2482/1349 337/2483/1350 1633/2484/1351 1634/2485/1352
f 289/2486/1349 357/2487/1353 335/2488/1354 337/2489/1350
f 289/2490/1349 1634/2491/1352 290/2492/1305 1635/2493/1355
f 289/2494/1349 1636/2495/1356 293/2496/1357 357/2497/1353
f 290/2498/1305 1634/2499/1352 1637/2500/1358 1638/2501/1359
f 291/2502/1304 1639/2503/1360 1640/2504/1361 1641/2505/1362
f 292/2506/1206 358/2507/1208 294/2508/1363 1520/2509/1207
f 293/2510/1357 1642/2511/1364 1643/2512/1365 1644/2513/1366
f 293/2510/1357 1636/2514/1356 1645/2515/1367 1642/2511/1364
f 293/2516/1357 1646/2517/1368 1647/2518/1369 357/2519/1353
f 293/2520/1357 1644/2521/1366 1648/2522/1370 1646/2523/1368
f 294/2508/1363 1649/2524/1371 1522/2525/1211 1520/2509/1207
f 294/2526/1363 358/2527/1208 347/2528/1201 1650/2529/1372
f 294/2530/1363 1650/2531/1372 1651/2532/1373 1652/2533/1374
f 295/2534/1375 1523/2535/1212 1522/2525/1211 1649/2524/1371
f 295/2536/1375 1652/2537/1374 1651/2538/1373 1653/2539/1376
f 296/2540/1377 1654/2541/1378 1655/2542/1379 1656/2543/1380
f 296/2544/1377 1656/2545/1380 1526/2546/1215 1653/2547/1376
f 296/2540/1377 1653/2548/1376 1651/2549/1373 1654/2541/1378
f 295/2536/1375 1653/2539/1376 1526/2550/1215 1523/2551/1212
f 297/2552/1381 1657/2553/1382 1505/2554/1185 1507/2555/1190
f 297/2556/1381 1507/2557/1190 1658/2558/1383 1659/2559/1384
f 297/2560/1381 1659/2561/1384 1660/2562/1385 1657/2563/1382
f 298/2564/1386 1661/2565/1387 1662/2566/1388 1565/2334/1265
f 298/2567/1386 1663/2568/1389 1664/2569/1390 1665/2570/1391
f 298/2567/1386 312/2571/1392 306/2572/1393 1663/2568/1389
f 298/2573/1386 1665/2574/1391 1666/2575/1394 1661/2576/1387
f 299/2577/1395 1667/2578/1396 1578/2361/1280 1577/2360/1279
f 299/2579/1395 1577/2366/1279 1581/2365/1283 1668/2580/1397
f 299/2581/1395 1668/2582/1397 1669/2583/1398 1667/2584/1396
f 300/2585/1399 1670/2586/1400 1669/2587/1398 1668/2588/1397
f 300/2589/1399 1587/2590/1290 1586/2591/1289 1670/2592/1400
f 300/2593/1399 1668/2580/1397 1581/2365/1283 1587/2594/1290
f 301/2595/1401 1591/2386/1295 1590/2385/1294 1671/2596/1402
f 301/2597/1401 1671/2598/1402 1672/2599/1403 1673/2600/1404
f 301/2601/1401 1673/2602/1404 1594/2393/1298 1591/2392/1295
f 302/2603/1405 1596/2404/1301 1594/2393/1298 1673/2602/1404
f 302/2604/1405 1674/2605/1406 1597/2401/1302 1596/2400/1301
f 302/2606/1405 1673/2607/1404 1672/2608/1403 1674/2609/1406
f 303/2610/1407 1675/2611/1408 1676/2612/1409 1677/2613/1410
f 303/2610/1407 1678/2614/1411 1679/2615/1412 1675/2611/1408
f 303/2616/1407 1677/2617/1410 1680/2618/1413 1678/2619/1411
f 304/2620/1414 1555/2325/1253 1560/2324/1258 1681/2621/1415
f 304/2622/1414 1681/2623/1415 1678/2624/1411 1680/2625/1413
f 304/2626/1414 1680/2627/1413 1556/2316/1254 1555/2315/1253
f 305/2628/1416 1682/2629/1417 1677/2630/1410 1676/2631/1409
f 305/2632/1416 1683/2633/1418 1684/2634/1419 1682/2635/1417
f 305/2636/1416 1676/2637/1409 306/2638/1393 1683/2639/1418
f 306/2640/1393 312/2641/1392 1685/2642/1420 1686/2643/1421
f 306/2638/1393 1686/2644/1421 1687/2645/1422 1683/2639/1418
f 306/2646/1393 1676/2612/1409 1675/2611/1408 1663/2647/1389
f 307/2648/1423 1688/2649/1424 1689/2650/1425 1690/2651/1426
f 307/2652/1423 1690/2653/1426 1691/2654/1427 1692/2655/1428
f 307/2656/1423 1692/2657/1428 1693/2658/1429 1688/2659/1424
f 308/2660/1430 1694/2661/1431 1695/2662/1432 1696/2663/1433
f 308/2664/1430 1696/2665/1433 1697/2666/1434 1698/2667/1435
f 308/2668/1430 1698/2669/1435 1691/2670/1427 1694/2671/1431
f 309/2672/1436 1699/2673/1437 1695/2674/1432 1694/2675/1431
f 309/2672/1436 1690/2676/1426 1689/2677/1425 1699/2673/1437
f 309/2672/1436 1694/2675/1431 1691/2678/1427 1690/2676/1426
f 310/2679/1438 1684/2680/1419 1683/2681/1418 1687/2682/1422
f 310/2679/1438 1687/2682/1422 1700/2683/1439 1558/2684/1256
f 310/2685/1438 1558/2686/1256 1557/2317/1255 1684/2634/1419
f 311/2687/1440 1701/2688/1441 1693/2689/1429 1692/2690/1428
f 311/2687/1440 1692/2690/1428 1691/2691/1427 1698/2692/1435
f 311/2693/1440 1698/2667/1435 1697/2666/1434 1701/2694/1441
f 313/2695/1442 1702/2696/1443 315/2697/1444 316/2698/1445
f 313/2695/1442 1703/2699/1446 1704/2700/1447 1702/2696/1443
f 313/2701/1442 316/2702/1445 1705/2703/1448 1706/2704/1449
f 313/2705/1442 1707/2706/1450 1708/2707/1451 1703/2708/1446
f 313/2709/1442 1706/2710/1449 1709/2711/1452 1707/2712/1450
f 314/2713/1453 316/2714/1445 1312/2715/936 1316/2716/941
f 314/2717/1453 1710/2718/1454 1711/2719/1455 316/2702/1445
f 314/2720/1453 1316/2721/941 1313/2722/937 315/2723/1444
f 314/2724/1453 315/2725/1444 1712/2726/1456 1713/2727/1457
f 315/2725/1444 1702/2728/1443 1714/2729/1458 1712/2726/1456
f 315/2730/1444 1313/2731/937 1312/2732/936 316/2733/1445
f 316/2702/1445 1711/2719/1455 1715/2734/1459 1705/2703/1448
f 317/2735/1460 1716/2736/1461 1717/2737/1462 1718/2738/1463
f 317/2739/1460 1719/2740/1464 1720/2741/1465 1716/2742/1461
f 317/2743/1460 1721/2744/1466 1722/2745/1467 318/2746/1468
f 317/2747/1460 1723/2748/1469 1721/2749/1466
f 318/2750/1468 1724/2751/1470 1725/2752/1471 1726/2753/1472
f 318/2754/1468 1727/2755/1473 1719/2740/1464 317/2739/1460
f 318/2746/1468 1722/2745/1467 1728/2756/1474 1724/2757/1470
f 319/2758/1475 1717/2759/1462 1716/2760/1461 1729/2761/1476
f 319/2762/1475 1730/2763/1477 1731/2764/1478 1732/2765/1479
f 319/2766/1475 320/2767/1480 1733/2768/1481 1730/2769/1477
f 319/2770/1475 1729/2771/1476 1734/2772/1482 320/2773/1480
f 320/2774/1480 1734/2775/1482 1735/2776/1483 1736/2777/1484
f 320/2778/1480 1736/2779/1484 321/2780/1485 1737/2781/1486
f 321/2782/1485 1736/2777/1484 1738/2783/1487 1739/2784/1488
f 321/2782/1485 1739/2784/1488 1740/2785/1489 1741/2786/1490
f 321/2782/1485 1741/2786/1490 1742/2787/1491 1743/2788/1492
f 321/2789/1485 1743/2790/1492 1744/2791/1493 1737/2792/1486
f 322/2793/1494 1745/2794/1495 1746/2795/1496 1747/2796/1497
f 322/2793/1494 1747/2796/1497 1748/2797/1498 1749/2798/1499
f 322/2793/1494 1749/2798/1499 1750/2799/1500 1745/2794/1495
f 323/2800/1501 1751/2801/1502 1752/2802/1503 1753/2803/1504
f 323/2804/1501 1754/2805/1505 425/2806/1506 1751/2807/1502
f 323/2808/1501 1753/2809/1504 1748/2810/1498 1747/2811/1497
f 324/2812/1507 1755/2813/1508 1756/2814/1509 1757/2815/1510
f 324/2816/1507 1757/2817/1510 1758/2818/1511 326/2819/1512
f 324/2820/1507 326/2821/1512 1759/2822/1513 1760/2823/1514
f 324/2820/1507 1760/2823/1514 418/2824/1515 1755/2825/1508
f 325/2826/1516 1761/2827/1517 1762/2828/1518 1763/2829/1519
f 325/2830/1516 1763/2831/1519 1764/2832/1520 1765/2833/1521
f 325/2834/1516 1765/2835/1521 1766/2836/1522 1761/2837/1517
f 326/2838/1512 1758/2839/1511 1767/2840/1523 419/2841/1524
f 326/2842/1512 1768/2843/1525 1769/2844/1526 1759/2845/1513
f 326/2846/1512 406/2847/1527 1350/2848/985 1348/2849/982
f 326/2850/1512 1348/1796/982 1347/1795/981 1768/2851/1525
f 326/2852/1512 419/2853/1524 407/2854/1528 406/2855/1527
f 327/2856/1529 1319/1712/944 1318/1711/943 1770/2857/1530
f 1707/2712/1450 1314/2858/938 1319/2859/944 327/2860/1529
f 327/2856/1529 1770/2857/1530 1708/2861/1451 1707/2862/1450
f 318/2750/1468 1726/2753/1472 1771/2863/1531
f 328/2864/1532 429/2865/1533 1772/2866/1534 1773/2867/1535
f 328/2864/1532 1773/2867/1535 1310/2868/931 1305/2869/926
f 328/2864/1532 1305/2869/926 1304/2870/925 1774/2871/1536
f 328/2872/1532 1774/2873/1536 1775/2874/1537 1776/2875/1538
f 328/2876/1532 1776/2877/1538 1777/2878/1539 429/2879/1533
f 329/2880/1187 1778/2881/1540 1779/2882/1541 346/2883/1542
f 329/2884/1187 1780/2885/1543 331/2886/1544 1778/2887/1540
f 329/2884/1187 333/2888/1186 1781/2889/1545 1780/2885/1543
f 329/2880/1187 346/2883/1542 1782/2890/1546 1506/2891/1188
f 330/2892/1547 351/2893/1548 1783/2894/1549 1784/2895/1550
f 330/2896/1547 332/1678/922 1785/2897/1551 1786/2898/1552
f 330/2899/1547 1784/2900/1550 1787/2901/1553 332/2902/922
f 331/2903/1544 1788/2904/1554 1291/2905/902 1789/2906/1555
f 331/2903/1544 1780/2907/1543 1790/2908/1556 1788/2904/1554
f 331/2909/1544 1789/2910/1555 1281/1614/885 1791/2911/1557
f 331/2886/1544 1791/2912/1557 1792/2913/1558 1778/2887/1540
f 1785/2897/1551 332/1678/922 1283/1620/890 3660/1619/889 3668/2914/1559 3669/2915/1560
f 332/2916/922 1787/2917/1553 1277/2918/880 1276/2919/879
f 333/2920/1186 1505/2921/1185 1657/2922/1382 1793/2923/1561
f 333/2924/1186 1793/2925/1561 1495/2926/1169 1499/2927/1174
f 333/2924/1186 1499/2927/1174 1794/2928/1562 1781/2929/1545
f 334/2930/1563 346/2931/1542 1795/2932/1564 344/2933/1565
f 334/2934/1563 344/2935/1565 1796/2936/1566 341/2937/1567
f 334/2938/1563 341/2939/1567 1782/2940/1546 346/2941/1542
f 335/2942/1354 1797/2943/1568 1798/2944/1569 337/2945/1350
f 335/2946/1354 1799/2947/1570 1800/2948/1571 338/2949/1572
f 335/2950/1354 1801/2951/1573 1797/2952/1568
f 1801/2951/1573 336/2953/1342 1797/2952/1568
f 336/2954/1342 1802/2955/1574 1803/2956/1575 1797/2943/1568
f 336/2466/1342 1801/2957/1573 1804/2958/1576 1627/2467/1343
f 335/2959/1354 357/2960/1353 1632/2961/1348 1799/2962/1570
f 337/2945/1350 1798/2944/1569 1805/2963/1577 1806/2964/1578
f 338/2965/1572 1807/2966/1579 1808/2967/1580 1809/2968/1581
f 338/2949/1572 1810/2969/1582 1811/2970/1583 335/2946/1354
f 338/2971/1572 1809/2972/1581 1812/2973/1584 1810/2974/1582
f 338/2965/1572 1800/2975/1571 1637/2500/1358 1807/2966/1579
f 339/2976/1585 1777/2977/1539 1776/2978/1538 1813/2979/1586
f 339/2980/1585 1814/2981/1587 1815/2982/1588 1816/2983/1589
f 339/2980/1585 1817/2984/1590 1818/2985/1591 1814/2981/1587
f 339/2980/1585 1813/2986/1586 1819/2987/1592 1817/2984/1590
f 339/2988/1585 1816/2989/1589 340/2990/1593 1777/2991/1539
f 340/2992/1593 1816/2993/1589 1740/2994/1489 1739/2995/1488
f 340/2992/1593 1739/2995/1488 1738/2996/1487 1820/2997/1594
f 340/2998/1593 1820/2999/1594 1821/3000/1595 1822/3001/1596
f 340/2998/1593 1822/3001/1596 429/3002/1533 1777/3003/1539
f 341/3004/1567 1796/3005/1566 1823/3006/1597 1782/3007/1546
f 342/3008/1598 1823/3009/1597 1796/3010/1566 1824/3011/1599
f 342/3008/1598 1825/3012/1600 349/3013/1601 1823/3009/1597
f 342/3008/1598 1824/3011/1599 350/3014/1602 1825/3012/1600
f 343/3015/1603 1826/3016/1604 352/3017/1605 1827/3018/1606
f 343/3019/1603 1827/3020/1606 345/3021/1607 1783/3022/1549
f 343/3023/1603 1783/2894/1549 351/2893/1548 1826/3024/1604
f 344/3025/1565 1795/3026/1564 1824/3027/1599 1796/3028/1566
f 345/3021/1607 1792/3029/1558 1784/3030/1550 1783/3022/1549
f 345/3031/1607 1827/3032/1606 1828/3033/1608 1779/3034/1541
f 345/3021/1607 1779/2882/1541 1778/2881/1540 1792/3029/1558
f 346/3035/1542 1779/3036/1541 1828/3037/1608 1795/3026/1564
f 347/2528/1201 1515/3038/1200 1829/3039/1609 1830/3040/1610
f 347/2528/1201 1830/3040/1610 1831/3041/1611 1650/2529/1372
f 348/2206/1189 1506/2205/1188 349/3042/1601 1832/3043/1612
f 348/3044/1189 1832/3045/1612 1658/2558/1383 1507/2557/1190
f 349/3046/1601 1833/3047/1613 1834/3048/1614 1832/3049/1612
f 349/3050/1601 1506/3051/1188 1782/3052/1546 1823/3053/1597
f 349/3013/1601 1825/3012/1600 1835/3054/1615 1833/3055/1613
f 350/3056/1602 1824/3027/1599 1795/3026/1564 1828/3037/1608
f 350/3014/1602 1836/3057/1616 1837/3058/1617 1838/3059/1618
f 350/3014/1602 1838/3059/1618 1835/3054/1615 1825/3012/1600
f 350/3014/1602 352/3060/1605 1826/3061/1604 1836/3057/1616
f 350/3062/1602 1828/3033/1608 1827/3032/1606 352/3063/1605
f 351/3064/1548 330/3065/1547 1836/3066/1616 1826/3067/1604
f 353/3068/1619 1624/3069/1339 1839/3070/1620 354/3071/1621
f 353/3072/1619 355/3073/1622 286/2457/1336 1624/2460/1339
f 353/3074/1619 354/3075/1621 356/3076/1623 355/3077/1622
f 354/3078/1621 1839/3079/1620 1840/3080/1624 356/3081/1623
f 355/3082/1622 356/3083/1623 1840/3084/1624 286/3085/1336
f 357/2519/1353 1647/2518/1369 288/2458/1337 1632/2481/1348
f 359/3086/1625 367/3087/1626 1841/3088/1627 1842/3089/1628
f 359/3090/1625 1843/3091/1629 1844/3092/1630 367/3093/1626
f 359/3094/1625 1842/3095/1628 1845/3096/1631 1843/3097/1629
f 360/3098/1632 1846/3099/1633 361/3100/1634 362/3101/1635
f 360/3098/1632 362/3101/1635 1847/3102/1636 1848/3103/1637
f 360/3104/1632 1848/3105/1637 1849/3106/1638 1850/3107/1639
f 361/3100/1634 1851/3108/1640 1852/3109/1641 362/3101/1635
f 361/3110/1634 1846/3111/1633 1853/3112/1642 1854/3113/1643
f 362/3101/1635 474/3114/1644 472/3115/1645 1847/3102/1636
f 362/3116/1635 1852/3117/1641 1855/3118/1646 474/3119/1644
f 363/3120/1647 1856/3121/1648 1854/3122/1643 1857/3123/1649
f 363/3120/1647 1857/3123/1649 1858/3124/1650 364/3125/1651
f 363/3120/1647 1859/3126/1652 1860/3127/1653 1856/3121/1648
f 363/3120/1647 364/3125/1651 365/3128/1654 1861/3129/1655
f 364/3130/1651 1858/3131/1650 370/3132/1656 1862/3133/1657
f 364/3134/1651 1863/3135/1658 396/3136/1659 1864/3137/1660
f 364/3130/1651 1862/3133/1657 1865/3138/1661 1863/3139/1658
f 365/3140/1654 1866/3141/1662 1867/3142/1663 1861/3143/1655
f 365/3144/1654 1868/3145/1664 369/3146/1665 1866/3147/1662
f 366/3148/1666 1869/3149/1667 1870/3150/1668 1871/3151/1669
f 366/3152/1666 1872/3153/1670 1873/3154/1671 1869/3155/1667
f 366/3148/1666 1859/3156/1652 1874/3157/1672 1872/3158/1670
f 366/3148/1666 1875/3159/1673 1860/3160/1653 1859/3156/1652
f 366/3148/1666 1871/3151/1669 1876/3161/1674 1875/3159/1673
f 367/3093/1626 1844/3092/1630 1875/3159/1673 1876/3161/1674
f 367/3162/1626 1644/2513/1366 1643/2512/1365 1841/3163/1627
f 367/3093/1626 1876/3161/1674 1648/2522/1370 1644/2521/1366
f 368/3164/1675 1877/3165/1676 1878/3166/1677 1870/3167/1668
f 368/3164/1675 1870/3167/1668 1869/3168/1667 1879/3169/1678
f 368/3170/1675 1880/3171/1679 1805/2963/1577 1877/3172/1676
f 368/3173/1675 1879/3174/1678 1881/3175/1680 375/3176/1681
f 368/3173/1675 375/3176/1681 1882/3177/1682 1880/3178/1679
f 369/3179/1665 1865/3180/1661 1883/3181/1683 388/3182/1684
f 369/3183/1665 1868/3184/1664 1863/3185/1658 1865/3186/1661
f 370/3187/1656 1858/3188/1650 1884/3189/1685 1885/3190/1686
f 370/3191/1656 1885/3192/1686 1886/3193/1687 1887/3194/1688
f 370/3195/1656 1887/3196/1688 1888/3197/1689 1889/3198/1690
f 371/3199/1691 1890/3200/1692 1891/3201/1693 1892/3202/1694
f 371/3199/1691 1893/3203/1695 1894/3204/1696 1890/3200/1692
f 371/3199/1691 1892/3202/1694 373/3205/1697 1895/3206/1698
f 371/3199/1691 1895/3206/1698 1896/3207/1699 1849/3208/1638
f 371/3199/1691 1849/3208/1638 1848/3209/1637 1893/3203/1695
f 372/3210/1700 1897/3211/1701 1898/3212/1702 1899/3213/1703
f 372/3210/1700 1899/3213/1703 1203/3214/788 1900/3215/1704
f 372/3216/1700 1900/3217/1704 1901/3218/1705 1902/3219/1706
f 373/3205/1697 1903/3220/1707 1888/3221/1689 1895/3206/1698
f 373/3205/1697 1892/3202/1694 1904/3222/1708 393/3223/1709
f 374/3224/1710 1889/3225/1690 392/3226/1711 1905/3227/1712
f 374/3228/1710 1862/3229/1657 370/3230/1656 1889/3231/1690
f 374/3228/1710 376/3232/1713 1906/3233/1714 1883/3234/1683
f 374/3228/1710 1883/3234/1683 1865/3235/1661 1862/3229/1657
f 374/3228/1710 1905/3236/1712 1907/3237/1715 376/3232/1713
f 369/3179/1665 388/3182/1684 1908/3238/1716 1909/3239/1717
f 375/3176/1681 1881/3175/1680 1910/3240/1718 1187/1389/765
f 375/3176/1681 1187/1389/765 1183/1388/761 1911/3241/1719
f 375/3242/1681 1911/3243/1719 1912/3244/1720 1882/3245/1682
f 376/3246/1713 1907/3247/1715 1174/1367/750 1175/1366/752
f 376/3246/1713 1175/1366/752 1913/3248/1721 1178/3249/756
f 376/3246/1713 1178/3249/756 1158/3250/729 1906/3251/1714
f 377/3252/1722 1904/3253/1708 1892/3254/1694 1891/3255/1693
f 377/3252/1722 1891/3255/1693 1914/3256/1723 1915/3257/1724
f 377/3258/1722 1915/3259/1724 1916/3260/1725 393/3261/1709
f 380/3262/1726 1182/3263/760 517/3264/771 1430/3265/1084
f 380/3266/1726 1911/3267/1719 1183/3268/761 1182/3269/760
f 380/3266/1726 1917/3270/1727 1912/3271/1720 1911/3267/1719
f 381/3272/1728 1306/3273/927 1130/3274/684 382/3275/683
f 381/3272/1728 1918/3276/1729 1919/3277/1730 1306/3273/927
f 381/3278/1728 382/3279/683 1177/3280/754 1918/3281/1729
f 379/3282/707 1174/3283/750 1907/3284/1715
f 383/3285/1731 379/3282/707 1907/3284/1715
f 383/3286/1731 1153/1307/721 1144/1287/708 379/1286/707
f 383/3287/1731 1907/3288/1715 1905/3289/1712 1920/3290/1732
f 383/3287/1731 1920/3290/1732 1921/3291/1733 1922/3292/1734
f 383/3286/1731 1922/3293/1734 1154/1308/722 1153/1307/721
f 384/3294/687 1154/3295/722 1922/3296/1734 1923/3297/1735
f 384/3298/687 1923/3299/1735 1924/3300/1736 385/3301/692
f 384/1256/687 1132/1255/686 1155/1309/723 1154/1308/722
f 384/3298/687 385/3301/692 386/1260/689 387/1259/688
f 385/3302/692 1924/3303/1736 1906/3251/1714 1158/3250/729
f 388/3304/1684 1924/3305/1736 1923/3306/1735 1925/3307/1737
f 388/3308/1684 1925/3309/1737 1926/3310/1738 1908/3311/1716
f 389/3312/675 1927/3313/1739 1928/3314/1740 145/3315/672
f 389/3316/675 1926/3317/1738 1929/3318/1741 1927/3319/1739
f 389/3320/675 1124/3321/674 1930/3322/1742 1931/3323/1743
f 389/3320/675 1931/3323/1743 1908/3311/1716 1926/3310/1738
f 390/1296/716 1149/1295/715 1157/3324/727 1928/3325/1740
f 390/3326/716 1932/3327/1744 395/3328/1745 1933/3329/1746
f 390/3330/716 1928/3314/1740 1927/3313/1739 1932/3331/1744
f 390/3332/716 1933/3333/1746 1137/3334/698 1148/3335/713
f 391/3336/714 1148/3337/713 1137/3338/698 1136/3339/697
f 391/3340/714 1136/3341/697 1934/3342/1747 1935/3343/1748
f 391/3340/714 373/3344/1697 393/3261/1709 1145/3345/710
f 392/3346/1711 394/3347/1749 1920/3348/1732 1905/3349/1712
f 392/3226/1711 1889/3225/1690 1888/3221/1689 1903/3220/1707
f 392/3346/1711 1936/3350/1750 1937/3351/1751 394/3347/1749
f 392/3352/1711 1903/3353/1707 1935/3354/1748 1936/3355/1750
f 393/3356/1709 1904/3357/1708 150/3358/701 377/3359/1722
f 394/3360/1749 1929/3361/1741 1921/3362/1733 1920/3363/1732
f 394/3364/1749 1932/3331/1744 1927/3313/1739 1929/3365/1741
f 394/3347/1749 1937/3351/1751 395/3366/1745 1932/3367/1744
f 395/3368/1745 1938/3369/1752 1939/3370/1753 1933/3371/1746
f 395/3372/1745 431/3373/1754 1940/3374/1755 1938/3375/1752
f 396/3376/1659 1941/3377/1756 1942/3378/1757 1943/3379/1758
f 396/3380/1659 433/3381/1759 1944/3382/1760 1864/3383/1660
f 396/3380/1659 1943/3384/1758 1934/3385/1747 433/3381/1759
f 397/3386/1761 1909/3387/1717 1908/3311/1716 1931/3323/1743
f 397/3386/1761 1931/3323/1743 1930/3322/1742 1946/3388/1762
f 397/3389/1761 1717/3390/1462 319/3391/1475 1945/3392/1763
f 397/3393/1761 1946/3394/1762 1718/3395/1463 1717/3396/1462
f 398/3397/1764 1771/2863/1531 1726/2753/1472 1947/3398/1765
f 398/3397/1764 430/3399/1766 1948/3400/1767 1771/2863/1531
f 398/3397/1764 1949/3401/1768 1772/3402/1534 429/3002/1533
f 398/3403/1764 1947/3404/1765 1119/3405/668 1949/3406/1768
f 399/3407/665 400/3408/1769 1110/3409/655 1950/3410/1770
f 399/3411/665 1121/3412/670 1951/3413/1771 400/3414/1769
f 400/3415/1769 405/3416/1772 1952/3417/1773 1114/3418/660
f 400/3415/1769 1951/3419/1771 1953/3420/1774 405/3416/1772
f 399/3421/665 1954/3422/1775 1955/3423/1776 1956/3424/1777
f 399/3425/665 1950/3426/1770 1957/3427/1778 1954/3428/1775
f 399/3421/665 1956/3424/1777 1958/3429/1779 404/3430/666
f 401/3431/1780 1959/3432/1781 434/3433/1782 1960/3434/1783
f 401/3431/1780 1961/3435/1784 1962/3436/1785 1959/3432/1781
f 401/3437/1780 1960/3438/1783 1963/3439/1786 1964/3440/1787
f 402/3441/1788 1965/3442/1789 1966/3443/1790 1967/3444/1791
f 402/3445/1788 1967/3446/1791 1968/3447/1792 1969/3448/1793
f 402/3449/1788 1969/3450/1793 1970/3451/1794 435/3452/1795
f 403/3453/1796 1971/3454/1797 1972/3455/1798 1973/3456/1799
f 403/3453/1796 1940/3457/1755 1974/3458/1800 1971/3454/1797
f 403/3459/1796 1973/3460/1799 1938/3375/1752 1940/3374/1755
f 404/3461/666 1958/3462/1779 1975/3463/1801 1118/3464/667
f 405/3416/1772 1953/3420/1774 1976/3465/1802 1952/3417/1773
f 406/3466/1527 1977/3467/1803 1978/3468/1804 1979/3469/1805
f 406/3466/1527 407/3470/1528 417/3471/1806 1977/3467/1803
f 406/3466/1527 1979/3469/1805 1351/1804/986 1350/1803/985
f 407/3472/1528 1755/3473/1508 418/3474/1515 417/3475/1806
f 407/3476/1528 1980/3477/1807 415/3478/1808 1981/3479/1809
f 407/3480/1528 1981/3481/1809 1756/3482/1509 1755/3483/1508
f 408/3484/1810 1982/3485/1811 1983/3486/1812 416/3487/1813
f 408/3488/1810 1984/3489/1814 1985/3490/1815 1982/3491/1811
f 408/3492/1810 416/3493/1813 1986/3494/1816 1984/3495/1814
f 409/3496/1817 410/3497/1818 1987/3498/1819 1988/3499/1820
f 409/3500/1817 1988/3501/1820 1989/3502/1821 1990/3503/1822
f 409/3504/1817 1990/3505/1822 1991/3506/1823 410/3507/1818
f 410/3508/1818 1991/3509/1823 1992/3510/1824 1987/3511/1819
f 411/3512/1825 1969/3448/1793 1968/3447/1792 1993/3513/1826
f 411/3512/1825 1993/3513/1826 1994/3514/1827 1995/3515/1828
f 411/3516/1825 414/3517/1829 1988/3499/1820 1987/3498/1819
f 412/3518/1830 1996/3519/1831 1997/3520/1832 441/3521/1833
f 412/3522/1830 1998/3523/1834 1999/3524/1835 1996/3525/1831
f 412/3526/1830 441/3527/1833 2000/3528/1836 1998/3529/1834
f 411/3512/1825 1995/3515/1828 2001/3530/1837 414/3531/1829
f 413/3532/1838 2002/3533/1839 2003/3534/1840 414/3535/1829
f 413/3536/1838 414/3537/1829 1970/3451/1794 1969/3450/1793
f 413/3538/1838 1987/3539/1819 1992/3540/1824 2002/3541/1839
f 414/3537/1829 2001/3542/1837 2004/3543/1841 2005/3544/1842
f 414/3545/1829 2003/3546/1840 1989/3547/1821 1988/3548/1820
f 415/3549/1808 1980/3550/1807 2006/3551/1843 2007/3552/1844
f 415/3478/1808 2007/3553/1844 417/3554/1806 1981/3479/1809
f 416/3555/1813 1983/3556/1812 2008/3557/1845 1986/3558/1816
f 417/3559/1806 418/3560/1515 2009/3561/1846 1981/3562/1809
f 418/2824/1515 1760/2823/1514 2010/3563/1847 2011/3564/1848
f 419/2841/1524 1767/2840/1523 2012/3565/1849 2013/3566/1850
f 419/3567/1524 2013/3568/1850 2014/3569/1851 421/3570/1852
f 419/2853/1524 421/3571/1852 1980/3572/1807 407/2854/1528
f 420/3573/1853 2015/3574/1854 2016/3575/1855 2017/3576/1856
f 420/3577/1853 440/3578/1857 2018/3579/1858 2015/3580/1854
f 420/3581/1853 2017/3582/1856 2019/3583/1859 440/3584/1857
f 421/3585/1852 2014/3586/1851 2006/3551/1843 1980/3550/1807
f 422/3587/1860 323/2808/1501 1747/2811/1497 1746/3588/1496
f 422/3589/1860 424/3590/1861 1754/3591/1505 323/3592/1501
f 422/3593/1860 1746/3594/1496 2020/3595/1862 424/3596/1861
f 423/3597/1863 2020/3598/1862 2021/3599/1864 2022/3600/1865
f 423/3601/1863 2022/3602/1865 425/2806/1506 1754/2805/1505
f 423/3603/1863 1754/3604/1505 424/3605/1861 2020/3606/1862
f 425/2806/1506 2022/3602/1865 2023/3607/1866 1751/2807/1502
f 426/3608/1867 1722/3609/1467 1721/3610/1466 2024/3611/1868
f 426/3608/1867 2024/3611/1868 427/3612/1869 2025/3613/1870
f 426/3608/1867 2026/3614/1871 1728/3615/1474 1722/3609/1467
f 427/3616/1869 2027/3617/1872 2028/3618/1873 2029/3619/1874
f 427/3620/1869 2029/3621/1874 2030/3622/1875 2031/3623/1876
f 427/3624/1869 2031/3625/1876 2032/3626/1877 2025/3627/1870
f 428/3628/1878 2027/3629/1872 427/3630/1869 2024/3631/1868
f 428/3632/1878 1723/3633/1469 2033/3634/1879 2027/3635/1872
f 428/3636/1878 2024/3637/1868 1721/3638/1466 1723/3639/1469
f 429/3002/1533 1822/3001/1596 430/3399/1766 398/3397/1764
f 430/3640/1766 1822/3641/1596 1821/3642/1595 1948/3643/1767
f 431/3644/1754 2034/3645/1880 1974/3646/1800 1940/3647/1755
f 431/3644/1754 2035/3648/1881 1864/3649/1660 1944/3650/1760
f 431/3644/1754 1944/3650/1760 2036/3651/1882 2034/3645/1880
f 432/3652/1883 1135/1269/696 2037/3653/1884 2038/3654/1885
f 432/3652/1883 433/3655/1759 149/1266/693 1135/1269/696
f 432/3656/1883 2039/3657/1886 2040/3658/1887 2036/3659/1882
f 432/3660/1883 2038/3661/1885 2041/3662/1888 2039/3663/1886
f 432/3656/1883 2036/3659/1882 1944/3664/1760 433/3665/1759
f 433/3666/1759 1934/3667/1747 1136/3668/697 149/3669/693
f 434/3670/1782 2042/3671/1889 2043/3672/1890 1960/3673/1783
f 434/3674/1782 1959/3675/1781 2044/3676/1891 2042/3677/1889
f 435/3678/1795 1970/3679/1794 1964/3440/1787 1963/3439/1786
f 435/3680/1795 2045/3681/1892 2046/3682/1893 402/3683/1788
f 435/3678/1795 1963/3439/1786 2040/3684/1887 2039/3685/1886
f 436/3686/1894 437/3687/1895 2047/3688/1896 2048/3689/1897
f 436/3690/1894 1990/3691/1822 1989/3692/1821 437/3693/1895
f 436/3694/1894 2048/3695/1897 1991/3506/1823 1990/3505/1822
f 437/3696/1895 1989/3697/1821 2003/3698/1840 2047/3699/1896
f 438/3700/1898 2047/3701/1896 2003/3702/1840 2002/3703/1839
f 438/3704/1898 439/3705/1899 2048/3706/1897 2047/3707/1896
f 438/3708/1898 2002/3709/1839 1992/3710/1824 439/3711/1899
f 439/3712/1899 1992/3713/1824 1991/3714/1823 2048/3715/1897
f 440/3716/1857 2019/3717/1859 2049/3718/1900 2018/3719/1858
f 441/3720/1833 1997/3721/1832 2050/3722/1901 2000/3723/1836
f 442/3724/1902 2051/3725/1903 2052/3726/1904 2053/3727/1905
f 442/3728/1902 457/3729/1906 466/3730/1907 2054/3731/1908
f 442/3732/1902 2053/3733/1905 2055/3734/1909 2056/3735/1910
f 443/3736/1911 2057/3737/1912 467/3738/1913 466/3739/1907
f 443/3740/1911 466/3741/1907 2058/3742/1914 2059/3743/1915
f 443/3744/1911 2060/3745/1916 2061/3746/1917 2062/3747/1918
f 443/3748/1911 2059/3749/1915 2063/3750/1919 2060/3751/1916
f 444/3752/1920 2064/3753/1921 2065/3754/1922 2066/3755/1923
f 444/3752/1920 2067/3756/1924 2068/3757/1925 2069/3758/1926
f 444/3752/1920 2066/3755/1923 2070/3759/1927 2067/3756/1924
f 444/3752/1920 2069/3758/1926 2071/3760/1928 2072/3761/1929
f 444/3762/1920 2072/3763/1929 2073/3764/1930 2074/3765/1931
f 444/3766/1920 2074/3767/1931 2075/3768/1932 2064/3769/1921
f 445/3770/1933 2076/3771/1934 2061/3772/1917 2060/3773/1916
f 2068/3774/1925 2077/3775/1935 2076/3771/1934 445/3770/1933
f 445/3776/1933 2060/3777/1916 2069/3758/1926 2068/3757/1925
f 446/3778/1936 2078/3779/1937 2077/3780/1935 2068/3781/1925
f 446/3782/1936 2068/3783/1925 2067/3784/1924 2079/3785/1938
f 446/3786/1936 2080/3787/1939 2081/3788/1940 2078/3789/1937
f 446/3790/1936 2082/3791/1941 2083/3792/1942 2080/3793/1939
f 447/3794/1943 2084/3795/1944 2052/3796/1904 2085/3797/1945
f 447/3798/1943 2086/3799/1946 2087/3800/1947 2084/3801/1944
f 447/3802/1943 2085/3803/1945 2088/3804/1948 2089/3805/1949
f 448/3806/1950 2080/3793/1939 2083/3792/1942 2090/3807/1951
f 448/3806/1950 2090/3807/1951 2091/3808/1952 2092/3809/1953
f 448/3810/1950 2092/3811/1953 467/3738/1913 2057/3737/1912
f 448/3812/1950 2057/3813/1912 2093/3814/1954 2094/3815/1955
f 448/3816/1950 2094/3817/1955 2081/3788/1940 2080/3787/1939
f 449/3818/1956 2095/3819/1957 2096/3820/1958 455/3821/1959
f 449/3822/1956 2097/3823/1960 2098/3824/1961 456/3825/1962
f 449/3826/1956 455/3827/1959 2099/3828/1963 2097/3829/1960
f 450/3830/1964 451/3831/1965 2097/3829/1960 2099/3828/1963
f 450/3832/1964 2100/3833/1966 2101/3834/1967 2102/3835/1968
f 450/3836/1964 2099/3837/1963 2098/3838/1961 2103/3839/1969
f 450/3832/1964 2104/3840/1970 2105/3841/1971 451/3842/1965
f 450/3832/1964 2102/3835/1968 2106/3843/1972 2104/3840/1970
f 450/3832/1964 2103/3844/1969 2107/3845/1973 2100/3833/1966
f 451/3842/1965 2105/3841/1971 452/3846/1974 2108/3847/1975
f 451/3848/1965 2103/3849/1969 2098/3824/1961 2097/3823/1960
f 451/3842/1965 2108/3847/1975 2107/3845/1973 2103/3844/1969
f 452/3850/1974 2105/3851/1971 2109/3852/1976 2110/3853/1977
f 452/3854/1974 2110/3855/1977 2111/3856/1978 2108/3857/1975
f 453/3858/1979 2112/3859/1980 456/3860/1962 2113/3861/1981
f 453/3862/1979 2111/3863/1978 2110/3864/1977 2112/3865/1980
f 453/3862/1979 2113/3866/1981 2114/3867/1982 2111/3863/1978
f 454/3868/1983 2112/3869/1980 2110/3853/1977 2109/3852/1976
f 454/3870/1983 449/3871/1956 456/3860/1962 2112/3859/1980
f 454/3872/1983 2109/3873/1976 2115/3874/1984 449/3875/1956
f 455/3876/1959 456/3877/1962 2098/3838/1961 2099/3837/1963
f 455/3878/1959 2096/3879/1958 2116/3880/1985 2117/3881/1986
f 455/3878/1959 2117/3881/1986 2113/3861/1981 456/3860/1962
f 457/3882/1906 2074/3883/1931 2073/3884/1930 2118/3885/1987
f 457/3886/1906 2119/3887/1988 2075/3768/1932 2074/3767/1931
f 457/3888/1906 2118/3889/1987 2058/3890/1914 466/3891/1907
f 458/3892/1989 459/3893/1990 2120/3894/1991 2121/3895/1992
f 458/3896/1989 2122/3897/1993 2123/3898/1994 459/3899/1990
f 458/3900/1989 2121/3901/1992 2124/3902/1995 2122/3903/1993
f 459/3904/1990 2123/3905/1994 2125/3906/1996 2120/3907/1991
f 460/3908/1997 2126/3909/1998 2046/3910/1893 2127/3911/1999
f 460/3908/1997 2127/3911/1999 2128/3912/2000 2129/3913/2001
f 460/3914/1997 2129/3915/2001 2130/3916/2002 2126/3917/1998
f 461/3918/2003 2131/3919/2004 2132/3920/2005 2133/3921/2006
f 461/3922/2003 462/3923/2007 2134/3924/2008 2131/3925/2004
f 461/3926/2003 2133/3927/2006 2135/3928/2009 462/3929/2007
f 462/3930/2007 2135/3931/2009 2136/3932/2010 2134/3933/2008
f 463/3934/2011 2137/3935/2012 2130/3916/2002 2129/3915/2001
f 463/3936/2011 2138/3937/2013 2037/3653/1884 2137/3938/2012
f 463/3939/2011 2129/3940/2001 2128/3941/2000 2138/3942/2013
f 464/3943/2014 2139/3944/2015 2041/3662/1888 2038/3661/1885
f 464/3945/2014 2038/3654/1885 2037/3653/1884 2138/3937/2013
f 464/3943/2014 2138/3946/2013 2128/3947/2000 2139/3944/2015
f 465/3948/2016 2127/3949/1999 2046/3682/1893 2045/3681/1892
f 465/3950/2016 2045/3951/1892 2041/3952/1888 2139/3953/2015
f 465/3948/2016 2139/3954/2015 2128/3955/2000 2127/3949/1999
f 442/3956/1902 2056/3957/1910 2119/3958/1988 457/3959/1906
f 467/3960/1913 2140/3961/2017 2054/3731/1908 466/3730/1907
f 467/3960/1913 2141/3962/2018 2142/3963/2019 2140/3961/2017
f 467/3738/1913 2092/3811/1953 2143/3964/2020 2141/3965/2018
f 468/3966/2021 2144/3967/2022 2145/3968/2023 2146/3969/2024
f 468/3970/2021 2147/3971/2025 470/3972/2026 2144/3973/2022
f 468/3970/2021 2146/3974/2024 2148/3975/2027 2149/3976/2028
f 469/3977/2029 2150/3978/2030 2151/3979/2031 470/3980/2026
f 469/3981/2029 471/3982/2032 2152/3983/2033 2150/3984/2030
f 469/3985/2029 470/3986/2026 2153/3987/2034 1024/3988/531
f 470/3972/2026 2147/3971/2025 2154/3989/2035 2153/3990/2034
f 471/3991/2032 1914/3256/1723 2155/3992/2036 2156/3993/2037
f 471/3991/2032 2157/3994/2038 1915/3257/1724 1914/3256/1723
f 471/3995/2032 2156/3996/2037 2158/3997/2039 2152/3998/2033
f 471/3991/2032 469/3999/2029 2159/4000/2040 2157/3994/2038
f 472/3115/1645 2160/4001/2041 2161/4002/2042 1847/3102/1636
f 472/3115/1645 474/3114/1644 2162/4003/2043 2160/4001/2041
f 473/4004/2044 2163/4005/2045 2164/4006/2046 2165/4007/2047
f 475/4008/2048 2166/4009/2049 2167/4010/2050 2168/4011/2051
f 2170/4012/2052 2171/4013/2053 2166/4014/2049 475/4015/2048
f 475/4015/2048 2168/4016/2051 2169/4017/2054 2170/4012/2052
f 2172/4018/2055 477/4019/2056 478/4020/2057
f 476/4021/2058 2172/4018/2055 478/4020/2057
f 476/4021/2058 2173/4022/2059 2174/4023/2060 2091/3808/1952
f 476/4021/2058 2175/4024/2061 2176/4025/2062 2172/4018/2055
f 476/4021/2058 478/4020/2057 2177/4026/2063 2173/4022/2059
f 477/4027/2056 2178/4028/2064 2168/4029/2051 2167/4030/2050
f 477/4031/2056 2167/4032/2050 2179/4033/2065 478/4034/2057
f 479/4035/2066 480/4036/2067 2180/4037/2068 2181/4038/2069
f 479/4039/2066 2181/4040/2069 2182/4041/2070 2183/4042/2071
f 479/4043/2066 2183/4044/2071 2184/4045/2072 480/4046/2067
f 480/4047/2067 2184/4048/2072 2185/4049/2073 2180/4050/2068
f 481/4051/2074 2186/4052/2075 2187/4053/2076 482/4054/2077
f 481/4055/2074 482/4056/2077 2188/4057/2078 2189/4058/2079
f 481/4059/2074 2189/4060/2079 2190/4061/2080 2186/4062/2075
f 482/4063/2077 2187/4064/2076 2191/4065/2081 2188/4066/2078
f 483/4067/2082 2192/4068/2083 2193/4069/2084 484/4070/2085
f 483/4071/2082 2194/4072/2086 2195/4073/2087 2192/4074/2083
f 483/4075/2082 2196/4076/2088 2197/4077/2089 2198/4078/2090
f 483/4079/2082 2198/4080/2090 2199/4081/2091 2194/4082/2086
f 483/4083/2082 484/4084/2085 501/4085/2092 2196/4086/2088
f 484/4087/2085 2193/4088/2084 2200/4089/2093 501/4090/2092
f 485/4091/2094 2201/4092/2095 2202/4093/2096 2203/4094/2097
f 485/4091/2094 2203/4094/2097 2204/4095/2098 2205/4096/2099
f 485/4097/2094 2205/4098/2099 2206/4099/2100 2207/4100/2101
f 485/4101/2094 2195/4102/2087 490/4103/2102 2201/4104/2095
f 485/4105/2094 2207/4106/2101 2192/4107/2083 2195/4108/2087
f 486/4109/2103 2208/4110/2104 2209/4111/2105 2210/4112/2106
f 486/4113/2103 489/4114/2107 2211/4115/2108 2208/4116/2104
f 486/4117/2103 2210/4118/2106 2206/4119/2100 2205/4120/2099
f 486/4121/2103 2205/4122/2099 2204/4123/2098 2212/4124/2109
f 486/4113/2103 2212/4125/2109 2213/4126/2110 489/4114/2107
f 487/4127/2111 2213/4128/2110 2212/4124/2109 2214/4129/2112
f 487/4130/2111 2214/4131/2112 488/4132/2113 2215/4133/2114
f 487/4130/2111 2215/4133/2114 2216/4134/2115 2213/4135/2110
f 488/4136/2113 2214/4137/2112 2217/4138/2116 2218/4139/2117
f 488/4132/2113 2218/4140/2117 2219/4141/2118 2215/4133/2114
f 489/4142/2107 2220/4143/2119 2221/4144/2120 2211/4145/2108
f 489/4146/2107 2222/4147/2121 2223/4148/2122 2220/4149/2119
f 489/4150/2107 2213/4151/2110 2216/4152/2115 2222/4153/2121
f 490/4154/2102 2195/4073/2087 2194/4072/2086 491/4155/2123
f 490/4156/2102 491/4157/2123 492/4158/2124 2224/4159/2125
f 491/4160/2123 497/4161/2126 2225/4162/2127 492/4163/2124
f 491/4164/2123 2194/4082/2086 2199/4081/2091 2226/4165/2128
f 491/4166/2123 2226/4167/2128 2227/4168/2129 497/4169/2126
f 492/4170/2124 2228/4171/2130 2229/4172/2131 2230/4173/2132
f 492/4170/2124 2225/4174/2127 2231/4175/2133 2228/4171/2130
f 492/4176/2124 2230/4177/2132 2232/4178/2134 2224/4179/2125
f 493/4180/2135 2233/4181/2136 2234/4182/2137 2235/4183/2138
f 493/4184/2135 2236/4185/2139 2237/4186/2140 2233/4187/2136
f 493/4188/2135 2235/4189/2138 2238/4190/2141 2236/4191/2139
f 494/4192/2142 2239/4193/2143 2240/4194/2144 495/4195/2145
f 494/4196/2142 2241/4197/2146 2242/4198/2147 2239/4199/2143
f 494/4200/2142 495/4201/2145 2243/4202/2148 2241/4203/2146
f 495/4204/2145 2240/4205/2144 2244/4206/2149 2243/4207/2148
f 496/4208/2150 2237/4186/2140 2241/4209/2146 2243/4210/2148
f 496/4211/2150 2243/4212/2148 2244/4213/2149 2245/4214/2151
f 496/4208/2150 2245/4215/2151 2233/4187/2136 2237/4186/2140
f 497/4161/2126 2246/4216/2152 2247/4217/2153 2225/4162/2127
f 497/4218/2126 2227/4219/2129 2197/4220/2089 2196/4221/2088
f 497/4161/2126 2196/4086/2088 501/4085/2092 2246/4216/2152
f 498/4222/2154 2248/4223/2155 2249/4224/2156 2250/4225/2157
f 498/4226/2154 2251/4227/2158 499/4228/2159 2252/4229/2160
f 498/4230/2154 2250/4231/2157 2253/4232/2161 2251/4233/2158
f 498/4234/2154 2254/4235/2162 2255/4236/2163 2248/4237/2155
f 498/4238/2154 2252/4239/2160 2256/4240/2164 2254/4241/2162
f 499/4228/2159 2220/4149/2119 2223/4148/2122 2252/4229/2160
f 499/4242/2159 2257/4243/2165 2221/4244/2120 2220/4245/2119
f 2258/4246/2166 503/4247/2167 2259/4248/2168
f 500/4249/2169 2258/4246/2166 2259/4248/2168
f 500/4250/2169 2260/4251/2170 2261/4252/2171 2258/4253/2166
f 500/4254/2169 2262/4255/2172 2263/4256/2173 2264/4257/2174
f 500/4258/2169 2259/4259/2168 2265/4260/2175 2262/4261/2172
f 501/4090/2092 2200/4089/2093 2266/4262/2176 2267/4263/2177
f 501/4264/2092 2267/4265/2177 2268/4266/2178 2246/4267/2152
f 502/4268/2179 2269/4269/2180 2270/4270/2181 2271/4271/2182
f 502/4272/2179 503/4273/2167 2272/4274/2183 2273/4275/2184
f 503/4273/2167 2258/4276/2166 2274/4277/2185 2272/4274/2183
f 504/4278/2186 2270/4279/2181 2275/4280/2187 505/4281/2188
f 2277/4282/2189 2271/4283/2182 2270/4284/2181 504/4285/2186
f 504/4286/2186 505/4287/2188 2276/4288/2190 2277/4289/2189
f 500/4290/2169 2278/4291/2191 2279/4292/2192 2260/4293/2170
f 500/4290/2169 505/4294/2188 2280/4295/2193 2278/4291/2191
f 500/4296/2169 2264/4297/2174 2281/4298/2194 505/4299/2188
f 505/4294/2188 2275/4300/2187 2282/4301/2195 2280/4295/2193
f 505/4287/2188 2281/4302/2194 2283/4303/2196 2276/4288/2190
f 506/4304/2197 509/4305/2198 528/4306/2199 2284/4307/2200
f 506/4304/2197 2284/4307/2200 2285/4308/2201 2286/4309/2202
f 506/4304/2197 2286/4309/2202 2287/4310/2203 2288/4311/2204
f 507/4312/2205 2289/4313/2206 2290/4314/2207 2291/4315/2208
f 507/4316/2205 2292/4317/2209 2293/4318/2210 2294/4319/2211
f 507/4316/2205 2291/4320/2208 2295/4321/2212 2292/4317/2209
f 508/4322/2213 2296/4323/2214 2285/4324/2201 2284/4325/2200
f 508/4326/2213 2297/4327/2215 2298/4328/2216 2296/4329/2214
f 508/4330/2213 1897/4331/1701 2299/4332/2217 2297/4333/2215
f 509/4334/2198 2300/4335/2218 2301/4336/2219 528/4337/2199
f 509/4305/2198 506/4304/2197 2302/4338/2220 2303/4339/2221
f 509/4305/2198 2303/4339/2221 2304/4340/2222 2300/4341/2218
f 510/4342/2223 2305/4343/2224 511/4344/2225 2306/4345/2226
f 510/4346/2223 2307/4347/2227 2308/4348/2228 2305/4349/2224
f 510/4350/2223 2309/4351/2229 2310/4352/2230 2307/4353/2227
f 511/4344/2225 2311/4354/2231 2312/4355/2232 534/4356/2233
f 511/4357/2225 534/4358/2233 2300/4359/2218 2304/4360/2222
f 511/4344/2225 2305/4343/2224 2313/4361/2234 2311/4354/2231
f 511/4362/2225 2304/4363/2222 2314/4364/2235 2306/4365/2226
f 512/4366/2236 2315/4367/2237 2316/4368/2238 2309/4369/2229
f 512/4370/2236 2309/4371/2229 2317/4372/2239 2318/4373/2240
f 512/4374/2236 2319/4375/2241 2320/4376/2242 2321/4377/2243
f 512/4378/2236 2318/4379/2240 2322/4380/2244 2323/4381/2245
f 512/4378/2236 2323/4381/2245 2324/4382/2246 2319/4383/2241
f 512/4384/2236 2325/4385/2247 2326/4386/2248 2315/4387/2237
f 512/4374/2236 2321/4377/2243 2327/4388/2249 2325/4389/2247
f 513/4390/2250 2328/4391/2251 2329/4392/2252 2330/4393/2253
f 513/4394/2250 518/4395/2254 2331/4396/2255 2328/4397/2251
f 2335/4398/2256 2336/4399/2257 2337/4400/2258 2332/4401/2259
f 2330/4402/2253 2333/4403/2260 2334/4404/2261 2335/4405/2256
f 337/2945/1350 1806/2964/1578 2336/4406/2257 514/4407/2262
f 514/4408/2262 2336/4409/2257 2335/4410/2256 2338/4411/2263
f 514/4412/2262 2338/4413/2263 2339/4414/2264 2340/4415/2265
f 514/4416/2262 2340/4417/2265 1640/2504/1361 515/4418/2266
f 515/4419/2266 2341/4420/2267 516/4421/2268 2342/4422/2269
f 515/4423/2266 2342/4424/2269 2343/4425/2270 1808/2967/1580
f 515/4419/2266 1640/4426/1361 1639/4427/1360 2341/4420/2267
f 516/4428/2268 830/4429/293 829/4430/292 2344/4431/2271
f 516/4432/2268 2341/4433/2267 1190/1396/770 1189/1395/769
f 517/4434/771 2345/4435/2272 1431/1999/1085 1430/1998/1084
f 517/1397/771 1190/1396/770 2346/4436/2273 2345/4437/2272
f 516/4438/2268 2344/4439/2271 2347/4440/2274 2342/4441/2269
f 518/4442/2254 2348/4443/2275 2349/4444/2276 2350/4445/2277
f 518/4446/2254 2350/4447/2277 2351/4448/2278 2331/4449/2255
f 518/4450/2254 513/4451/2250 2347/4440/2274 2344/4439/2271
f 518/4452/2254 2344/4453/2271 829/564/292 2348/4454/2275
f 519/4455/2279 835/4456/299 816/4457/272 820/4458/280
f 519/4455/2279 2352/4459/2280 836/4460/300 835/4456/299
f 519/4461/2279 2353/4462/2281 2354/4463/2282 2352/4464/2280
f 520/4465/2283 2355/4466/2284 2356/4467/2285 2357/4468/2286
f 520/4469/2283 2357/4470/2286 821/4471/281 521/4472/276
f 521/4473/276 811/508/265 809/506/263 522/4474/2287
f 522/4474/2287 809/506/263 808/505/262 523/4475/2288
f 522/4476/2287 523/4477/2288 536/4478/2289 570/4479/2290
f 523/4475/2288 808/505/262 1196/4480/780 1195/4481/779
f 523/4482/2288 1195/1414/779 1197/1413/781 2358/4483/2291
f 523/4482/2288 2358/4483/2291 535/4484/2292 536/4485/2289
f 524/4486/2293 2357/4487/2286 2356/4488/2285 2359/4489/2294
f 524/4486/2293 2359/4489/2294 2307/4490/2227 2310/4491/2230
f 524/4486/2293 2360/4492/2295 821/4493/281 2357/4487/2286
f 524/4494/2293 2361/4495/2296 2354/4463/2282 2360/4496/2295
f 524/4497/2293 2310/4498/2230 2362/4499/2297 2361/4500/2296
f 525/4501/2298 2308/4502/2228 2363/4503/2299 2364/4504/2300
f 525/4505/2298 2364/4506/2300 1197/4507/781 526/4508/778
f 525/4509/2298 526/4510/778 1203/3214/788 1899/3213/1703
f 525/4509/2298 2313/4511/2234 2305/4349/2224 2308/4348/2228
f 525/4509/2298 1899/3213/1703 1898/3212/1702 2313/4511/2234
f 527/1439/797 1214/1443/801 2365/4512/2301 2366/4513/2302
f 527/4514/797 2367/4515/2303 2368/4516/2304 1211/4517/798
f 527/4514/797 2366/4518/2302 2369/4519/2305 2367/4515/2303
f 528/4520/2199 2294/4319/2211 2165/4521/2047 1902/4522/1706
f 528/4523/2199 1902/4524/1706 1901/4525/1705 2368/4526/2304
f 529/4527/2306 2301/4528/2219 2300/4529/2218 534/4530/2233
f 529/4531/2306 534/4532/2233 2369/4519/2305 2370/4533/2307
f 529/4534/2306 2371/4535/2308 507/4316/2205 2301/4536/2219
f 507/4316/2205 2294/4319/2211 528/4520/2199 2301/4536/2219
f 507/4537/2205 2371/4538/2308 2372/4539/2309 2289/4540/2206
f 530/4541/2310 2373/4542/2311 2374/4543/2312 2375/4544/2313
f 533/4545/2314 2379/4546/2315 2373/4547/2311 530/4548/2310
f 530/4549/2310 2375/4550/2313 2376/4551/2316 2377/4552/2317
f 530/4553/2310 2377/4554/2317 2378/4555/2318 533/4556/2314
f 531/4557/2319 2380/4558/2320 2381/4559/2321 2382/4560/2322
f 531/4561/2319 2383/4562/2323 532/4563/2324 2380/4564/2320
f 531/4557/2319 2382/4560/2322 595/4565/2325 2384/4566/2326
f 532/4567/2324 2383/4568/2323 533/4556/2314 2378/4555/2318
f 534/4569/2233 2312/4570/2232 2367/4571/2303 2369/4572/2305
f 535/4573/2292 2385/4574/2327 2386/4575/2328 2387/4576/2329
f 535/4577/2292 2358/4578/2291 2388/4579/2330 2385/4580/2327
f 536/4581/2289 535/4582/2292 2370/4583/2307 2389/4584/2331
f 536/4581/2289 2390/4585/2332 708/240/128 570/4586/2290
f 536/4581/2289 2389/4584/2331 2391/4587/2333 2390/4585/2332
f 537/4588/2334 2392/4589/2335 740/327/169 2393/4590/2336
f 537/4591/2334 2393/4592/2336 2394/4593/2337 2395/4594/2338
f 537/4591/2334 2395/4594/2338 755/364/186 754/363/185
f 537/4591/2334 754/363/185 539/4595/2339 2396/4596/2340
f 537/4597/2334 2396/4598/2340 2397/4599/2341 2392/4600/2335
f 2401/4601/2342 2402/4602/2343 540/4603/2344 538/4604/2345
f 538/4605/2345 540/4606/2344 2398/4607/2346 2399/4608/2347
f 538/4605/2345 2399/4608/2347 2400/4609/2348 2401/4610/2342
f 539/4595/2339 548/4611/2349 569/4612/2350 2396/4596/2340
f 539/4613/2339 2403/4614/2351 2404/4615/2352 548/4616/2349
f 539/4617/2339 2401/4618/2342 2400/4619/2348 2403/4620/2351
f 539/4595/2339 754/363/185 753/362/184 2401/4621/2342
f 540/4622/2344 2405/4623/2353 581/4624/2354 2398/4625/2346
f 540/4626/2344 2406/4627/2355 2407/4628/2356 2405/4629/2353
f 541/4630/2357 2408/4631/2358 2409/4632/2359 542/4633/2360
f 541/4630/2357 542/4633/2360 2410/4634/2361 544/4635/2362
f 541/4630/2357 544/4635/2362 2407/4628/2356 2408/4631/2358
f 542/4633/2360 2411/4636/2363 543/4637/2364 2410/4634/2361
f 543/4637/2364 2412/4638/2365 2413/4639/2366 2410/4634/2361
f 543/4637/2364 2411/4636/2363 2414/4640/2367 2412/4638/2365
f 544/4635/2362 2410/4634/2361 2413/4639/2366 580/4641/2368
f 544/4635/2362 580/4641/2368 2405/4629/2353 2407/4628/2356
f 545/4642/2369 2387/4643/2329 2386/4644/2328 2415/4645/2370
f 545/4642/2369 2371/4535/2308 529/4534/2306 2387/4643/2329
f 545/4646/2369 2415/4647/2370 2416/4648/2371 2417/4649/2372
f 545/4642/2369 581/4650/2354 2372/4651/2309 2371/4535/2308
f 545/4646/2369 2417/4649/2372 2398/4652/2346 581/4653/2354
f 547/4654/2373 556/4655/2374 2418/4656/2375 2400/4657/2348
f 546/4658/2376 547/4659/2373 2400/4660/2348 2399/4661/2347
f 546/4662/2376 554/4663/2377 555/4664/2378 3511/4665/2379
f 548/4666/2349 2419/4667/2380 2417/4649/2372 2416/4648/2371
f 548/4666/2349 2416/4648/2371 2420/4668/2381 569/4669/2350
f 548/4670/2349 2404/4671/2352 2421/4672/2382 2419/4673/2380
f 547/4674/2373 555/4675/2378 2422/4676/2383 556/4677/2374
f 546/4662/2376 2399/4678/2347 2419/4673/2380 2421/4672/2382
f 546/4662/2376 2421/4672/2382 2423/4679/2384 554/4663/2377
f 549/4680/2385 2424/4681/2386 552/4682/2387 553/4683/2388
f 549/4684/2385 553/4685/2388 2425/4686/2389 558/4687/2390
f 549/4688/2385 558/4689/2390 565/4690/2391 2424/4691/2386
f 550/4692/2392 2426/4693/2393 2427/4694/2394 2428/4695/2395
f 550/4696/2392 2428/4697/2395 2429/4698/2396 552/4699/2387
f 550/4700/2392 552/4701/2387 2424/4702/2386 2426/4703/2393
f 551/4704/2397 2430/4705/2398 2431/4706/2399 2432/4707/2400
f 551/4708/2397 2432/4709/2400 2433/4710/2401 2429/4711/2396
f 551/4708/2397 2429/4711/2396 2428/4712/2395 2430/4713/2398
f 552/4699/2387 2429/4698/2396 2433/4714/2401 579/4715/2402
f 552/4716/2387 579/4717/2402 2425/4718/2389 553/4719/2388
f 554/4720/2377 2423/4721/2384 579/4722/2402 555/4723/2378
f 556/4655/2374 2434/4724/2403 2435/4725/2404 2418/4656/2375
f 556/4726/2374 2422/4727/2383 2436/4728/2405 2437/4729/2406
f 556/4730/2374 2437/4731/2406 561/4732/2407 2434/4733/2403
f 557/4734/2408 2425/4735/2389 579/4736/2402 2423/4737/2384
f 557/4734/2408 565/4738/2391 558/4739/2390 2425/4735/2389
f 557/4740/2408 2423/4741/2384 2421/4742/2382 2404/4743/2352
f 557/4744/2408 2438/4745/2409 562/4746/2410 565/4747/2391
f 557/4744/2408 2404/4748/2352 2403/4749/2351 2438/4745/2409
f 559/4750/2411 2439/4751/2412 2440/4752/2413 2441/4753/2414
f 559/4754/2411 2441/4755/2414 2435/4756/2404 2434/4757/2403
f 559/4758/2411 2434/4759/2403 561/4760/2407 2439/4761/2412
f 560/4762/2415 2437/4763/2406 2436/4764/2405 2442/4765/2416
f 560/4766/2415 2442/4767/2416 2440/4768/2413 2439/4769/2412
f 560/4770/2415 2439/4771/2412 561/4772/2407 2437/4773/2406
f 562/4774/2410 2438/4775/2409 2418/4656/2375 2435/4725/2404
f 562/4776/2410 2443/4777/2417 564/4778/2418 565/4779/2391
f 562/4774/2410 2435/4725/2404 2441/4780/2414 2444/4781/2419
f 563/4782/2420 2445/4783/2421 2427/4784/2394 2443/4785/2417
f 563/4786/2420 2443/4787/2417 562/4788/2410 2444/4789/2419
f 563/4790/2420 2444/4791/2419 2446/4792/2422 2445/4793/2421
f 564/4794/2418 2443/4795/2417 2427/4796/2394 2426/4797/2393
f 564/4798/2418 2426/4703/2393 2424/4702/2386 565/4799/2391
f 566/4800/2423 568/320/164 735/319/163 2447/4801/2424
f 566/4802/2423 2447/4803/2424 2448/4804/2425 2449/4805/2426
f 566/4806/2423 2449/4807/2426 2450/4808/2427 568/4809/164
f 567/4810/2428 2450/4811/2427 2451/4812/2429 2452/4813/2430
f 567/4814/2428 2452/4815/2430 745/4816/174 2453/4817/2431
f 567/4818/2428 2454/4819/2432 568/4809/164 2450/4808/2427
f 568/4820/164 2454/4821/2432 2455/4822/2433 736/323/165
f 569/4823/2350 2456/4824/2434 2397/4825/2341 2396/4826/2340
f 569/4669/2350 2457/4827/2435 2458/4828/2436 2456/4829/2434
f 570/4586/2290 708/240/128 707/239/127 2459/4830/2437
f 570/4479/2290 2459/4831/2437 2460/4832/2438 2461/4833/2439
f 570/4479/2290 2461/4833/2439 2462/4834/2440 522/4476/2287
f 571/4835/2441 2463/4836/2442 2464/4837/2443 520/4838/2283
f 572/4839/2444 2465/4840/2445 2466/4841/2446 2467/4842/2447
f 572/4839/2444 2457/4843/2435 2468/4844/2448 2465/4840/2445
f 572/4845/2444 2469/4846/2449 2458/4847/2436 2457/4848/2435
f 572/4839/2444 2467/4842/2447 2470/4849/2450 2471/4850/2451
f 572/4851/2444 2471/4852/2451 743/4853/172 2469/4854/2449
f 573/4855/2452 2472/4856/2453 2473/4857/2454 2474/4858/2455
f 573/4859/2452 2474/4860/2455 2475/4861/2456 575/4862/2457
f 573/4863/2452 575/4864/2457 2476/4865/2458 2472/4866/2453
f 574/4867/2459 2477/4868/2460 2467/4842/2447 2466/4841/2446
f 574/4869/2459 2478/4870/2461 729/4871/156 728/4872/155
f 574/4869/2459 2479/4873/2462 2480/4874/2463 2478/4870/2461
f 574/4875/2459 2466/4876/2446 2481/4877/2464 2479/4878/2462
f 574/4869/2459 728/4872/155 733/4879/160 2477/4880/2460
f 575/4881/2457 2475/4882/2456 2482/4883/2465 2476/4884/2458
f 576/4885/2466 578/4886/2467 2483/4887/2468 2484/4888/2469
f 576/4889/2466 2485/4890/2470 2486/4891/2471 578/4892/2467
f 576/4893/2466 2487/4894/2472 2488/4895/2473 2489/4896/2474
f 576/4889/2466 2489/4897/2474 2490/4898/2475 2485/4890/2470
f 576/4899/2466 2484/4900/2469 2491/4901/2476 2487/4902/2472
f 577/4903/2477 2492/4904/2478 2493/4905/2479 2451/4906/2429
f 577/4907/2477 2449/4805/2426 2448/4804/2425 2492/4908/2478
f 577/4909/2477 2451/4910/2429 2450/4808/2427 2449/4807/2426
f 578/4892/2467 2486/4891/2471 2494/4911/2480 2495/4912/2481
f 578/4913/2467 2495/4914/2481 2496/4915/2482 2497/4916/2483
f 578/4917/2467 2497/4918/2483 2498/4919/2484 2483/4920/2468
f 580/4641/2368 2413/4639/2366 581/4921/2354 2405/4629/2353
f 582/4922/2485 2484/4888/2469 2483/4887/2468 2499/4923/2486
f 582/4924/2485 2499/4925/2486 2500/4926/2487 2501/4927/2488
f 582/4928/2485 2501/4929/2488 2502/4930/2489 2503/4931/2490
f 582/4932/2485 2503/4933/2490 2504/4934/2491 2505/4935/2492
f 582/4936/2485 2505/4937/2492 2491/4901/2476 2484/4900/2469
f 583/4938/2493 2506/4939/2494 2507/4940/2495 2508/4941/2496
f 583/4938/2493 1590/2385/1294 1589/2384/1293 2506/4939/2494
f 583/4942/2493 2508/4943/2496 2509/4944/2497 2510/4945/2498
f 583/4946/2493 2510/4947/2498 1671/4948/1402 1590/4949/1294
f 584/4950/2499 585/4951/2500 2511/4952/2501 2512/4953/2502
f 584/4954/2499 2512/4955/2502 2488/4895/2473 2487/4894/2472
f 585/4956/2500 2513/4957/2503 2514/4958/2504 2511/4959/2501
f 585/4951/2500 584/4950/2499 2515/4960/2505 2513/4961/2503
f 586/4962/2506 2516/4963/2507 587/4964/2508 591/4965/2509
f 586/4966/2506 591/4967/2509 2517/4968/2510 2518/4969/2511
f 586/4966/2506 2518/4969/2511 2519/4970/2512 2516/4971/2507
f 587/4972/2508 590/4973/2513 2517/4974/2510 591/4975/2509
f 587/4976/2508 2505/4935/2492 2504/4934/2491 590/4977/2513
f 587/4964/2508 2516/4963/2507 2520/4978/2514 2521/4979/2515
f 587/4980/2508 2521/4981/2515 2491/4901/2476 2505/4937/2492
f 588/4982/2516 2522/4983/2517 2523/4984/2518 2524/4985/2519
f 588/4986/2516 2525/4987/2520 2526/4988/2521 2522/4989/2517
f 588/4990/2516 2521/4979/2515 2520/4978/2514 2525/4991/2520
f 589/4992/2522 2527/4993/2523 2528/4994/2524 2529/4995/2525
f 589/4996/2522 2514/4958/2504 2530/4997/2526 2527/4998/2523
f 589/4996/2522 2529/4999/2525 2511/4959/2501 2514/4958/2504
f 590/4973/2513 2512/5000/2502 2511/5001/2501 2529/5002/2525
f 590/5003/2513 2504/5004/2491 2488/5005/2473 2512/5006/2502
f 592/5007/2527 2531/5008/2528 593/5009/2529 2532/5010/2530
f 592/5011/2527 2533/5012/2531 2534/5013/2532 2531/5014/2528
f 592/5015/2527 2532/5016/2530 2535/5017/2533 2533/5018/2531
f 593/5019/2529 2536/5020/2534 2537/5021/2535 2532/5022/2530
f 593/5023/2529 2538/5024/2536 2539/5025/2537 2536/5026/2534
f 593/5027/2529 2540/5028/2538 2541/5029/2539 2538/5030/2536
f 593/5009/2529 2531/5008/2528 2542/5031/2540 2540/5032/2538
f 594/5033/2541 2543/5034/2542 2544/5035/2543 2545/5036/2544
f 594/5037/2541 2546/5038/2545 2547/5039/2546 2548/5040/2547
f 594/5041/2541 2545/5042/2544 2549/5043/2548 2546/5044/2545
f 594/5045/2541 2548/5046/2547 2539/5025/2537 2538/5024/2536
f 594/5047/2541 2538/5048/2536 2541/5049/2539 2543/5050/2542
f 595/5051/2325 2550/5052/2549 2551/5053/2550 2552/5054/2551
f 595/5055/2325 2382/5056/2322 2553/5057/2552 2550/5058/2549
f 595/5059/2325 2552/5060/2551 596/5061/2553 2376/5062/2316
f 596/5063/2553 2411/4636/2363 542/4633/2360 2554/5064/2554
f 596/5065/2553 2547/5066/2546 2555/5067/2555 2556/5068/2556
f 596/5063/2553 2556/5069/2556 2414/4640/2367 2411/4636/2363
f 596/5070/2553 2552/5071/2551 2548/5040/2547 2547/5039/2546
f 597/5072/2557 2549/5073/2548 2533/5074/2531 2535/5075/2533
f 597/5076/2557 2535/5017/2533 2557/5077/2558 2558/5078/2559
f 597/5079/2557 2558/5080/2559 2546/5081/2545 2549/5082/2548
f 598/5083/2560 2559/5084/2561 2560/5085/2562 2561/5086/2563
f 598/5087/2560 2562/5088/2564 2563/5089/2565 2559/5090/2561
f 598/5091/2560 2564/5092/2566 2565/5093/2567 2562/5094/2564
f 599/5095/2568 2566/5096/2569 602/5097/2570 601/5098/2571
f 599/5099/2568 598/5100/2560 2561/5101/2563 2566/5102/2569
f 599/5103/2568 2567/5104/2572 2564/5105/2566 598/5106/2560
f 599/5107/2568 2568/5108/2573 2569/5109/2574 2567/5110/2572
f 599/5095/2568 601/5098/2571 2570/5111/2575 2568/5112/2573
f 600/5113/2576 2571/5114/2577 602/5115/2570 2566/5116/2569
f 600/5117/2576 2572/5118/2578 2573/5119/2579 2571/5120/2577
f 600/5121/2576 2566/5102/2569 2561/5101/2563 2572/5122/2578
f 601/5123/2571 602/5124/2570 2574/5125/2580 2575/5126/2581
f 601/5127/2571 2575/5128/2581 2576/5129/2582 604/5130/2583
f 601/5131/2571 604/5132/2583 2577/5133/2584 2570/5134/2575
f 602/5135/2570 603/5136/2585 2578/5137/2586 2574/5138/2580
f 603/5139/2585 602/5115/2570 2571/5114/2577 2579/5140/2587
f 603/5141/2585 2579/5142/2587 2580/5143/2588 604/5144/2583
f 603/5145/2585 604/5146/2583 2576/5147/2582 2578/5148/2586
f 604/5132/2583 2580/5149/2588 605/5150/2589 2577/5133/2584
f 605/5151/2589 2581/5152/2590 2582/5153/2591 2577/5154/2584
f 605/5155/2589 2580/5156/2588 2583/5157/2592 2581/5158/2590
f 606/5159/2593 2584/5160/2594 2582/5161/2591 2581/5162/2590
f 606/5163/2593 2581/5164/2590 2583/5165/2592 2585/5166/2595
f 606/5167/2593 2585/5168/2595 607/5169/2596 2584/5170/2594
f 607/5171/2596 2576/5172/2582 2575/5173/2581 2586/5174/2597
f 607/5175/2596 2585/5176/2595 2587/5177/2598 2588/5178/2599
f 607/5179/2596 2588/5180/2599 2578/5148/2586 2576/5147/2582
f 607/5181/2596 2563/5089/2565 2589/5182/2600 2584/5183/2594
f 607/5184/2596 2586/5185/2597 2559/5186/2561 2563/5187/2565
f 608/5188/2601 2590/5189/2602 609/5190/2603 2560/5191/2562
f 608/5192/2601 2574/5138/2580 2578/5137/2586 2588/5193/2599
f 608/5194/2601 2560/5195/2562 2559/5186/2561 2586/5185/2597
f 608/5188/2601 2588/5178/2599 2587/5177/2598 2590/5189/2602
f 609/5196/2603 2572/5197/2578 2561/5198/2563 2560/5199/2562
f 609/5200/2603 2590/5201/2602 2573/5202/2579 2572/5203/2578
f 608/5204/2601 2586/5205/2597 2575/5126/2581 2574/5125/2580
f 2590/5201/2602 2587/5206/2598 2591/5207/2604 2573/5202/2579
f 2591/5207/2604 2579/5208/2587 2571/5209/2577 2573/5202/2579
f 2591/5210/2604 2587/5211/2598 2585/5212/2595 2583/5157/2592
f 2591/5210/2604 2583/5157/2592 2580/5156/2588 2579/5213/2587
f 2589/5182/2600 2563/5089/2565 2562/5088/2564 2592/5214/2605
f 2589/5215/2600 2592/5216/2605 2593/5217/2606 2594/5218/2607
f 2589/5215/2600 2594/5218/2607 2582/5161/2591 2584/5160/2594
f 2594/5219/2607 2593/5220/2606 2568/5112/2573 2570/5111/2575
f 2594/5221/2607 2570/5222/2575 2577/5154/2584 2582/5153/2591
f 2593/5217/2606 2592/5216/2605 2595/5223/2608 2596/5224/2609
f 2593/5220/2606 2596/5225/2609 2569/5226/2574 2568/5112/2573
f 2596/5224/2609 2595/5223/2608 2597/5227/2610 2598/5228/2611
f 2596/5225/2609 2598/5229/2611 2599/5230/2612 2569/5226/2574
f 2599/5230/2612 2598/5229/2611 2283/5231/2196 2281/5232/2194
f 2599/5233/2612 2281/4298/2194 2264/4297/2174 2600/5234/2613
f 2599/5233/2612 2600/5234/2613 2567/5110/2572 2569/5109/2574
f 2600/5235/2613 2264/4257/2174 2263/4256/2173 2601/5236/2614
f 2600/5235/2613 2601/5236/2614 2564/5105/2566 2567/5104/2572
f 2601/5237/2614 2263/5238/2173 2602/5239/2615 2603/5240/2616
f 2601/5237/2614 2603/5240/2616 2565/5093/2567 2564/5092/2566
f 2603/5241/2616 2602/5242/2615 2604/5243/2617 2597/5244/2610
f 2603/5241/2616 2597/5244/2610 2595/5245/2608 2565/5246/2567
f 2604/5243/2617 2602/5242/2615 2605/5247/2618 2606/5248/2619
f 2604/5249/2617 2606/5250/2619 2276/5251/2190 2283/5252/2196
f 2604/5249/2617 2283/5252/2196 2598/5228/2611 2597/5227/2610
f 2606/5248/2619 2605/5247/2618 2607/5253/2620 2608/5254/2621
f 2606/5250/2619 2608/5255/2621 2277/5256/2189 2276/5251/2190
f 2608/5254/2621 2607/5253/2620 2609/5257/2622 2610/5258/2623
f 2608/5259/2621 2610/5260/2623 2611/5261/2624 2277/5262/2189
f 2611/5263/2624 2610/5264/2623 2612/5265/2625 2613/5266/2626
f 2611/5267/2624 2613/5268/2626 2614/5269/2627 2615/5270/2628
f 2611/5267/2624 2615/5270/2628 2271/5271/2182 2277/5272/2189
f 2615/5270/2628 2614/5269/2627 2616/5273/2629 2617/5274/2630
f 2617/5275/2630 502/5276/2179 2271/5277/2182
f 2615/5278/2628 2617/5275/2630 2271/5277/2182
f 2617/5279/2630 2616/5280/2629 2177/5281/2063 2618/5282/2631
f 2617/5283/2630 2618/5284/2631 503/5285/2167 502/5286/2179
f 2618/5287/2631 2177/4026/2063 478/4020/2057 2619/5288/2632
f 2618/5289/2631 2619/5290/2632 2259/4248/2168 503/4247/2167
f 2619/5291/2632 478/4034/2057 2179/4033/2065 2620/5292/2633
f 2619/5291/2632 2620/5292/2633 2265/4260/2175 2259/4259/2168
f 2620/5292/2633 2179/4033/2065 2621/5293/2634 2609/5294/2622
f 2620/5292/2633 2609/5294/2622 2607/5295/2620 2265/4260/2175
f 2621/5293/2634 2179/4033/2065 2167/4032/2050 2166/5296/2049
f 2621/5297/2634 2166/4014/2049 2171/4013/2053 2612/5298/2625
f 2621/5297/2634 2612/5298/2625 2610/5258/2623 2609/5257/2622
f 2616/5299/2629 2614/5300/2627 2622/5301/2635 2623/5302/2636
f 2616/5280/2629 2623/5303/2636 2173/5304/2059 2177/5281/2063
f 2623/5305/2636 2622/5306/2635 2624/5307/2637 2625/5308/2638
f 2623/5303/2636 2625/5309/2638 2174/5310/2060 2173/5304/2059
f 2625/5311/2638 2624/5312/2637 2626/5313/2639 2627/5314/2640
f 2625/5315/2638 2627/5316/2640 2143/5317/2020 2174/5318/2060
f 2627/5314/2640 2626/5313/2639 2628/5319/2641 2629/5320/2642
f 2627/5321/2640 2629/5322/2642 2141/3965/2018 2143/3964/2020
f 2629/5320/2642 2628/5319/2641 2630/5323/2643 2631/5324/2644
f 2629/5325/2642 2631/5326/2644 2142/5327/2019 2141/5328/2018
f 2631/5329/2644 2630/5330/2643 2632/5331/2645 2633/5332/2646
f 2631/5333/2644 2633/5334/2646 2634/5335/2647 2142/5336/2019
f 2634/5335/2647 2633/5334/2646 2635/5337/2648 2636/5338/2649
f 2634/5339/2647 2636/5340/2649 2637/5341/2650 2638/5342/2651
f 2634/5335/2647 2638/5343/2651 2140/5344/2017 2142/5336/2019
f 2638/5342/2651 2637/5341/2650 2639/5345/2652 2640/5346/2653
f 2638/5342/2651 2640/5346/2653 2054/3731/1908 2140/3961/2017
f 2640/5347/2653 2639/5348/2652 2641/5349/2654 2642/5350/2655
f 2640/5347/2653 2642/5350/2655 442/3724/1902 2054/5351/1908
f 2642/5352/2655 2641/5353/2654 2643/5354/2656 2644/5355/2657
f 2642/5350/2655 2644/5356/2657 2051/3725/1903 442/3724/1902
f 2644/5357/2657 2645/5358/2658 2646/5359/2659 2051/5360/1903
f 2644/5357/2657 2643/5361/2656 2647/5362/2660 2645/5358/2658
f 2647/5363/2660 2648/5364/2661 2649/5365/2662 2645/5366/2658
f 2647/5362/2660 2643/5361/2656 2650/5367/2663 1853/3112/1642
f 2647/5363/2660 1853/5368/1642 1846/5369/1633 2648/5364/2661
f 2650/5370/2663 2643/5354/2656 2641/5353/2654 1884/5371/1685
f 2650/5372/2663 1884/3189/1685 1858/3188/1650 1857/5373/1649
f 2650/5367/2663 1857/5374/1649 1854/3113/1643 1853/3112/1642
f 2649/5365/2662 2632/5375/2645 2630/5376/2643 2651/5377/2664
f 2649/5365/2662 2651/5377/2664 2646/5378/2659 2645/5366/2658
f 2649/5365/2662 2648/5364/2661 2652/5379/2665 2632/5375/2645
f 2652/5380/2665 2635/5381/2648 2633/5332/2646 2632/5331/2645
f 2652/5380/2665 2648/5382/2661 1846/5383/1633 360/5384/1632
f 2652/5380/2665 360/5384/1632 1850/5385/1639 2635/5381/2648
f 2651/5377/2664 2630/5376/2643 2628/5386/2641 2088/5387/1948
f 2651/5377/2664 2088/5387/1948 2085/5388/1945 2646/5378/2659
f 2646/5359/2659 2085/3797/1945 2052/3796/1904 2051/5360/1903
f 2641/5349/2654 2639/5348/2652 1885/3190/1686 1884/3189/1685
f 2639/5345/2652 2637/5341/2650 1886/3193/1687 1885/3192/1686
f 2637/5341/2650 2636/5340/2649 2653/5389/2666 1886/3193/1687
f 2653/5390/2666 2636/5338/2649 2635/5337/2648 1850/5391/1639
f 2653/5390/2666 1850/5391/1639 1849/5392/1638 1896/5393/1699
f 2653/5389/2666 1896/5394/1699 1887/3194/1688 1886/3193/1687
f 2628/5319/2641 2626/5313/2639 2089/3805/1949 2088/3804/1948
f 2626/5395/2639 2624/5307/2637 2654/5396/2667 2089/5397/1949
f 2654/5398/2667 2170/5399/2052 447/3798/1943 2089/5400/1949
f 2654/5396/2667 2624/5307/2637 2622/5306/2635 2655/5401/2668
f 2654/5398/2667 2655/5402/2668 2171/5403/2053 2170/5399/2052
f 2655/5401/2668 2622/5306/2635 2614/5269/2627 2613/5268/2626
f 2655/5402/2668 2613/5266/2626 2612/5265/2625 2171/5403/2053
f 2607/5295/2620 2605/5404/2618 2262/4261/2172 2265/4260/2175
f 2605/5404/2618 2602/5405/2615 2263/5406/2173 2262/4261/2172
f 2595/5245/2608 2592/5214/2605 2562/5088/2564 2565/5246/2567
f 2558/5078/2559 2557/5077/2558 2656/5407/2669 2555/5408/2555
f 2558/5080/2559 2555/5067/2555 2547/5066/2546 2546/5081/2545
f 2656/5407/2669 2557/5077/2558 2537/5409/2535 2657/5410/2670
f 2656/5407/2669 2657/5410/2670 2291/4315/2208 2290/4314/2207
f 2656/5407/2669 2290/4314/2207 2556/5411/2556 2555/5408/2555
f 2657/5412/2670 2537/5021/2535 2536/5020/2534 2658/5413/2671
f 2657/5412/2670 2658/5413/2671 2295/4321/2212 2291/4320/2208
f 2658/5414/2671 2536/5026/2534 2539/5025/2537 2551/5053/2550
f 2658/5414/2671 2551/5053/2550 2550/5052/2549 2295/5415/2212
f 2557/5077/2558 2535/5017/2533 2532/5016/2530 2537/5409/2535
f 2556/5416/2556 2290/5417/2207 2289/5418/2206 2414/5419/2367
f 2554/5420/2554 2659/5421/2672 2660/5422/2673 2377/5423/2317
f 2554/5424/2554 2377/5425/2317 2376/5426/2316 596/5427/2553
f 2554/5420/2554 542/5428/2360 2409/5429/2359 2659/5421/2672
f 2660/5430/2673 2661/5431/2674 2662/5432/2675 2663/5433/2676
f 2660/5430/2673 2663/5433/2676 2378/5434/2318 2377/5435/2317
f 2660/5422/2673 2659/5421/2672 2664/5436/2677 2661/5437/2674
f 2664/5436/2677 2665/5438/2678 806/5439/259 2661/5437/2674
f 2664/5436/2677 2659/5421/2672 2409/5429/2359 2666/5440/2679
f 2664/5436/2677 2666/5440/2679 2667/5441/2680 2665/5438/2678
f 2667/5442/2680 2668/5443/2681 2669/5444/2682 2665/5445/2678
f 2667/5441/2680 2666/5440/2679 2670/5446/2683 2671/5447/2684
f 2667/5441/2680 2671/5447/2684 2672/5448/2685 2668/5449/2681
f 2672/5448/2685 2673/5450/2686 777/5451/218 2668/5449/2681
f 2672/5448/2685 2671/5447/2684 2674/5452/2687 2675/5453/2688
f 2672/5454/2685 2675/5455/2688 2676/5456/2689 2673/5457/2686
f 2676/5456/2689 2677/5458/2690 2678/5459/2691 2673/5457/2686
f 2676/5456/2689 2675/5455/2688 2679/5460/2692 752/361/183
f 2676/5456/2689 752/361/183 751/360/182 2677/5458/2690
f 2679/5461/2692 2675/5453/2688 2674/5452/2687 2402/4602/2343
f 2679/5461/2692 2402/4602/2343 2401/4601/2342 753/5462/184
f 2679/5460/2692 753/362/184 38/358/180 752/361/183
f 2678/5463/2691 2680/5464/2693 781/431/222 778/428/219
f 2678/5463/2691 778/428/219 777/427/218 2673/5465/2686
f 2678/5459/2691 2677/5458/2690 2681/5466/2694 2680/5467/2693
f 2681/5466/2694 705/5468/124 2682/5469/2695 2680/5467/2693
f 2681/5466/2694 2677/5458/2690 751/360/182 2683/5470/2696
f 2681/5466/2694 2683/5470/2696 702/5471/121 705/5468/124
f 2683/5472/2696 751/5473/182 750/5474/181 2684/5475/2697
f 2683/5472/2696 2684/5475/2697 703/5476/122 702/5477/121
f 2684/5478/2697 750/5479/181 748/5480/178 747/5481/177
f 2684/5478/2697 747/5481/177 2685/5482/2698 703/5483/122
f 2685/5484/2698 2686/5485/2699 699/225/118 703/229/122
f 2685/5486/2698 747/5487/177 688/5488/104 687/5489/103
f 2685/5490/2698 687/5491/103 691/5492/108 2686/5493/2699
f 2686/5494/2699 2687/5495/2700 700/5496/119 699/5497/118
f 2686/5493/2699 691/5492/108 694/5498/112 2687/5499/2700
f 2687/5495/2700 711/5500/132 2688/5501/2701 700/5496/119
f 2687/5499/2700 694/5498/112 693/249/111 711/248/132
f 2688/5502/2701 2689/5503/2702 2690/5504/2703 2691/5505/2704
f 2688/5502/2701 2691/5505/2704 701/227/120 700/226/119
f 2688/5501/2701 711/5500/132 710/5506/131 2689/5507/2702
f 2691/5505/2704 2690/5504/2703 2460/4832/2438 2459/4831/2437
f 2691/5505/2704 2459/4831/2437 707/237/127 701/227/120
f 2690/5504/2703 2692/5508/2705 2693/5509/2706 2460/4832/2438
f 2690/5504/2703 2689/5503/2702 2694/5510/2707 2692/5508/2705
f 2694/5511/2707 2695/5512/2708 2696/5513/2709 2692/5514/2705
f 2694/5510/2707 2689/5503/2702 710/5515/131 713/5516/134
f 2694/5511/2707 713/5517/134 723/5518/148 2695/5512/2708
f 2696/5519/2709 730/296/157 2697/5520/2710 2698/5521/2711
f 2696/5522/2709 2698/5523/2711 2693/5524/2706 2692/5525/2705
f 2696/5519/2709 2695/5526/2708 731/297/158 730/296/157
f 2698/5521/2711 2697/5520/2710 2699/5527/2712 2700/5528/2713
f 2698/5529/2711 2700/5530/2713 2701/5531/2714 2693/5509/2706
f 2701/5531/2714 2700/5530/2713 823/542/283 822/541/282
f 2701/5532/2714 822/5533/282 2462/5534/2440 2461/5535/2439
f 2701/5531/2714 2461/4833/2439 2460/4832/2438 2693/5509/2706
f 2700/5528/2713 2699/5527/2712 2702/5536/2715 823/5537/283
f 2702/5536/2715 2703/5538/2716 2353/5539/2281 519/5540/2279
f 2702/5541/2715 519/5542/2279 820/5543/280 823/5544/283
f 2702/5536/2715 2699/5527/2712 2480/5545/2463 2703/5538/2716
f 2703/5546/2716 2704/5547/2717 2705/5548/2718 2353/4462/2281
f 2703/5546/2716 2480/5549/2463 2479/4878/2462 2704/5547/2717
f 2699/5527/2712 2697/5520/2710 2478/5550/2461 2480/5545/2463
f 2697/5520/2710 730/296/157 729/295/156 2478/5550/2461
f 2695/5551/2708 723/5552/148 726/300/152 731/299/158
f 2682/5553/2695 2706/5554/2719 2707/5555/2720 2708/5556/2721
f 2682/5557/2695 2708/5558/2721 781/431/222 2680/5464/2693
f 2682/5553/2695 705/5559/124 704/5560/123 2706/5554/2719
f 2708/5556/2721 2707/5555/2720 2709/5561/2722 2710/5562/2723
f 2708/5556/2721 2710/5562/2723 782/5563/223 781/5564/222
f 2710/5562/2723 2709/5561/2722 993/5565/493 992/5566/492
f 2710/5562/2723 992/5566/492 783/5567/224 782/5563/223
f 2709/5561/2722 2711/5568/2724 996/5569/496 993/5565/493
f 2709/5561/2722 2707/5555/2720 2712/5570/2725 2711/5568/2724
f 2712/5571/2725 2391/5572/2333 2365/4512/2301 2711/5573/2724
f 2712/5574/2725 2707/5575/2720 2706/5576/2719 2713/5577/2726
f 2712/5578/2725 2713/5579/2726 2390/5580/2332 2391/5581/2333
f 2713/5577/2726 2706/5576/2719 704/5582/123 706/5583/126
f 2713/5579/2726 706/5584/126 708/5585/128 2390/5580/2332
f 2711/5573/2724 2365/4512/2301 1214/1443/801 996/907/496
f 2674/5452/2687 2671/5447/2684 2670/5446/2683 2406/5586/2355
f 2674/5452/2687 2406/5586/2355 540/4603/2344 2402/4602/2343
f 2670/5446/2683 2666/5440/2679 2409/5429/2359 2408/5587/2358
f 2670/5446/2683 2408/5587/2358 2407/5588/2356 2406/5586/2355
f 2669/5589/2682 776/5590/217 780/5591/221 803/5592/256
f 2669/5589/2682 803/5592/256 806/5439/259 2665/5438/2678
f 2669/5589/2682 2668/5449/2681 777/5451/218 776/5590/217
f 2661/5593/2674 806/501/259 805/500/258 2662/5594/2675
f 2553/5057/2552 2382/5056/2322 2381/5595/2321 2714/5596/2727
f 2553/5057/2552 2714/5596/2727 2293/5597/2210 2292/5598/2209
f 2553/5057/2552 2292/5598/2209 2295/5599/2212 2550/5058/2549
f 2552/5054/2551 2551/5053/2550 2539/5025/2537 2548/5046/2547
f 2549/5043/2548 2545/5042/2544 2534/5600/2532 2533/5601/2531
f 2545/5042/2544 2544/5602/2543 2715/5603/2728 2534/5600/2532
f 2715/5604/2728 2544/5605/2543 2716/5606/2729 2717/5607/2730
f 2715/5604/2728 2717/5607/2730 2718/5608/2731 2542/5609/2540
f 2715/5604/2728 2542/5609/2540 2531/5610/2528 2534/5611/2532
f 2718/5612/2731 2717/5613/2730 2719/5614/2732 2720/5615/2733
f 2718/5616/2731 2720/5617/2733 2721/5618/2734 2722/5619/2735
f 2718/5620/2731 2722/5621/2735 2540/5622/2538 2542/5623/2540
f 2722/5624/2735 2721/5625/2734 2374/4543/2312 2723/5626/2736
f 2722/5627/2735 2723/5628/2736 2541/5029/2539 2540/5028/2538
f 2723/5626/2736 2374/4543/2312 2373/4542/2311 2724/5629/2737
f 2723/5628/2736 2724/5630/2737 2543/5631/2542 2541/5029/2539
f 2724/5632/2737 2373/4547/2311 2379/4546/2315 2716/5633/2729
f 2724/5632/2737 2716/5633/2729 2544/5035/2543 2543/5034/2542
f 2721/5634/2734 2720/5635/2733 531/5636/2319 2384/5637/2326
f 2721/5625/2734 2384/5638/2326 2375/4544/2313 2374/4543/2312
f 2720/5639/2733 2719/5640/2732 2383/5641/2323 531/5642/2319
f 2719/5614/2732 2717/5613/2730 2716/5643/2729 2379/5644/2315
f 2719/5614/2732 2379/5644/2315 533/4556/2314 2383/4568/2323
f 2530/4997/2526 2514/4958/2504 2513/4957/2503 2725/5645/2738
f 2530/5646/2526 2725/5647/2738 2490/5648/2475 2502/5649/2489
f 2530/5646/2526 2502/5649/2489 2501/5650/2488 2527/5651/2523
f 2725/5652/2738 2513/5653/2503 2515/5654/2505 2726/5655/2739
f 2725/5656/2738 2726/5657/2739 2485/5658/2470 2490/5659/2475
f 2726/5655/2739 2515/5654/2505 2727/5660/2740 2728/5661/2741
f 2726/5657/2739 2728/5662/2741 2486/5663/2471 2485/5658/2470
f 2728/5661/2741 2727/5660/2740 2729/5664/2742 2730/5665/2743
f 2728/5662/2741 2730/5666/2743 2494/5667/2480 2486/5663/2471
f 2730/5665/2743 2729/5664/2742 2731/5668/2744 2732/5669/2745
f 2730/5670/2743 2732/5671/2745 2733/5672/2746 2494/5673/2480
f 2733/5672/2746 2732/5671/2745 2734/5674/2747 2735/5675/2748
f 2733/5676/2746 2735/5677/2748 2736/5678/2749 2737/5679/2750
f 2733/5676/2746 2737/5679/2750 2495/4912/2481 2494/4911/2480
f 2737/5679/2750 2736/5678/2749 2738/5680/2751 2739/5681/2752
f 2737/5679/2750 2739/5681/2752 2496/5682/2482 2495/4912/2481
f 2739/5683/2752 2738/5684/2751 2740/5685/2753 2741/5686/2754
f 2739/5683/2752 2741/5686/2754 2526/5687/2521 2496/4915/2482
f 2741/5688/2754 2740/5689/2753 2742/5690/2755 2743/5691/2756
f 2741/5688/2754 2743/5691/2756 2522/4989/2517 2526/4988/2521
f 2743/5692/2756 2742/5693/2755 2744/5694/2757 2745/5695/2758
f 2743/5692/2756 2745/5695/2758 2523/4984/2518 2522/4983/2517
f 2745/5695/2758 2744/5694/2757 2746/5696/2759 2731/5697/2744
f 2745/5695/2758 2731/5697/2744 2729/5698/2742 2523/4984/2518
f 2746/5696/2759 2744/5694/2757 2322/4380/2244 2318/4379/2240
f 2746/5699/2759 2318/5700/2240 2317/5701/2239 2734/5702/2747
f 2746/5699/2759 2734/5702/2747 2732/5669/2745 2731/5668/2744
f 2744/5694/2757 2742/5693/2755 2747/5703/2760 2322/4380/2244
f 2747/5704/2760 2742/5690/2755 2740/5689/2753 2748/5705/2761
f 2747/5706/2760 2748/5707/2761 2749/5708/2762 2750/5709/2763
f 2747/5703/2760 2750/5710/2763 2323/4381/2245 2322/4380/2244
f 2750/5711/2763 2749/5712/2762 2303/5713/2221 2302/5714/2220
f 2750/5710/2763 2302/5715/2220 2324/4382/2246 2323/4381/2245
f 2749/5712/2762 2748/5716/2761 2751/5717/2764 2314/5718/2235
f 2749/5712/2762 2314/5718/2235 2304/5719/2222 2303/5713/2221
f 2751/5720/2764 2738/5680/2751 2736/5678/2749 2752/5721/2765
f 2751/5722/2764 2752/5723/2765 2306/5724/2226 2314/5725/2235
f 2751/5726/2764 2748/5727/2761 2740/5685/2753 2738/5684/2751
f 2752/5721/2765 2736/5678/2749 2735/5677/2748 2753/5728/2766
f 2752/5721/2765 2753/5728/2766 510/4342/2223 2306/4345/2226
f 2753/5729/2766 2735/5675/2748 2734/5674/2747 2317/5730/2239
f 2753/5729/2766 2317/5730/2239 2309/5731/2229 510/5732/2223
f 2729/5698/2742 2727/5733/2740 2524/4985/2519 2523/4984/2518
f 2727/5733/2740 2515/4960/2505 584/4950/2499 2524/4985/2519
f 2529/5002/2525 2528/5734/2524 2517/4974/2510 590/4973/2513
f 2528/4994/2524 2527/4993/2523 2501/5735/2488 2500/5736/2487
f 2528/5737/2524 2500/5738/2487 2518/4969/2511 2517/4968/2510
f 2526/5687/2521 2525/5739/2520 2497/4916/2483 2496/4915/2482
f 2525/5740/2520 2520/5741/2514 2498/4919/2484 2497/4918/2483
f 2520/5741/2514 2516/5742/2507 2519/5743/2512 2498/4919/2484
f 2519/4970/2512 2518/4969/2511 2500/5738/2487 2499/5744/2486
f 2519/5743/2512 2499/5745/2486 2483/4920/2468 2498/4919/2484
f 2510/4945/2498 2509/4944/2497 2754/5746/2767 2755/5747/2768
f 2510/5748/2498 2755/5749/2768 1672/2599/1403 1671/2598/1402
f 2755/5750/2768 2754/5751/2767 2756/5752/2769 2757/5753/2770
f 2755/5750/2768 2757/5753/2770 1674/2609/1406 1672/2608/1403
f 2757/5754/2770 2756/5755/2769 2758/5756/2771 2759/5757/2772
f 2757/5754/2770 2759/5757/2772 1597/2401/1302 1674/2605/1406
f 2759/5757/2772 2758/5756/2771 2760/5758/2773 2761/5759/2774
f 2759/5757/2772 2761/5759/2774 1595/2402/1300 1597/2401/1302
f 2761/5760/2774 2760/5761/2773 2762/5762/2775 2763/5763/2776
f 2761/5760/2774 2763/5763/2776 1593/2397/1297 1595/2396/1300
f 2763/5764/2776 2762/5765/2775 2507/5766/2495 2506/5767/2494
f 2763/5764/2776 2506/5767/2494 1589/2390/1293 1593/2389/1297
f 2762/5762/2775 2760/5761/2773 2764/5768/2777 2765/5769/2778
f 2762/5765/2775 2765/5770/2778 2326/5771/2248 2507/5766/2495
f 2765/5769/2778 2764/5768/2777 2766/5772/2779 2767/5773/2780
f 2765/5770/2778 2767/5774/2780 2315/4367/2237 2326/5771/2248
f 2767/5773/2780 2766/5772/2779 2331/5775/2255 2351/5776/2278
f 2767/5774/2780 2351/5777/2278 2316/4368/2238 2315/4367/2237
f 2766/5778/2779 2764/5779/2777 2768/5780/2781 2769/5781/2782
f 2766/5778/2779 2769/5781/2782 2328/4397/2251 2331/4396/2255
f 2769/5782/2782 2768/5783/2781 2770/5784/2783 2771/5785/2784
f 2769/5782/2782 2771/5785/2784 2329/4392/2252 2328/4391/2251
f 2771/5786/2784 2770/5787/2783 2772/5788/2785 2773/5789/2786
f 2771/5786/2784 2773/5789/2786 2774/5790/2787 2329/5791/2252
f 2774/5790/2787 2773/5789/2786 2321/5792/2243 2320/5793/2242
f 2774/5790/2787 2320/5793/2242 2775/5794/2788 2333/4403/2260
f 2774/5790/2787 2333/4403/2260 2330/4402/2253 2329/5791/2252
f 2775/5795/2788 2320/5796/2242 2319/5797/2241 2776/5798/2789
f 2775/5795/2788 2776/5798/2789 2777/5799/2790 2778/5800/2791
f 2775/5794/2788 2778/5801/2791 2334/4404/2261 2333/4403/2260
f 2778/5800/2791 2777/5799/2790 1845/3096/1631 1842/3095/1628
f 2778/5802/2791 1842/3089/1628 1841/3088/1627 2334/5803/2261
f 2777/5799/2790 2776/5798/2789 2288/4311/2204 2287/4310/2203
f 2777/5799/2790 2287/4310/2203 2779/5804/2792 1845/3096/1631
f 2779/5804/2792 2287/4310/2203 2286/4309/2202 2780/5805/2793
f 2779/5804/2792 2780/5805/2793 2781/5806/2794 2782/5807/2795
f 2779/5804/2792 2782/5807/2795 1843/3097/1629 1845/3096/1631
f 2782/5808/2795 2781/5809/2794 2783/5810/2796 2784/5811/2797
f 2782/5808/2795 2784/5811/2797 1844/3092/1630 1843/3091/1629
f 2784/5811/2797 2783/5810/2796 1856/5812/1648 1860/3160/1653
f 2784/5811/2797 1860/3160/1653 1875/3159/1673 1844/3092/1630
f 2783/5813/2796 2781/5814/2794 1851/5815/1640 361/5816/1634
f 2783/5813/2796 361/5816/1634 1854/3122/1643 1856/3121/1648
f 2781/5817/2794 2780/5818/2793 2785/5819/2798 1851/3108/1640
f 2785/5820/2798 2285/4308/2201 2296/4329/2214 2786/5821/2799
f 2785/5819/2798 2786/5822/2799 1852/3109/1641 1851/3108/1640
f 2785/5820/2798 2780/5805/2793 2286/4309/2202 2285/4308/2201
f 2786/5821/2799 2296/4329/2214 2298/4328/2216 2787/5823/2800
f 2786/5824/2799 2787/5825/2800 1855/5826/1646 1852/5827/1641
f 2787/5828/2800 2298/5829/2216 2788/5830/2801 2789/5831/2802
f 2787/5825/2800 2789/5832/2802 2790/5833/2803 1855/5826/1646
f 2790/5833/2803 2789/5832/2802 502/4272/2179 2273/4275/2184
f 2790/5834/2803 2273/5835/2184 2791/5836/2804 2792/5837/2805
f 2790/5834/2803 2792/5837/2805 474/3119/1644 1855/3118/1646
f 2791/5836/2804 2273/5835/2184 2272/5838/2183 2793/5839/2806
f 2791/5840/2804 2793/5841/2806 2794/5842/2807 2795/5843/2808
f 2791/5840/2804 2795/5843/2808 473/5844/2044 2792/5845/2805
f 2795/5846/2808 2794/5847/2807 2796/5848/2809 2797/5849/2810
f 2795/5850/2808 2797/5851/2810 2163/5852/2045 473/5853/2044
f 2797/5851/2810 2796/5854/2809 2282/5855/2195 2798/5856/2811
f 2797/5851/2810 2798/5856/2811 2799/5857/2812 2163/5852/2045
f 2799/5858/2812 2798/5859/2811 2800/5860/2813 2801/5861/2814
f 2799/5862/2812 2801/5863/2814 2297/4333/2215 2299/4332/2217
f 2799/5864/2812 2299/5865/2217 2164/5866/2046 2163/5867/2045
f 2801/5868/2814 2800/5869/2813 2269/5870/2180 2788/5871/2801
f 2801/5868/2814 2788/5871/2801 2298/4328/2216 2297/4327/2215
f 2800/5860/2813 2798/5859/2811 2282/4301/2195 2275/4300/2187
f 2800/5869/2813 2275/4280/2187 2270/4279/2181 2269/5870/2180
f 2796/5848/2809 2794/5847/2807 2802/5872/2815 2803/5873/2816
f 2796/5854/2809 2803/5874/2816 2280/5875/2193 2282/5855/2195
f 2803/5873/2816 2802/5872/2815 2804/5876/2817 2805/5877/2818
f 2803/5874/2816 2805/5878/2818 2278/5879/2191 2280/5875/2193
f 2805/5877/2818 2804/5876/2817 2248/4237/2155 2255/4236/2163
f 2805/5878/2818 2255/5880/2163 2279/5881/2192 2278/5879/2191
f 2804/5882/2817 2806/5883/2819 2249/5884/2156 2248/5885/2155
f 2804/5882/2817 2802/5886/2815 2807/5887/2820 2806/5883/2819
f 2807/5887/2820 2802/5886/2815 2794/5842/2807 2793/5841/2806
f 2807/5888/2820 2793/5839/2806 2272/5838/2183 2274/5889/2185
f 2807/5888/2820 2274/5889/2185 2808/5890/2821 2806/5891/2819
f 2808/5892/2821 2274/4277/2185 2258/4276/2166 2261/5893/2171
f 2808/5892/2821 2261/5893/2171 2267/4263/2177 2266/4262/2176
f 2808/5890/2821 2266/5894/2176 2249/5895/2156 2806/5891/2819
f 2789/5831/2802 2788/5830/2801 2269/4269/2180 502/4268/2179
f 2776/5896/2789 2319/4383/2241 2324/4382/2246 2288/5897/2204
f 2773/5898/2786 2772/5899/2785 2327/5900/2249 2321/5901/2243
f 2772/5902/2785 2754/5746/2767 2509/4944/2497 2327/4388/2249
f 2772/5788/2785 2770/5787/2783 2756/5752/2769 2754/5751/2767
f 2770/5784/2783 2768/5783/2781 2758/5756/2771 2756/5755/2769
f 2768/5780/2781 2764/5779/2777 2760/5903/2773 2758/5904/2771
f 2509/4944/2497 2508/4943/2496 2325/4389/2247 2327/4388/2249
f 2508/4941/2496 2507/4940/2495 2326/4386/2248 2325/4385/2247
f 2504/5004/2491 2503/5905/2490 2489/5906/2474 2488/5005/2473
f 2503/5905/2490 2502/5907/2489 2490/5908/2475 2489/5906/2474
f 2493/4905/2479 2809/5909/2822 2452/5910/2430 2451/4906/2429
f 2493/4905/2479 2492/4904/2478 2456/5911/2434 2458/4847/2436
f 2493/4905/2479 2458/4847/2436 2469/4846/2449 2809/5909/2822
f 2809/5912/2822 742/341/171 745/340/174 2452/5913/2430
f 2809/5912/2822 2469/4854/2449 743/4853/172 742/341/171
f 2492/4908/2478 2448/4804/2425 2397/4825/2341 2456/4824/2434
f 2482/5914/2465 732/304/159 722/303/146 2476/5915/2458
f 2482/4883/2465 2475/4882/2456 567/5916/2428 2453/5917/2431
f 2482/5918/2465 2453/5919/2431 2810/5920/2823 732/5921/159
f 2810/5920/2823 2811/5922/2824 721/5923/145 732/5921/159
f 2810/5924/2823 2453/5925/2431 745/340/174 744/339/173
f 2810/5924/2823 744/339/173 746/5926/175 2811/5927/2824
f 2811/5922/2824 2812/5928/2825 718/5929/141 721/5923/145
f 2811/5930/2824 746/5931/175 2813/5932/2826 2812/5933/2825
f 2813/5934/2826 737/5935/166 2814/5936/2827 2812/5937/2825
f 2813/5932/2826 746/5931/175 741/5938/170 2815/5939/2828
f 2813/5934/2826 2815/5940/2828 738/5941/167 737/5935/166
f 2815/5939/2828 741/5938/170 724/5942/149 715/5943/136
f 2815/5940/2828 715/255/136 714/254/135 738/5941/167
f 2814/5944/2827 2455/4822/2433 2473/5945/2454 719/5946/142
f 2814/5936/2827 719/5947/142 718/5948/141 2812/5937/2825
f 2814/5944/2827 737/324/166 736/323/165 2455/4822/2433
f 2481/4877/2464 2816/5949/2829 2464/5950/2443 2463/5951/2442
f 2481/4877/2464 2463/5951/2442 2704/5547/2717 2479/4878/2462
f 2481/5952/2464 2466/5953/2446 2465/5954/2445 2816/5955/2829
f 2816/5949/2829 2817/5956/2830 2818/5957/2831 2464/5950/2443
f 2816/5949/2829 2465/5958/2445 2468/5959/2448 2817/5956/2830
f 2818/5957/2831 2819/5960/2832 2820/5961/2833 2355/4466/2284
f 2818/5957/2831 2355/4466/2284 520/4465/2283 2464/5950/2443
f 2818/5957/2831 2817/5956/2830 2821/5962/2834 2819/5960/2832
f 2821/5963/2834 2420/4668/2381 2416/4648/2371 2415/4647/2370
f 2821/5962/2834 2415/4645/2370 2386/4644/2328 2819/5960/2832
f 2821/5962/2834 2817/5956/2830 2468/5959/2448 2420/5964/2381
f 2820/5965/2833 2819/5966/2832 2386/4575/2328 2385/4574/2327
f 2820/5967/2833 2385/4580/2327 2388/4579/2330 2822/5968/2835
f 2820/5961/2833 2822/5969/2835 2356/4467/2285 2355/4466/2284
f 2822/5970/2835 2388/5971/2330 2364/4504/2300 2363/4503/2299
f 2822/5969/2835 2363/5972/2299 2359/5973/2294 2356/4467/2285
f 2477/4868/2460 2823/5974/2836 2470/4849/2450 2467/4842/2447
f 2477/4880/2460 733/4879/160 717/5975/139 2823/5976/2836
f 2823/5976/2836 2824/5977/2837 2825/5978/2838 2470/5979/2450
f 2823/5976/2836 717/5975/139 709/5980/130 2824/5977/2837
f 2825/5981/2838 2394/4593/2337 2393/4592/2336 2826/5982/2839
f 2825/5983/2838 2826/5984/2839 2471/5985/2451 2470/5986/2450
f 2825/5978/2838 2824/5977/2837 697/220/115 2394/5987/2337
f 2826/5988/2839 2393/5989/2336 740/5990/169 739/5991/168
f 2826/5984/2839 739/337/168 743/336/172 2471/5985/2451
f 2824/5977/2837 709/5980/130 692/221/110 697/220/115
f 2476/4865/2458 722/272/146 720/271/143 2472/4866/2453
f 2475/5992/2456 2474/5993/2455 2454/5994/2432 567/5995/2428
f 2474/5996/2455 2473/5945/2454 2455/4822/2433 2454/4821/2432
f 2473/5997/2454 2472/5998/2453 720/265/143 719/264/142
f 2468/5999/2448 2457/4827/2435 569/4669/2350 2420/4668/2381
f 2705/6000/2718 60/536/279 821/539/281 2360/6001/2295
f 2705/5548/2718 2360/4496/2295 2354/4463/2282 2353/4462/2281
f 2448/6002/2425 2447/6003/2424 2392/4600/2335 2397/4599/2341
f 2447/4801/2424 735/319/163 740/327/169 2392/4589/2335
f 2446/4792/2422 2431/4706/2399 2430/4705/2398 2445/4793/2421
f 2446/6004/2422 2444/6005/2419 2441/6006/2414 2440/4768/2413
f 2446/6004/2422 2440/4768/2413 2442/4767/2416 2431/6007/2399
f 2445/6008/2421 2430/6009/2398 2428/4695/2395 2427/4694/2394
f 2442/4765/2416 2436/4764/2405 2432/6010/2400 2431/6011/2399
f 2438/4775/2409 2403/6012/2351 2400/4657/2348 2418/4656/2375
f 2436/4764/2405 2422/6013/2383 2433/6014/2401 2432/6010/2400
f 579/4715/2402 2433/4714/2401 2422/6015/2383 555/6016/2378
f 2419/4667/2380 2399/6017/2347 2398/4652/2346 2417/4649/2372
f 581/4921/2354 2413/4639/2366 2412/4638/2365 2372/4539/2309
f 2414/4640/2367 2289/4540/2206 2372/4539/2309 2412/4638/2365
f 2395/6018/2338 2394/5987/2337 697/220/115 696/219/114
f 2395/6018/2338 696/219/114 698/367/116 755/366/186
f 2391/6019/2333 2389/6020/2331 2366/4518/2302 2365/6021/2301
f 2389/6020/2331 2370/4533/2307 2369/4519/2305 2366/4518/2302
f 2388/4579/2330 2358/4578/2291 1197/4507/781 2364/4506/2300
f 2387/4643/2329 529/4534/2306 2370/6022/2307 535/6023/2292
f 2827/6024/2840 2828/6025/2841 2829/6026/2842 1005/6027/508
f 2827/6028/2840 1005/927/508 1004/926/507 2830/6029/2843
f 2827/6030/2840 2830/6031/2843 2831/6032/2844 532/4563/2324
f 2831/6032/2844 2830/6031/2843 2154/3989/2035 2147/3971/2025
f 2831/6032/2844 2147/3971/2025 468/3970/2021 2832/6033/2845
f 2831/6032/2844 2832/6033/2845 2380/4564/2320 532/4563/2324
f 2832/6033/2845 468/3970/2021 2149/3976/2028 2833/6034/2846
f 2832/6033/2845 2833/6034/2846 2381/5595/2321 2380/4564/2320
f 2833/6034/2846 2162/4003/2043 2714/5596/2727 2381/5595/2321
f 2833/6034/2846 2149/3976/2028 2160/4001/2041 2162/4003/2043
f 2830/6031/2843 1004/930/507 1006/929/509 2154/3989/2035
f 2829/6026/2842 2834/6035/2847 998/913/500 997/912/499
f 2829/6026/2842 997/912/499 1002/920/504 1005/6027/508
f 2829/6026/2842 2828/6025/2841 804/497/257 2834/6035/2847
f 2834/6036/2847 983/6037/481 2835/6038/2848 998/6039/500
f 2834/6035/2847 804/497/257 800/496/253 983/6040/481
f 2835/6041/2848 2836/6042/2849 2837/6043/2850 2838/6044/2851
f 2835/6041/2848 2838/6044/2851 999/6045/501 998/6046/500
f 2835/6038/2848 983/6037/481 982/6047/480 2836/6048/2849
f 2838/6044/2851 2837/6043/2850 2839/6049/2852 2840/6050/2853
f 2838/6051/2851 2840/6052/2853 1000/917/502 999/916/501
f 2840/6053/2853 2839/6054/2852 2841/6055/2854 2842/6056/2855
f 2840/6053/2853 2842/6056/2855 2843/6057/2856 1000/6058/502
f 2843/6057/2856 2842/6056/2855 1025/6059/532 2844/6060/2857
f 2843/6061/2856 2844/6062/2857 1006/6063/509 1003/6064/506
f 2843/6065/2856 1003/6066/506 1001/918/503 1000/917/502
f 2844/6062/2857 1025/6067/532 1024/3988/531 2153/3987/2034
f 2844/6062/2857 2153/3987/2034 2154/6068/2035 1006/6063/509
f 2842/6056/2855 2841/6055/2854 110/6069/525 1025/6059/532
f 2841/6070/2854 2839/6071/2852 1043/1006/556 2845/6072/2858
f 2841/6073/2854 2845/6074/2858 1019/6075/526 110/6076/525
f 2845/6072/2858 1043/1006/556 1042/1005/555 2846/6077/2859
f 2845/6072/2858 2846/6077/2859 2847/6078/2860 1019/6079/526
f 2847/6080/2860 2846/6081/2859 2848/6082/2861 2849/6083/2862
f 2847/6080/2860 2849/6083/2862 2850/6084/2863 2851/6085/2864
f 2847/6078/2860 2851/6086/2864 1020/6087/527 1019/6079/526
f 2851/6088/2864 2850/6089/2863 2852/6090/2865 2853/6091/2866
f 2851/6088/2864 2853/6091/2866 1035/6092/543 1020/6093/527
f 2853/6094/2866 2852/6095/2865 1037/6096/546 1036/6097/545
f 2853/6094/2866 1036/6097/545 1030/6098/538 1035/6099/543
f 2852/6090/2865 2850/6089/2863 2854/6100/2867 2855/6101/2868
f 2852/6095/2865 2855/6102/2868 2856/6103/2869 1037/6096/546
f 2856/6103/2869 2855/6102/2868 1007/6104/510 1009/938/513
f 2856/6103/2869 1009/938/513 1008/937/512 2857/6105/2870
f 2856/6103/2869 2857/6105/2870 114/6106/547 1037/6096/546
f 2857/6107/2870 1008/6108/512 970/6109/465 969/6110/464
f 2857/6107/2870 969/6110/464 974/995/469 114/994/547
f 2855/6101/2868 2854/6100/2867 987/933/486 1007/932/510
f 2854/6111/2867 2858/6112/2871 988/892/487 987/891/486
f 2854/6111/2867 2850/6084/2863 2849/6083/2862 2858/6112/2871
f 2858/6112/2871 2859/6113/2872 980/879/478 988/892/487
f 2858/6112/2871 2849/6083/2862 2848/6082/2861 2859/6113/2872
f 2859/6113/2872 1046/1009/559 981/880/479 980/879/478
f 2859/6113/2872 2848/6082/2861 1041/1002/554 1046/1009/559
f 2848/6082/2861 2846/6081/2859 1042/1003/555 1041/1002/554
f 2839/6049/2852 2837/6043/2850 1044/1015/557 1043/6114/556
f 2837/6043/2850 2836/6042/2849 1047/1016/561 1044/1015/557
f 2836/6048/2849 982/6047/480 984/6115/482 1047/6116/561
f 2828/6025/2841 2662/6117/2675 805/498/258 804/497/257
f 2663/6118/2676 2662/6119/2675 2828/6120/2841 2827/6121/2840
f 2663/5433/2676 2827/6030/2840 532/4563/2324 2378/5434/2318
f 2384/4566/2326 595/4565/2325 2376/4551/2316 2375/4550/2313
f 2860/6122/2873 2311/4354/2231 2313/4361/2234 1898/6123/1702
f 2860/6122/2873 1898/6123/1702 1897/6124/1701 508/6125/2213
f 2860/6126/2873 2861/6127/2874 2312/6128/2232 2311/6129/2231
f 2368/6130/2304 2367/4571/2303 2312/4570/2232 2861/6131/2874
f 2861/6132/2874 2860/6133/2873 508/6134/2213 2284/6135/2200
f 2861/6136/2874 2284/6137/2200 528/6138/2199 2368/6139/2304
f 2368/6140/2304 1901/6141/1705 2862/6142/2875 1211/6143/798
f 2862/6144/2875 2863/6145/2876 1212/1441/799 1211/1440/798
f 2862/6146/2875 1901/6147/1705 1900/6148/1704 2864/6149/2877
f 2862/6146/2875 2864/6149/2877 2865/6150/2878 2863/6151/2876
f 2865/6152/2878 1171/6153/746 1170/1360/745 2863/6145/2876
f 2865/6154/2878 2864/6155/2877 1201/1420/786 1200/1419/785
f 2865/6156/2878 1200/6157/785 2866/6158/2879 1171/6159/746
f 2866/6158/2879 2867/6160/2880 1142/6161/705 1171/6159/746
f 2866/6162/2879 1200/6163/785 1199/1437/784 1210/1436/795
f 2866/6162/2879 1210/1436/795 1168/6164/743 2867/6165/2880
f 2867/6166/2880 2868/6167/2881 1143/1365/706 1142/6168/705
f 2867/6166/2880 1168/6169/743 1167/6170/742 2868/6167/2881
f 2868/6167/2881 1913/3248/1721 1175/1366/752 1143/1365/706
f 2868/6167/2881 1167/6170/742 1169/6171/744 1913/3248/1721
f 2864/6155/2877 1900/3215/1704 1203/3214/788 1201/1420/786
f 2863/6145/2876 1170/1360/745 1173/1359/748 1212/1441/799
f 2363/4503/2299 2308/4502/2228 2307/4490/2227 2359/4489/2294
f 2362/6172/2297 2316/4368/2238 2351/5777/2278 2350/6173/2277
f 2362/4499/2297 2350/4445/2277 2349/4444/2276 2361/4500/2296
f 2362/6174/2297 2310/6175/2230 2309/6176/2229 2316/6177/2238
f 2361/6178/2296 2349/6179/2276 2352/6180/2280 2354/6181/2282
f 2352/6180/2280 2349/6179/2276 2348/4454/2275 836/575/300
f 2348/4454/2275 829/564/292 828/563/291 836/575/300
f 2347/6182/2274 2869/6183/2882 2343/6184/2270 2342/6185/2269
f 2347/6182/2274 513/6186/2250 2332/6187/2259 2869/6183/2882
f 2869/6183/2882 2870/6188/2883 2871/6189/2884 2343/6184/2270
f 2869/6183/2882 2332/6187/2259 2337/6190/2258 2870/6188/2883
f 2871/6191/2884 2872/6192/2885 1812/6193/1584 1809/2968/1581
f 2871/6191/2884 1809/2968/1581 1808/2967/1580 2343/4425/2270
f 2871/6189/2884 2870/6188/2883 2873/6194/2886 2872/6195/2885
f 2873/6194/2886 1882/3245/1682 1912/3244/1720 2872/6195/2885
f 2873/6196/2886 2870/6197/2883 2337/6198/2258 2874/6199/2887
f 2873/6196/2886 2874/6199/2887 1880/3178/1679 1882/3177/1682
f 2874/6200/2887 2337/6201/2258 2336/4406/2257 1806/2964/1578
f 2874/6200/2887 1806/2964/1578 1805/2963/1577 1880/3171/1679
f 2872/6202/2885 1912/6203/1720 1917/6204/1727 1812/6205/1584
f 2346/6206/2273 1639/2503/1360 291/2502/1304 1603/6207/1311
f 2346/6206/2273 1603/6207/1311 281/6208/1307 2345/4435/2272
f 2346/6206/2273 1190/6209/770 2341/6210/2267 1639/2503/1360
f 2345/4435/2272 281/6208/1307 1605/6211/1314 1431/1999/1085
f 516/4428/2268 1189/6212/769 1188/6213/768 2875/6214/2888
f 516/4428/2268 2875/6214/2888 831/6215/294 830/4429/293
f 2875/6214/2888 1188/6213/768 1193/6216/774 2876/6217/2889
f 2875/6214/2888 2876/6217/2889 1434/6218/1088 831/6215/294
f 2876/6217/2889 1193/6216/774 1422/6219/1075 2877/6220/2890
f 2876/6217/2889 2877/6220/2890 2878/6221/2891 1434/6218/1088
f 2878/6221/2891 2877/6220/2890 2879/6222/2892 2880/6223/2893
f 2878/6224/2891 2880/6225/2893 2881/6226/2894 2882/6227/2895
f 2878/6224/2891 2882/6227/2895 1435/2005/1089 1434/2004/1088
f 2882/6227/2895 2881/6226/2894 2883/6228/2896 2884/6229/2897
f 2882/6230/2895 2884/6231/2897 1442/2023/1099 1435/6232/1089
f 2884/6231/2897 2883/6233/2896 2885/6234/2898 1448/6235/1108
f 2884/6231/2897 1448/6235/1108 244/2024/1100 1442/2023/1099
f 2885/6234/2898 2883/6233/2896 2886/6236/2899 2887/6237/2900
f 2885/6238/2898 2887/6239/2900 2888/6240/2901 2889/6241/2902
f 2885/6238/2898 2889/6241/2902 1449/2042/1109 1448/2041/1108
f 2889/6242/2902 2888/6243/2901 2890/6244/2903 2891/6245/2904
f 2889/6241/2902 2891/6246/2904 1421/6247/1073 1449/2042/1109
f 2891/6245/2904 2890/6244/2903 2892/6248/2905 2893/6249/2906
f 2891/6250/2904 2893/6251/2906 1419/1982/1071 1421/1981/1073
f 2893/6252/2906 2892/6253/2905 2894/6254/2907 2895/6255/2908
f 2893/6252/2906 2895/6255/2908 1420/1980/1072 1419/1979/1071
f 2895/6255/2908 2894/6254/2907 2896/6256/2909 1428/6257/1081
f 2895/6255/2908 1428/6257/1081 1425/6258/1078 1420/1980/1072
f 2896/6259/2909 2894/6260/2907 2897/6261/2910 2898/6262/2911
f 2896/6259/2909 2898/6262/2911 2899/6263/2912 2900/6264/2913
f 2896/6259/2909 2900/6264/2913 1426/1995/1079 1428/1994/1081
f 2900/6265/2913 2899/6266/2912 2901/6267/2914 2902/6268/2915
f 2900/6265/2913 2902/6268/2915 1427/1991/1080 1426/1990/1079
f 2902/6268/2915 2901/6267/2914 2903/6269/2916 2904/6270/2917
f 2902/6268/2915 2904/6270/2917 2879/6271/2892 1427/1991/1080
f 2904/6272/2917 2903/6273/2916 2905/6274/2918 2906/6275/2919
f 2904/6272/2917 2906/6275/2919 2880/6276/2893 2879/6277/2892
f 2906/6278/2919 2905/6279/2918 2907/6280/2920 2908/6281/2921
f 2906/6278/2919 2908/6281/2921 2881/6226/2894 2880/6225/2893
f 2908/6281/2921 2907/6280/2920 2909/6282/2922 2886/6283/2899
f 2908/6281/2921 2886/6283/2899 2883/6228/2896 2881/6226/2894
f 2909/6282/2922 2907/6280/2920 2910/6284/2923 2911/6285/2924
f 2909/6286/2922 2911/6287/2924 2912/6288/2925 2913/6289/2926
f 2909/6286/2922 2913/6289/2926 2887/6237/2900 2886/6236/2899
f 2913/6290/2926 2912/6291/2925 2914/6292/2927 2915/6293/2928
f 2913/6290/2926 2915/6293/2928 2888/6240/2901 2887/6239/2900
f 2915/6294/2928 2914/6295/2927 2916/6296/2929 2917/6297/2930
f 2915/6294/2928 2917/6297/2930 2890/6244/2903 2888/6243/2901
f 2917/6298/2930 2916/6299/2929 2918/6300/2931 2919/6301/2932
f 2917/6297/2930 2919/6302/2932 2892/6248/2905 2890/6244/2903
f 2919/6301/2932 2918/6300/2931 2920/6303/2933 2897/6304/2910
f 2919/6301/2932 2897/6304/2910 2894/6254/2907 2892/6253/2905
f 2920/6303/2933 2918/6300/2931 2921/6305/2934 2922/6306/2935
f 2920/6307/2933 2922/6308/2935 2923/6309/2936 2924/6310/2937
f 2920/6311/2933 2924/6312/2937 2898/6313/2911 2897/6314/2910
f 2924/6310/2937 2923/6309/2936 2925/6315/2938 2926/6316/2939
f 2924/6312/2937 2926/6317/2939 2899/6318/2912 2898/6313/2911
f 2926/6319/2939 2925/6320/2938 2927/6321/2940 2928/6322/2941
f 2926/6319/2939 2928/6322/2941 2901/6267/2914 2899/6266/2912
f 2928/6322/2941 2927/6321/2940 2929/6323/2942 2930/6324/2943
f 2928/6322/2941 2930/6324/2943 2903/6269/2916 2901/6267/2914
f 2930/6325/2943 2929/6326/2942 2931/6327/2944 2932/6328/2945
f 2930/6329/2943 2932/6330/2945 2905/6331/2918 2903/6332/2916
f 2932/6328/2945 2931/6327/2944 2933/6333/2946 2910/6284/2923
f 2932/6328/2945 2910/6284/2923 2907/6280/2920 2905/6279/2918
f 2933/6333/2946 2931/6327/2944 2934/6334/2947 2935/6335/2948
f 2933/6336/2946 2935/6337/2948 2936/6338/2949 2937/6339/2950
f 2933/6336/2946 2937/6339/2950 2911/6340/2924 2910/6341/2923
f 2937/6342/2950 2936/6343/2949 2938/6344/2951 2939/6345/2952
f 2937/6342/2950 2939/6345/2952 2912/6291/2925 2911/6346/2924
f 2939/6345/2952 2938/6344/2951 2940/6347/2953 2941/6348/2954
f 2939/6345/2952 2941/6348/2954 2914/6292/2927 2912/6291/2925
f 2941/6349/2954 2940/6350/2953 2942/6351/2955 2943/6352/2956
f 2941/6348/2954 2943/6353/2956 2916/6354/2929 2914/6292/2927
f 2943/6355/2956 2942/6356/2955 2944/6357/2957 2921/6305/2934
f 2943/6355/2956 2921/6305/2934 2918/6300/2931 2916/6299/2929
f 2944/6358/2957 2942/6351/2955 2945/6359/2958 2946/6360/2959
f 2944/6361/2957 2946/6362/2959 1288/1637/899 1287/1636/898
f 2944/6357/2957 1287/6363/898 2922/6306/2935 2921/6305/2934
f 2946/6360/2959 2945/6359/2958 2947/6364/2960 2948/6365/2961
f 2946/6362/2959 2948/6366/2961 1292/1644/903 1288/1637/899
f 2948/6365/2961 2947/6364/2960 2949/6367/2962 2950/6368/2963
f 2948/6366/2961 2950/6369/2963 196/1632/894 1292/1644/903
f 2950/6368/2963 2949/6367/2962 3670/6370/2964 3671/6371/2965 3672/6372/2966
f 196/1649/894 2950/6373/2963 3672/6374/2966 3673/6375/2967 3663/1650/906
f 3674/6376/2968 3675/6377/2969 1785/6378/1551 3669/6379/1560
f 3676/6380/2970 3677/6381/2971 1786/6382/1552 1785/6378/1551 3675/6377/2969
f 3678/6383/2972 3679/6384/2973 1837/6385/1617 1786/6382/1552 3677/6381/2971
f 3680/6386/2974 3681/6387/2975 1838/3059/1618 1837/3058/1617 3679/6388/2973
f 3682/6389/2976 3683/6390/2977 1835/3054/1615 1838/3059/1618 3681/6387/2975
f 3685/6391/2978 3684/6392/2979 1501/2197/1178 3667/2196/1182
f 3670/6370/2964 2949/6367/2962 1502/6393/1179 1501/6394/1178 3684/6395/2979 3686/6396/2980
f 2949/6367/2962 2947/6364/2960 2951/6397/2981 1502/6393/1179
f 2951/6398/2981 2952/6399/2982 2953/6400/2983 2954/6401/2984
f 2951/6398/2981 2954/6401/2984 1503/6402/1180 1502/6403/1179
f 2951/6397/2981 2947/6364/2960 2945/6359/2958 2952/6404/2982
f 2954/6401/2984 2953/6400/2983 2955/6405/2985 2956/6406/2986
f 2954/6407/2984 2956/6408/2986 1504/6409/1181 1503/6410/1180
f 2956/6411/2986 2955/6412/2985 2957/6413/2987 2958/6414/2988
f 2956/6408/2986 2958/6415/2988 1794/6416/1562 1504/6409/1181
f 2958/6414/2988 2957/6413/2987 2959/6417/2989 2960/6418/2990
f 2958/6415/2988 2960/6419/2990 1781/6420/1545 1794/6416/1562
f 2960/6421/2990 2959/6422/2989 2961/6423/2991 1790/6424/1556
f 2960/6425/2990 1790/2908/1556 1780/2907/1543 1781/6426/1545
f 2961/6427/2991 2962/6428/2992 2963/6429/2993 2964/6430/2994
f 2961/6423/2991 2964/6431/2994 1788/6432/1554 1790/6424/1556
f 2961/6433/2991 2959/6434/2989 2934/6334/2947 2962/6435/2992
f 2964/6430/2994 2963/6429/2993 1290/1640/901 1289/1639/900
f 2964/6430/2994 1289/1639/900 1291/1643/902 1788/6436/1554
f 2963/6429/2993 2927/6321/2940 2925/6320/2938 1290/1640/901
f 2963/6429/2993 2962/6428/2992 2929/6323/2942 2927/6321/2940
f 2962/6435/2992 2934/6334/2947 2931/6327/2944 2929/6326/2942
f 2959/6417/2989 2957/6413/2987 2935/6337/2948 2934/6437/2947
f 2957/6413/2987 2955/6412/2985 2936/6338/2949 2935/6337/2948
f 2955/6412/2985 2953/6438/2983 2938/6439/2951 2936/6338/2949
f 2953/6400/2983 2952/6399/2982 2940/6347/2953 2938/6344/2951
f 2952/6404/2982 2945/6359/2958 2942/6351/2955 2940/6350/2953
f 2925/6320/2938 2923/6440/2936 1286/1641/897 1290/1640/901
f 2923/6309/2936 2922/6308/2935 1287/1636/898 1286/1635/897
f 2879/6271/2892 2877/6441/2890 1422/1984/1075 1427/1991/1080
f 2340/4415/2265 2339/4414/2264 2965/6442/2995 2966/6443/2996
f 2340/4417/2265 2966/6444/2996 1641/2505/1362 1640/2504/1361
f 2966/6443/2996 2965/6442/2995 2967/6445/2997 2968/6446/2998
f 2966/6444/2996 2968/6447/2998 2969/6448/2999 1641/2505/1362
f 2969/6448/2999 2968/6447/2998 2970/6449/3000 2971/6450/3001
f 2969/6451/2999 2971/6452/3001 2972/6453/3002 2973/6454/3003
f 2969/6448/2999 2973/6455/3003 291/2502/1304 1641/2505/1362
f 2973/6456/3003 2974/6457/3004 2975/6458/3005 291/6459/1304
f 2973/6456/3003 2972/6460/3002 2976/6461/3006 2974/6457/3004
f 2976/6462/3006 2977/6463/3007 2978/6464/3008 2974/6465/3004
f 2976/6461/3006 2972/6460/3002 2979/6466/3009 2980/6467/3010
f 2976/6462/3006 2980/6468/3010 2981/6469/3011 2977/6463/3007
f 2981/6470/3011 2982/6471/3012 2983/6472/3013 2977/6473/3007
f 2981/6474/3011 2980/6475/3010 1579/6476/1281 1578/6477/1280
f 2981/6470/3011 1578/6478/1280 1667/2584/1396 2982/6471/3012
f 2983/6472/3013 2984/6479/3014 2985/6480/3015 2986/6481/3016
f 2983/6472/3013 2986/6481/3016 2978/6482/3008 2977/6473/3007
f 2983/6472/3013 2982/6471/3012 2987/6483/3017 2984/6479/3014
f 2987/6484/3017 2988/6485/3018 2989/6486/3019 2984/6487/3014
f 2987/6483/3017 2982/6471/3012 1667/2584/1396 1669/2583/1398
f 2987/6488/3017 1669/6489/1398 1670/6490/1400 2988/6491/3018
f 2989/6492/3019 2988/6491/3018 1588/6493/1291 2990/6494/3020
f 2989/6492/3019 2990/6494/3020 2991/6495/3021 2992/6496/3022
f 2989/6486/3019 2992/6497/3022 2985/6498/3015 2984/6487/3014
f 2992/6496/3022 2991/6495/3021 2967/6499/2997 2993/6500/3023
f 2992/6497/3022 2993/6501/3023 2994/6502/3024 2985/6498/3015
f 2994/6502/3024 2993/6501/3023 2995/6503/3025 2996/6504/3026
f 2994/6505/3024 2996/6506/3026 1635/6507/1355 2997/6508/3027
f 2994/6505/3024 2997/6508/3027 2986/6481/3016 2985/6480/3015
f 2997/6509/3027 1635/2493/1355 290/2492/1305 2998/6510/3028
f 2997/6509/3027 2998/6510/3028 2978/6464/3008 2986/6511/3016
f 2996/6504/3026 2995/6503/3025 1645/2515/1367 1636/2514/1356
f 2996/6506/3026 1636/2495/1356 289/2494/1349 1635/6507/1355
f 2995/6512/3025 2965/6513/2995 2339/6514/2264 1645/6515/1367
f 2995/6512/3025 2993/6500/3023 2967/6499/2997 2965/6513/2995
f 2991/6516/3021 2990/6517/3020 2999/6518/3029 2970/6519/3000
f 2991/6516/3021 2970/6519/3000 2968/6446/2998 2967/6445/2997
f 2999/6518/3029 2990/6517/3020 1588/2381/1291 1585/2380/1288
f 2999/6520/3029 1585/2374/1288 1584/2373/1287 3000/6521/3030
f 2999/6520/3029 3000/6521/3030 2971/6450/3001 2970/6449/3000
f 3000/6521/3030 2979/6522/3009 2972/6523/3002 2971/6450/3001
f 3000/6524/3030 1584/6525/1287 1582/2369/1284 2979/6526/3009
f 2988/6491/3018 1670/6490/1400 1586/6527/1289 1588/6493/1291
f 2980/6528/3010 2979/6526/3009 1582/2369/1284 1579/2368/1281
f 2978/6464/3008 2998/6510/3028 2975/6529/3005 2974/6465/3004
f 2339/6514/2264 2338/6530/2263 1642/6531/1364 1645/6515/1367
f 2338/6532/2263 2335/6533/2256 1643/6534/1365 1642/6535/1364
f 2335/6536/2256 2334/6537/2261 1841/3163/1627 1643/2512/1365
f 2324/6538/2246 2302/4338/2220 506/4304/2197 2288/4311/2204
f 2299/4332/2217 1897/4331/1701 372/6539/1700 2164/6540/2046
f 2294/4319/2211 2293/4318/2210 473/6541/2044 2165/4521/2047
f 2279/5881/2192 2255/5880/2163 2254/6542/2162 3001/6543/3031
f 2279/4292/2192 3001/6544/3031 2268/6545/2178 2260/4293/2170
f 3001/6544/3031 2254/6546/2162 2256/6547/2164 2247/6548/2153
f 3001/6544/3031 2247/6548/2153 2246/6549/2152 2268/6545/2178
f 2268/6550/2178 2267/6551/2177 2261/6552/2171 2260/6553/2170
f 2266/4262/2176 2200/4089/2093 2250/6554/2157 2249/6555/2156
f 2257/4243/2165 2197/4220/2089 2227/4219/2129 2221/4244/2120
f 2257/6556/2165 499/6557/2159 2210/6558/2106 2209/6559/2105
f 2257/6556/2165 2209/6559/2105 2198/4078/2090 2197/4077/2089
f 2256/4240/2164 2252/4239/2160 2223/6560/2122 2231/6561/2133
f 2256/6547/2164 2231/6562/2133 2225/6563/2127 2247/6548/2153
f 2253/6564/2161 2250/6554/2157 2200/4089/2093 2193/4088/2084
f 2253/6564/2161 2193/4088/2084 2192/6565/2083 2207/6566/2101
f 2253/6564/2161 2207/6566/2101 2206/6567/2100 2251/6568/2158
f 499/4228/2159 2251/4227/2158 2206/4119/2100 2210/4118/2106
f 2245/4214/2151 2244/4213/2149 2224/4179/2125 2232/4178/2134
f 2245/6569/2151 2232/6570/2134 2234/4182/2137 2233/4181/2136
f 2244/6571/2149 2240/6572/2144 490/6573/2102 2224/6574/2125
f 2242/4198/2147 2241/4197/2146 2237/6575/2140 2236/6576/2139
f 2242/4198/2147 2236/6576/2139 2238/6577/2141 2202/4093/2096
f 2242/4198/2147 2202/4093/2096 2201/4092/2095 2239/4199/2143
f 2240/4194/2144 2239/4193/2143 2201/6578/2095 490/6579/2102
f 2238/6580/2141 2235/6581/2138 3002/6582/3032 3003/6583/3033
f 2238/6577/2141 3003/6584/3033 2203/4094/2097 2202/4093/2096
f 3003/6583/3033 3002/6582/3032 2218/4139/2117 2217/4138/2116
f 3003/6585/3033 2217/6586/2116 2204/4123/2098 2203/6587/2097
f 3002/6588/3032 2235/4183/2138 2234/4182/2137 3004/6589/3034
f 3002/6590/3032 3004/6591/3034 2219/4141/2118 2218/4140/2117
f 3004/6592/3034 2234/6593/2137 2232/6594/2134 2230/4173/2132
f 3004/6592/3034 2230/4173/2132 2229/4172/2131 2219/6595/2118
f 2231/4175/2133 2223/6596/2122 2222/6597/2121 2228/4171/2130
f 2229/4172/2131 2228/4171/2130 2222/6597/2121 2216/6598/2115
f 2229/4172/2131 2216/6598/2115 2215/6599/2114 2219/6595/2118
f 2227/4168/2129 2226/4167/2128 2211/4145/2108 2221/4144/2120
f 2226/6600/2128 2199/6601/2091 2208/4116/2104 2211/4115/2108
f 2217/6586/2116 2214/4129/2112 2212/4124/2109 2204/4123/2098
f 2209/4111/2105 2208/4110/2104 2199/6602/2091 2198/6603/2090
f 2191/4065/2081 2182/4041/2070 3005/6604/3035 2178/6605/2064
f 2191/4065/2081 2178/6605/2064 477/6606/2056 2188/4066/2078
f 2191/4065/2081 2187/4064/2076 2183/4042/2071 2182/4041/2070
f 3005/6607/3035 3006/6608/3036 3007/6609/3037 3008/6610/3038
f 3005/6604/3035 3008/6611/3038 2168/6612/2051 2178/6605/2064
f 3005/6604/3035 2182/4041/2070 2181/4040/2069 3006/6613/3036
f 3008/6610/3038 3007/6609/3037 3009/6614/3039 3010/6615/3040
f 3008/6611/3038 3010/6616/3040 2169/6617/2054 2168/6612/2051
f 3010/6615/3040 3009/6614/3039 2079/6618/1938 3011/6619/3041
f 3010/6616/3040 3011/6620/3041 2086/3799/1946 2169/6617/2054
f 3011/6621/3041 2079/6622/1938 2067/3756/1924 2070/3759/1927
f 3011/6623/3041 2070/6624/1927 2087/6625/1947 2086/6626/1946
f 3009/6627/3039 2082/6628/1941 446/6629/1936 2079/6630/1938
f 3009/6627/3039 3007/6631/3037 3012/6632/3042 2082/6628/1941
f 3012/6633/3042 3013/6634/3043 2083/3792/1942 2082/3791/1941
f 3012/6632/3042 3007/6631/3037 3006/6635/3036 3014/6636/3044
f 3012/6633/3042 3014/6637/3044 3015/6638/3045 3013/6634/3043
f 3015/6638/3045 2176/4025/2062 2175/4024/2061 3013/6634/3043
f 3015/6638/3045 3014/6637/3044 2180/4050/2068 2185/4049/2073
f 3015/6638/3045 2185/4049/2073 2190/4061/2080 2176/4025/2062
f 3014/6636/3044 3006/6635/3036 2181/4038/2069 2180/4037/2068
f 3013/6634/3043 2175/4024/2061 2090/3807/1951 2083/3792/1942
f 2190/4061/2080 2189/4060/2079 2172/4018/2055 2176/4025/2062
f 2190/4061/2080 2185/4049/2073 2184/4048/2072 2186/4062/2075
f 2189/6639/2079 2188/6640/2078 477/6641/2056 2172/6642/2055
f 2187/6643/2076 2186/6644/2075 2184/4045/2072 2183/4044/2071
f 2175/4024/2061 476/4021/2058 2091/3808/1952 2090/3807/1951
f 2174/4023/2060 2143/6645/2020 2092/3809/1953 2091/3808/1952
f 2170/5399/2052 2169/6617/2054 2086/3799/1946 447/3798/1943
f 2165/6646/2047 2164/6647/2046 372/6648/1700 1902/6649/1706
f 2161/4002/2042 2160/4001/2041 2149/3976/2028 2148/3975/2027
f 2161/6650/2042 2148/6651/2027 1894/3204/1696 1893/3203/1695
f 2161/6650/2042 1893/3203/1695 1848/3209/1637 1847/6652/1636
f 2159/6653/2040 1023/962/530 1022/961/529 3016/6654/3046
f 2159/6653/2040 3016/6654/3046 3017/6655/3047 2157/6656/2038
f 2159/4000/2040 469/3999/2029 1024/965/531 1023/964/530
f 3017/6655/3047 1916/6657/1725 1915/6658/1724 2157/6656/2038
f 3017/6655/3047 3016/6654/3046 3018/6659/3048 3019/6660/3049
f 3017/6661/3047 3019/6662/3049 1146/6663/711 1916/3260/1725
f 3019/6660/3049 3018/6659/3048 3020/6664/3050 3021/6665/3051
f 3019/6660/3049 3021/6665/3051 1147/1291/712 1146/1290/711
f 3021/6666/3051 3020/6667/3050 1028/6668/535 1027/6669/534
f 3021/6666/3051 1027/6669/534 1152/1304/719 1147/1303/712
f 3020/6667/3050 1032/6670/540 1031/6671/539 1028/6668/535
f 3020/6664/3050 3018/6659/3048 1033/6672/541 1032/6673/540
f 3018/6659/3048 3016/6654/3046 1022/961/529 1033/6672/541
f 2158/6674/2039 2156/6675/2037 3022/6676/3052 3023/6677/3053
f 2158/6678/2039 3023/6679/3053 3024/6680/3054 3025/6681/3055
f 2158/6682/2039 3025/6683/3055 3026/6684/3056 2152/6685/2033
f 3026/6686/3056 3027/6687/3057 2150/6688/2030 2152/6689/2033
f 3026/6684/3056 3025/6683/3055 3028/6690/3058 3029/6691/3059
f 3026/6686/3056 3029/6692/3059 3030/6693/3060 3027/6687/3057
f 3030/6694/3060 3031/6695/3061 3032/6696/3062 3027/6697/3057
f 3030/6698/3060 3029/6699/3059 2063/3750/1919 2059/3749/1915
f 3030/6694/3060 2059/6700/1915 2058/6701/1914 3031/6695/3061
f 3032/6702/3062 3033/6703/3063 3034/6704/3064 2151/6705/2031
f 3032/6706/3062 2151/3979/2031 2150/3978/2030 3027/6707/3057
f 3032/6708/3062 3031/6709/3061 3035/6710/3065 3033/6711/3063
f 3035/6712/3065 3031/6713/3061 2058/6714/1914 2118/6715/1987
f 3035/6716/3065 2118/3885/1987 2073/3884/1930 3036/6717/3066
f 3035/6718/3065 3036/6719/3066 3037/6720/3067 3033/6721/3063
f 3037/6720/3067 3038/6722/3068 3034/6723/3064 3033/6721/3063
f 3037/6724/3067 3036/6717/3066 3039/6725/3069 3024/6726/3054
f 3037/6720/3067 3024/6727/3054 3023/6728/3053 3038/6722/3068
f 3039/6725/3069 3036/6717/3066 2073/3884/1930 2072/6729/1929
f 3039/6730/3069 2072/6731/1929 2071/6732/1928 3028/6733/3058
f 3039/6730/3069 3028/6733/3058 3025/6681/3055 3024/6680/3054
f 3038/6722/3068 3023/6728/3053 3022/6734/3052 2145/3968/2023
f 3038/6722/3068 2145/3968/2023 2144/3967/2022 3034/6723/3064
f 3034/6704/3064 2144/3973/2022 470/3972/2026 2151/6705/2031
f 3029/6735/3059 3028/6736/3058 2071/6737/1928 2063/6738/1919
f 3022/6739/3052 2156/6740/2037 2155/6741/2036 3040/6742/3070
f 3022/6734/3052 3040/6743/3070 2146/3969/2024 2145/3968/2023
f 3040/6742/3070 1894/3204/1696 2148/6651/2027 2146/6744/2024
f 3040/6742/3070 2155/6741/2036 1890/3200/1692 1894/3204/1696
f 2155/3992/2036 1914/3256/1723 1891/3255/1693 1890/6745/1692
f 2137/6746/2012 2037/6747/1884 1135/6748/696 1134/6749/695
f 2137/3935/2012 1134/6750/695 3041/6751/3071 2130/3916/2002
f 3041/6751/3071 1134/6750/695 1133/6752/694 3042/6753/3072
f 3041/6751/3071 3042/6753/3072 1966/6754/1790 1965/6755/1789
f 3041/6751/3071 1965/6755/1789 2126/3917/1998 2130/3916/2002
f 3042/6753/3072 1133/6752/694 1139/6756/700 3043/6757/3073
f 3042/6753/3072 3043/6757/3073 3044/6758/3074 1966/6754/1790
f 3044/6759/3074 3043/6760/3073 3045/6761/3075 3046/6762/3076
f 3044/6759/3074 3046/6762/3076 3047/6763/3077 3048/6764/3078
f 3044/6759/3074 3048/6764/3078 1967/6765/1791 1966/6766/1790
f 3048/6764/3078 3047/6763/3077 3049/6767/3079 3050/6768/3080
f 3048/6764/3078 3050/6768/3080 1968/6769/1792 1967/6765/1791
f 3050/6770/3080 3049/6771/3079 3051/6772/3081 3052/6773/3082
f 3050/6774/3080 3052/6775/3082 1993/6776/1826 1968/6777/1792
f 3052/6773/3082 3051/6772/3081 3053/6778/3083 3054/6779/3084
f 3052/6775/3082 3054/6780/3084 1994/6781/1827 1993/6776/1826
f 3054/6779/3084 3053/6778/3083 1982/6782/1811 1985/6783/1815
f 3054/6780/3084 1985/6784/1815 1999/6785/1835 1994/6781/1827
f 3053/6786/3083 3051/6787/3081 3055/6788/3085 3056/6789/3086
f 3053/6786/3083 3056/6789/3086 1983/3486/1812 1982/3485/1811
f 3056/6789/3086 3055/6788/3085 3057/6790/3087 3058/6791/3088
f 3056/6789/3086 3058/6791/3088 2008/6792/1845 1983/3486/1812
f 3058/6793/3088 3057/6794/3087 2005/6795/1842 2004/6796/1841
f 3058/6793/3088 2004/6796/1841 2050/3722/1901 2008/3557/1845
f 3057/6790/3087 3055/6788/3085 1961/6797/1784 401/6798/1780
f 3057/6794/3087 401/6799/1780 1964/6800/1787 2005/6795/1842
f 3055/6801/3085 3051/6772/3081 3049/6771/3079 1961/6802/1784
f 3049/6803/3079 3047/6804/3077 1962/6805/1785 1961/6806/1784
f 3047/6807/3077 3046/6808/3076 3059/6809/3089 1962/3436/1785
f 3059/6810/3089 3046/6811/3076 3045/6812/3075 1972/6813/1798
f 3059/6814/3089 1972/3455/1798 1971/3454/1797 2044/3676/1891
f 3059/6809/3089 2044/6815/1891 1959/3432/1781 1962/3436/1785
f 3045/6812/3075 3043/6816/3073 1139/6817/700 3060/6818/3090
f 3045/6812/3075 3060/6818/3090 1973/6819/1799 1972/6813/1798
f 3060/6820/3090 1139/1276/700 1138/1275/699 1939/3370/1753
f 3060/6820/3090 1939/3370/1753 1938/3369/1752 1973/6821/1799
f 2136/6822/2010 2135/6823/2009 2120/3907/1991 2125/3906/1996
f 2136/6824/2010 2125/6825/1996 3061/6826/3091 3062/6827/3092
f 2136/3932/2010 3062/6828/3092 3063/6829/3093 2134/3933/2008
f 3063/6830/3093 3064/6831/3094 2131/3925/2004 2134/3924/2008
f 3063/6829/3093 3062/6828/3092 2119/3958/1988 2056/3957/1910
f 3063/6830/3093 2056/6832/1910 2055/6833/1909 3064/6831/3094
f 3064/6834/3094 3065/6835/3095 2132/3920/2005 2131/3919/2004
f 3064/6834/3094 2055/3734/1909 3066/6836/3096 3065/6835/3095
f 3066/6836/3096 3067/6837/3097 3068/6838/3098 3065/6835/3095
f 3066/6836/3096 2055/3734/1909 2053/3733/1905 3069/6839/3099
f 3066/6836/3096 3069/6839/3099 3070/6840/3100 3067/6837/3097
f 3070/6841/3100 2066/6842/1923 2065/6843/1922 3067/6844/3097
f 3070/6840/3100 3069/6839/3099 2084/3801/1944 2087/3800/1947
f 3070/6841/3100 2087/6625/1947 2070/6624/1927 2066/6842/1923
f 3069/6839/3099 2053/3733/1905 2052/6845/1904 2084/3801/1944
f 3068/6846/3098 3071/6847/3101 2122/6848/1993 2124/6849/1995
f 3068/6838/3098 2124/3902/1995 2132/3920/2005 3065/6835/3095
f 3068/6846/3098 3067/6844/3097 2065/6843/1922 3071/6847/3101
f 3071/6850/3101 3072/6851/3102 2123/3898/1994 2122/3897/1993
f 3071/6850/3101 2065/3754/1922 2064/3753/1921 3072/6851/3102
f 3072/6852/3102 3061/6826/3091 2125/6825/1996 2123/6853/1994
f 3072/6852/3102 2064/3769/1921 2075/3768/1932 3061/6826/3091
f 3062/6827/3092 3061/6826/3091 2075/3768/1932 2119/3887/1988
f 2135/3928/2009 2133/3927/2006 2121/3895/1992 2120/3894/1991
f 2133/3921/2006 2132/3920/2005 2124/3902/1995 2121/3901/1992
f 2126/3909/1998 1965/3442/1789 402/3441/1788 2046/3910/1893
f 2117/6854/1986 2116/6855/1985 3073/6856/3103 3074/6857/3104
f 2117/6854/1986 3074/6857/3104 2114/6858/1982 2113/6859/1981
f 3074/6860/3104 3073/6861/3103 2101/6862/1967 2100/6863/1966
f 3074/6857/3104 2100/6864/1966 2107/6865/1973 2114/6858/1982
f 3073/6866/3103 3075/6867/3105 3076/6868/3106 2101/6869/1967
f 3073/6856/3103 2116/6855/1985 3077/6870/3107 3075/6871/3105
f 3077/6870/3107 2076/3771/1934 2077/3775/1935 3075/6871/3105
f 3077/6872/3107 2116/3880/1985 2096/3879/1958 3078/6873/3108
f 3077/6870/3107 3078/6874/3108 2061/3772/1917 2076/3771/1934
f 3078/6873/3108 2096/3879/1958 2095/6875/1957 3079/6876/3109
f 3078/6873/3108 3079/6876/3109 2062/3747/1918 2061/3746/1917
f 3079/6877/3109 2095/3819/1957 3080/6878/3110 3081/6879/3111
f 3079/6877/3109 3081/6879/3111 2093/6880/1954 2062/6881/1918
f 3081/6882/3111 3080/6883/3110 2106/6884/1972 3082/6885/3112
f 3081/6882/3111 3082/6885/3112 2094/6886/1955 2093/6887/1954
f 3082/6888/3112 2106/3843/1972 2102/3835/1968 3083/6889/3113
f 3082/6888/3112 3083/6889/3113 2081/3788/1940 2094/3817/1955
f 3083/6890/3113 2102/6891/1968 2101/6869/1967 3076/6868/3106
f 3083/6889/3113 3076/6892/3106 2078/3789/1937 2081/3788/1940
f 3080/6878/3110 2095/3819/1957 449/3818/1956 2115/6893/1984
f 3080/6894/3110 2115/6895/1984 2104/6896/1970 2106/6897/1972
f 3076/6868/3106 3075/6867/3105 2077/3780/1935 2078/3779/1937
f 2115/6898/1984 2109/6899/1976 2105/6900/1971 2104/6901/1970
f 2114/6902/1982 2107/6903/1973 2108/6904/1975 2111/6905/1978
f 2093/6880/1954 2057/3737/1912 443/3736/1911 2062/6881/1918
f 2071/6906/1928 2069/6907/1926 2060/6908/1916 2063/6909/1919
f 2050/6910/1901 2004/3543/1841 2001/3542/1837 2000/6911/1836
f 2050/3722/1901 1997/3721/1832 1986/3558/1816 2008/3557/1845
f 2049/6912/1900 3084/6913/3114 3085/6914/3115 2018/6915/1858
f 2049/3718/1900 2019/3717/1859 2030/6916/1875 3086/6917/3116
f 2049/6912/1900 3086/6918/3116 3087/6919/3117 3084/6913/3114
f 3087/6919/3117 1109/1200/654 1108/1199/653 3084/6913/3114
f 3087/6919/3117 3086/6918/3116 1957/6920/1778 1950/6921/1770
f 3087/6919/3117 1950/6921/1770 1110/1201/655 1109/1200/654
f 3086/6917/3116 2030/6916/1875 2029/6922/1874 1957/6923/1778
f 3085/6924/3115 1111/1211/657 1113/1210/659 3088/6925/3118
f 3085/6924/3115 3088/6925/3118 2015/3580/1854 2018/3579/1858
f 3085/6914/3115 3084/6913/3114 1108/1199/653 1111/1203/657
f 3088/6926/3118 1113/6927/659 1952/3417/1773 1976/3465/1802
f 3088/6928/3118 1976/6929/1802 2016/6930/1855 2015/6931/1854
f 2045/3951/1892 435/6932/1795 2039/6933/1886 2041/3952/1888
f 2044/3676/1891 1971/3454/1797 1974/3458/1800 2042/3677/1889
f 2043/6934/1890 2040/3684/1887 1963/3439/1786 1960/3438/1783
f 2043/3672/1890 2042/3671/1889 1974/3646/1800 2034/3645/1880
f 2043/3672/1890 2034/3645/1880 2036/3651/1882 2040/6935/1887
f 2033/6936/1879 3089/6937/3119 2028/3618/1873 2027/3617/1872
f 2033/6938/1879 1723/6939/1469 317/6940/1460 1718/6941/1463
f 2033/6942/1879 1718/3395/1463 1946/3394/1762 3089/6943/3119
f 3089/6944/3119 1955/6945/1776 1954/6946/1775 2028/6947/1873
f 3089/6944/3119 1946/3388/1762 1930/3322/1742 1955/6945/1776
f 2032/6948/1877 1953/3420/1774 1951/3419/1771 2025/6949/1870
f 2032/6948/1877 2031/6950/1876 2017/3576/1856 2016/3575/1855
f 2032/6948/1877 2016/3575/1855 1976/3465/1802 1953/3420/1774
f 2031/3623/1876 2030/3622/1875 2019/3583/1859 2017/3582/1856
f 2029/6922/1874 2028/6947/1873 1954/6946/1775 1957/6923/1778
f 2026/6951/1871 1120/6952/669 1122/6953/671 3090/6954/3120
f 2026/6955/1871 3090/6956/3120 3091/6957/3121 1728/2756/1474
f 2026/6951/1871 426/6958/1867 1121/6959/670 1120/6952/669
f 3091/6957/3121 3090/6956/3120 3092/6960/3122 3093/6961/3123
f 3091/6957/3121 3093/6961/3123 3094/6962/3124 3095/6963/3125
f 3091/6957/3121 3095/6963/3125 1724/2757/1470 1728/2756/1474
f 3095/6964/3125 3094/6965/3124 3096/6966/3126 3097/6967/3127
f 3095/6964/3125 3097/6967/3127 1725/6968/1471 1724/6969/1470
f 3097/6970/3127 3096/6971/3126 3098/6972/3128 3099/6973/3129
f 3097/6970/3127 3099/6973/3129 3100/6974/3130 1725/2752/1471
f 3100/6974/3130 3099/6973/3129 1116/6975/663 1115/6976/662
f 3100/6977/3130 1115/1227/662 1119/1226/668 1947/6978/1765
f 3100/6974/3130 1947/3398/1765 1726/2753/1472 1725/2752/1471
f 3099/6979/3129 3098/6980/3128 3101/6981/3131 1116/6982/663
f 3101/6983/3131 3098/6984/3128 3102/6985/3132 3103/6986/3133
f 3101/6983/3131 3103/6986/3133 1978/6987/1804 3104/6988/3134
f 3101/6983/3131 3104/6988/3134 1117/1219/664 1116/1218/663
f 3104/6989/3134 1978/3468/1804 1977/3467/1803 3105/6990/3135
f 3104/6989/3134 3105/6990/3135 1122/1233/671 1117/1232/664
f 3103/6986/3133 3102/6985/3132 3106/6991/3136 3107/6992/3137
f 3103/6986/3133 3107/6992/3137 1979/6993/1805 1978/6987/1804
f 3107/6992/3137 3106/6991/3136 1355/6994/991 1354/6995/990
f 3107/6992/3137 1354/6995/990 1351/6996/986 1979/6993/1805
f 3106/6997/3136 3108/6998/3138 1356/1824/992 1355/1823/991
f 3106/6997/3136 3102/6999/3132 3109/7000/3139 3108/6998/3138
f 3109/7001/3139 3110/7002/3140 1769/2844/1526 3108/7003/3138
f 3109/7000/3139 3102/6999/3132 3098/6972/3128 3096/6971/3126
f 3109/7001/3139 3096/6966/3126 3094/6965/3124 3110/7002/3140
f 3110/7002/3140 3111/7004/3141 1759/2845/1513 1769/2844/1526
f 3110/7005/3140 3094/6962/3124 3093/6961/3123 3111/7006/3141
f 3111/7006/3141 2010/3563/1847 1760/2823/1514 1759/2822/1513
f 3111/7006/3141 3093/6961/3123 3092/6960/3122 2010/3563/1847
f 3108/7003/3138 1769/2844/1526 1768/2843/1525 1356/7007/992
f 3090/6954/3120 1122/6953/671 3105/7008/3135 3092/7009/3122
f 426/7010/1867 2025/7011/1870 1951/7012/1771 1121/7013/670
f 2023/7014/1866 2022/7015/1865 2021/7016/1864 3112/7017/3142
f 2023/7018/1866 3112/7019/3142 3113/7020/3143 3114/7021/3144
f 2023/7018/1866 3114/7021/3144 1752/2802/1503 1751/2801/1502
f 3114/7022/3144 3113/7023/3143 3115/7024/3145 3116/7025/3146
f 3114/7022/3144 3116/7025/3146 3117/7026/3147 1752/7027/1503
f 3117/7028/3147 3118/7029/3148 1753/7030/1504 1752/7031/1503
f 3117/7026/3147 3116/7025/3146 3119/7032/3149 3120/7033/3150
f 3117/7026/3147 3120/7033/3150 1731/7034/1478 3118/7035/3148
f 3120/7033/3150 3119/7032/3149 3121/7036/3151 3122/7037/3152
f 3120/7033/3150 3122/7037/3152 1732/7038/1479 1731/7034/1478
f 3122/7037/3152 1866/3141/1662 369/7039/1665 1732/7038/1479
f 3122/7037/3152 3121/7036/3151 1867/3142/1663 1866/3141/1662
f 3121/7040/3151 3119/7041/3149 1744/7042/1493 1743/7043/1492
f 3121/7040/3151 1743/7043/1492 1742/7044/1491 1867/7045/1663
f 3119/7032/3149 3116/7025/3146 3115/7024/3145 1744/7046/1493
f 3118/7047/3148 1731/2764/1478 1730/2763/1477 3123/7048/3153
f 3118/7047/3148 3123/7048/3153 1748/2810/1498 1753/2809/1504
f 3123/7049/3153 1730/2769/1477 1733/2768/1481 3124/7050/3154
f 3123/7051/3153 3124/7052/3154 1749/7053/1499 1748/7054/1498
f 3124/7052/3154 3125/7055/3155 1750/7056/1500 1749/7053/1499
f 3124/7052/3154 1733/7057/1481 3126/7058/3156 3125/7055/3155
f 3126/7058/3156 1737/7059/1486 1744/7060/1493 3115/7061/3145
f 3126/7058/3156 3115/7061/3145 3113/7062/3143 3125/7055/3155
f 3126/7063/3156 1733/2768/1481 320/2767/1480 1737/7064/1486
f 3125/7065/3155 3113/7066/3143 3112/7067/3142 1750/7068/1500
f 3112/7067/3142 2021/7069/1864 1745/7070/1495 1750/7068/1500
f 2021/7071/1864 2020/7072/1862 1746/7073/1496 1745/7074/1495
f 2014/3569/1851 2013/3568/1850 3127/7075/3157 3128/7076/3158
f 2014/3586/1851 3128/7077/3158 3129/7078/3159 2006/3551/1843
f 3129/7079/3159 3128/7080/3158 3130/7081/3160 3131/7082/3161
f 3129/7083/3159 3131/7084/3161 2011/7085/1848 3132/7086/3162
f 3129/7078/3159 3132/7087/3162 2007/3552/1844 2006/3551/1843
f 3131/7088/3161 3130/7089/3160 3133/7090/3163 2009/7091/1846
f 3131/7092/3161 2009/7093/1846 418/7094/1515 2011/7095/1848
f 3133/7096/3163 3134/7097/3164 1757/2815/1510 1756/2814/1509
f 3133/7096/3163 1756/2814/1509 1981/7098/1809 2009/7099/1846
f 3133/7096/3163 3130/7100/3160 3135/7101/3165 3134/7097/3164
f 3135/7102/3165 3136/7103/3166 3137/7104/3167 3134/7105/3164
f 3135/7106/3165 3130/7107/3160 3128/7108/3158 3127/7109/3157
f 3135/7106/3165 3127/7109/3157 3138/7110/3168 3136/7111/3166
f 3138/7110/3168 3139/7112/3169 1704/7113/1447 3136/7111/3166
f 3138/7114/3168 3127/7075/3157 2013/3568/1850 2012/7115/1849
f 3138/7114/3168 2012/7115/1849 3140/7116/3170 3139/7117/3169
f 3140/7116/3170 3141/7118/3171 1714/7119/1458 3139/7117/3169
f 3140/7120/3170 2012/3565/1849 1767/2840/1523 3142/7121/3172
f 3140/7120/3170 3142/7121/3172 3143/7122/3173 3141/7123/3171
f 3143/7124/3173 3144/7125/3174 3145/7126/3175 3141/7127/3171
f 3143/7128/3173 3142/7129/3172 3146/7130/3176 1770/7131/1530
f 3143/7124/3173 1770/7132/1530 1318/7133/943 3144/7125/3174
f 3146/7130/3176 3142/7129/3172 1767/7134/1523 1758/7135/1511
f 3146/7136/3176 1758/7137/1511 1757/7138/1510 3147/7139/3177
f 3146/7136/3176 3147/7139/3177 1708/2861/1451 1770/2857/1530
f 3147/7140/3177 1757/7141/1510 3134/7142/3164 3137/7143/3167
f 3147/7140/3177 3137/7143/3167 1703/2708/1446 1708/2707/1451
f 3145/7144/3175 3148/7145/3178 1713/7146/1457 1712/7147/1456
f 3145/7144/3175 1712/7147/1456 1714/7119/1458 3141/7118/3171
f 3145/7126/3175 3144/7125/3174 1322/7148/948 3148/7149/3178
f 3148/7150/3178 3149/7151/3179 3150/7152/3180 1713/7153/1457
f 3148/7150/3178 1322/1725/948 1321/1724/947 3149/7151/3179
f 3150/7154/3180 1761/7155/1517 1766/7156/1522 1710/7157/1454
f 3150/7158/3180 1710/7159/1454 314/2724/1453 1713/2727/1457
f 3150/7154/3180 3149/7160/3179 1762/7161/1518 1761/7155/1517
f 3149/7162/3179 1321/1734/947 1323/1733/951 1762/7163/1518
f 3144/7125/3174 1318/7133/943 1317/7164/942 1322/7148/948
f 3139/7112/3169 1714/2729/1458 1702/2728/1443 1704/7113/1447
f 3137/7104/3167 3136/7103/3166 1704/2700/1447 1703/2699/1446
f 2005/3544/1842 1964/7165/1787 1970/3451/1794 414/3537/1829
f 2001/3530/1837 1995/3515/1828 1998/7166/1834 2000/7167/1836
f 1999/7168/1835 1998/7166/1834 1995/3515/1828 1994/3514/1827
f 1999/7169/1835 1985/3490/1815 1984/3489/1814 1996/7170/1831
f 1997/7171/1832 1996/7172/1831 1984/3495/1814 1986/3494/1816
f 1975/7173/1801 1949/3406/1768 1119/3405/668 1118/7174/667
f 1975/3463/1801 1958/3462/1779 1123/7175/673 1126/7176/677
f 1975/7177/1801 1126/7178/677 1772/3402/1534 1949/3401/1768
f 1958/3429/1779 1956/3424/1777 1124/1236/674 1123/1235/673
f 1956/3424/1777 1955/3423/1776 1930/7179/1742 1124/1236/674
f 1952/3417/1773 1113/6927/659 1112/7180/658 1114/3418/660
f 400/7181/1769 1114/7182/660 1106/7183/650 1110/7184/655
f 1948/7185/1767 1821/7186/1595 3151/7187/3181 3152/7188/3182
f 1948/7185/1767 3152/7188/3182 318/7189/1468 1771/7190/1531
f 3152/7191/3182 3151/7192/3181 3153/7193/3183 3154/7194/3184
f 3152/7188/3182 3154/7195/3184 1727/7196/1473 318/7189/1468
f 3154/7194/3184 3153/7193/3183 1328/1744/956 1327/1743/955
f 3154/7195/3184 1327/1742/955 1326/1741/954 1727/7196/1473
f 3153/7193/3183 3155/7197/3185 3156/7198/3186 1328/1744/956
f 3153/7193/3183 3151/7192/3181 3157/7199/3187 3155/7197/3185
f 3157/7200/3187 3158/7201/3188 3159/7202/3189 3155/7203/3185
f 3157/7199/3187 3151/7192/3181 1821/3000/1595 1820/2999/1594
f 3157/7200/3187 1820/2997/1594 1738/2996/1487 3158/7201/3188
f 3159/7204/3189 3160/7205/3190 3161/7206/3191 3162/7207/3192
f 3159/7202/3189 3162/7208/3192 3156/7209/3186 3155/7203/3185
f 3159/7204/3189 3158/7210/3188 1735/2776/1483 3160/7205/3190
f 3162/7207/3192 3161/7206/3191 3163/7211/3193 3164/7212/3194
f 3162/7208/3192 3164/7213/3194 3165/7214/3195 3156/7209/3186
f 3165/7214/3195 3164/7213/3194 3166/7215/3196 3167/7216/3197
f 3165/7217/3195 3167/7218/3197 1325/1737/953 1324/1736/952
f 3165/7217/3195 1324/1736/952 1328/1744/956 3156/7198/3186
f 3167/7216/3197 3166/7215/3196 1765/7219/1521 1764/7220/1520
f 3167/7216/3197 1764/7220/1520 1330/7221/958 1325/7222/953
f 3166/7223/3196 3168/7224/3198 1766/2836/1522 1765/2835/1521
f 3166/7223/3196 3164/7212/3194 3163/7211/3193 3168/7224/3198
f 3168/7224/3198 1711/7225/1455 1710/7226/1454 1766/2836/1522
f 3168/7224/3198 3163/7211/3193 1715/7227/1459 1711/7225/1455
f 3163/7211/3193 3161/7206/3191 3169/7228/3199 1715/7227/1459
f 3169/7229/3199 3170/7230/3200 1705/7231/1448 1715/7232/1459
f 3169/7228/3199 3161/7206/3191 3160/7205/3190 3171/7233/3201
f 3169/7229/3199 3171/7234/3201 3172/7235/3202 3170/7230/3200
f 3172/7236/3202 1720/7237/1465 3173/7238/3203 3170/7239/3200
f 3172/7235/3202 3171/7234/3201 1734/7240/1482 1729/7241/1476
f 3172/7236/3202 1729/7242/1476 1716/7243/1461 1720/7237/1465
f 3173/7244/3203 3174/7245/3204 1709/7246/1452 1706/7247/1449
f 3173/7238/3203 1706/2704/1449 1705/2703/1448 3170/7239/3200
f 3173/7244/3203 1720/2741/1465 1719/2740/1464 3174/7245/3204
f 3174/7245/3204 1326/7248/954 1315/7249/939 1709/7246/1452
f 3174/7245/3204 1719/2740/1464 1727/2755/1473 1326/7248/954
f 3171/7233/3201 3160/7205/3190 1735/2776/1483 1734/2775/1482
f 3158/7210/3188 1738/2783/1487 1736/2777/1484 1735/2776/1483
f 1945/3392/1763 319/3391/1475 1732/7250/1479 369/7251/1665
f 1943/7252/1758 1942/7253/1757 1937/7254/1751 1936/7255/1750
f 1943/3384/1758 1936/3355/1750 1935/3354/1748 1934/3385/1747
f 2035/7256/1881 1941/7257/1756 1868/7258/1664 365/7259/1654
f 2035/3648/1881 365/7260/1654 364/7261/1651 1864/3649/1660
f 1941/7262/1756 396/7263/1659 1863/7264/1658 1868/7265/1664
f 1942/7266/1757 1941/7257/1756 2035/7256/1881 431/7267/1754
f 1942/7253/1757 431/7268/1754 395/7269/1745 1937/7254/1751
f 1939/3370/1753 1138/1275/699 1137/7270/698 1933/3371/1746
f 391/3340/714 1935/3343/1748 1903/7271/1707 373/3344/1697
f 1929/3361/1741 1926/7272/1738 1925/7273/1737 1921/3362/1733
f 1928/3325/1740 1157/3324/727 1127/7274/678 145/7275/672
f 1925/7273/1737 1923/7276/1735 1922/7277/1734 1921/3362/1733
f 1924/3303/1736 388/3182/1684 1883/3181/1683 1906/3251/1714
f 1919/3277/1730 1918/3276/1729 1818/7278/1591 1817/7279/1590
f 1919/7280/1730 1817/7281/1590 1819/7282/1592 3175/7283/3205
f 1919/3277/1730 3175/7284/3205 1307/7285/928 1306/3273/927
f 3175/7283/3205 1819/7282/1592 3176/7286/3206 3177/7287/3207
f 3175/7284/3205 3177/7288/3207 1308/7289/929 1307/7285/928
f 3177/7287/3207 3176/7286/3206 3178/7290/3208 3179/7291/3209
f 3177/7288/3207 3179/7292/3209 3180/7293/3210 1308/7289/929
f 3180/7293/3210 3179/7292/3209 3181/7294/3211 3182/7295/3212
f 3180/7296/3210 3182/7297/3212 3183/7298/3213 3184/7299/3214
f 3180/7296/3210 3184/7299/3214 1303/1689/924 1308/1688/929
f 3184/7300/3214 3183/7301/3213 3185/7302/3215 3186/7303/3216
f 3184/7300/3214 3186/7303/3216 1304/1681/925 1303/1680/924
f 3186/7304/3216 3185/7305/3215 3187/7306/3217 3188/7307/3218
f 3186/7304/3216 3188/7307/3218 1774/7308/1536 1304/7309/925
f 3188/7310/3218 3187/7311/3217 3189/7312/3219 3190/7313/3220
f 3188/7310/3218 3190/7313/3220 1775/2874/1537 1774/2873/1536
f 3190/7314/3220 3189/7315/3219 3191/7316/3221 3192/7317/3222
f 3190/7314/3220 3192/7317/3222 3193/7318/3223 1775/7319/1537
f 3193/7318/3223 1813/7320/1586 1776/7321/1538 1775/7319/1537
f 3193/7322/3223 3192/7323/3222 3178/7324/3208 3176/7325/3206
f 3193/7322/3223 3176/7325/3206 1819/2987/1592 1813/2986/1586
f 3192/7323/3222 3191/7326/3221 3194/7327/3224 3178/7324/3208
f 3194/7327/3224 3191/7326/3221 3195/7328/3225 3196/7329/3226
f 3194/7330/3224 3196/7331/3226 3197/7332/3227 3181/7333/3211
f 3194/7330/3224 3181/7333/3211 3179/7291/3209 3178/7290/3208
f 3197/7332/3227 3196/7331/3226 3198/7334/3228 3199/7335/3229
f 3197/7336/3227 3199/7337/3229 3200/7338/3230 3201/7339/3231
f 3197/7336/3227 3201/7339/3231 3182/7295/3212 3181/7294/3211
f 3201/7340/3231 3200/7341/3230 3202/7342/3232 3203/7343/3233
f 3201/7340/3231 3203/7343/3233 3183/7298/3213 3182/7297/3212
f 3203/7344/3233 3202/7345/3232 3204/7346/3234 3205/7347/3235
f 3203/7344/3233 3205/7347/3235 3185/7302/3215 3183/7301/3213
f 3205/7348/3235 3204/7349/3234 3206/7350/3236 3207/7351/3237
f 3205/7348/3235 3207/7351/3237 3187/7306/3217 3185/7305/3215
f 3207/7352/3237 3206/7353/3236 3208/7354/3238 3209/7355/3239
f 3207/7352/3237 3209/7355/3239 3189/7312/3219 3187/7311/3217
f 3209/7356/3239 3208/7357/3238 3210/7358/3240 3195/7359/3225
f 3209/7356/3239 3195/7359/3225 3191/7316/3221 3189/7315/3219
f 3210/7358/3240 3208/7357/3238 3211/7360/3241 3212/7361/3242
f 3210/7362/3240 3212/7363/3242 3213/7364/3243 3198/7365/3228
f 3210/7362/3240 3198/7365/3228 3196/7329/3226 3195/7328/3225
f 3213/7364/3243 3212/7363/3242 1335/7366/964 1343/7367/975
f 3213/7368/3243 1343/1786/975 1342/1785/974 3214/7369/3244
f 3213/7368/3243 3214/7369/3244 3199/7335/3229 3198/7334/3228
f 3214/7370/3244 1342/1789/974 1344/1788/976 3215/7371/3245
f 3214/7370/3244 3215/7371/3245 3200/7338/3230 3199/7337/3229
f 3215/7372/3245 1344/7373/976 1338/7374/968 3216/7375/3246
f 3215/7372/3245 3216/7375/3246 3202/7342/3232 3200/7341/3230
f 3216/7376/3246 1338/1765/968 1337/1764/967 3217/7377/3247
f 3216/7376/3246 3217/7377/3247 3204/7346/3234 3202/7345/3232
f 3217/7378/3247 1337/7379/967 1332/7380/961 3218/7381/3248
f 3217/7378/3247 3218/7381/3248 3206/7350/3236 3204/7349/3234
f 3218/7382/3248 1332/1755/961 1331/1754/960 3211/7383/3241
f 3218/7382/3248 3211/7383/3241 3208/7354/3238 3206/7353/3236
f 3212/7361/3242 3211/7360/3241 1331/1760/960 1335/1759/964
f 1918/3281/1729 1177/3280/754 1910/7384/1718 1818/7385/1591
f 1917/7386/1727 380/7387/1726 3219/7388/3249 3220/7389/3250
f 1917/6204/1727 3220/7390/3250 1810/7391/1582 1812/6205/1584
f 3220/7392/3250 3219/7393/3249 3221/7394/3251 3222/7395/3252
f 3220/7390/3250 3222/7396/3252 1811/7397/1583 1810/7391/1582
f 3222/7395/3252 3221/7394/3251 3223/7398/3253 3224/7399/3254
f 3222/7396/3252 3224/7400/3254 3225/7401/3255 1811/7397/1583
f 3225/7401/3255 3224/7400/3254 3226/7402/3256 3227/7403/3257
f 3225/7401/3255 3227/7403/3257 1804/7404/1576 1801/7405/1573
f 3225/7401/3255 1801/7405/1573 335/7406/1354 1811/7397/1583
f 3227/7403/3257 3226/7402/3256 3228/7407/3258 1829/3039/1609
f 3227/7403/3257 1829/3039/1609 1515/3038/1200 1804/7404/1576
f 3228/7408/3258 3229/7409/3259 3230/7410/3260 3231/7411/3261
f 3228/7407/3258 3231/7412/3261 1830/3040/1610 1829/3039/1609
f 3228/7408/3258 3226/7413/3256 3232/7414/3262 3229/7409/3259
f 3232/7415/3262 1608/7416/1318 3233/7417/3263 3229/7418/3259
f 3232/7414/3262 3226/7413/3256 3224/7399/3254 3223/7398/3253
f 3232/7415/3262 3223/7419/3253 1606/7420/1316 1608/7416/1318
f 3233/7421/3263 3234/7422/3264 3235/7423/3265 3236/7424/3266
f 3233/7417/3263 3236/7425/3266 3230/7426/3260 3229/7418/3259
f 3233/7421/3263 1608/2431/1318 1607/2430/1317 3234/7422/3264
f 3236/7424/3266 3235/7423/3265 1513/2219/1197 1512/2218/1196
f 3236/7425/3266 1512/2216/1196 1511/2215/1195 3230/7426/3260
f 3235/7423/3265 1518/7427/1204 1517/7428/1203 1513/2219/1197
f 3235/7423/3265 3234/7422/3264 1519/7429/1205 1518/7427/1204
f 3234/7422/3264 1607/2430/1317 1609/2434/1320 1519/7429/1205
f 3231/7430/3261 3230/7426/3260 1511/2215/1195 3237/7431/3267
f 3231/7412/3261 3237/7432/3267 1831/3041/1611 1830/3040/1610
f 3237/7431/3267 1511/2215/1195 1510/2214/1194 1655/7433/1379
f 3237/7434/3267 1655/2542/1379 1654/2541/1378 1831/7435/1611
f 3223/7419/3253 3221/7436/3251 1433/7437/1087 1606/7420/1316
f 3221/7436/3251 3219/7438/3249 1429/7439/1083 1433/7437/1087
f 3219/7438/3249 380/3262/1726 1430/3265/1084 1429/7439/1083
f 393/3261/1709 1916/3260/1725 1146/6663/711 1145/3345/710
f 1913/7440/1721 1169/1352/744 1179/1378/757 1178/1377/756
f 1910/7441/1718 1881/7442/1680 1814/7443/1587 1818/7444/1591
f 1910/3240/1718 1177/1370/754 1176/1369/753 1187/1389/765
f 1896/7445/1699 1895/7446/1698 1888/3197/1689 1887/3196/1688
f 1881/7442/1680 1879/7447/1678 1815/7448/1588 1814/7443/1587
f 1879/7449/1678 1869/7450/1667 1873/7451/1671 1815/7452/1588
f 1878/7453/1677 3238/7454/3268 1871/3151/1669 1870/3150/1668
f 1878/3166/1677 1877/3165/1676 3239/7455/3269 3240/7456/3270
f 1878/7457/1677 3240/7458/3270 3241/7459/3271 3238/7460/3268
f 3241/7461/3271 1646/2523/1368 1648/2522/1370 3238/7454/3268
f 3241/7459/3271 3240/7458/3270 3242/7462/3272 3243/7463/3273
f 3241/7461/3271 3243/7464/3273 1647/7465/1369 1646/2523/1368
f 3243/7463/3273 3242/7462/3272 3244/7466/3274 1623/7467/1338
f 3243/7468/3273 1623/2459/1338 288/2458/1337 1647/2518/1369
f 3244/7469/3274 3242/7470/3272 1803/2956/1575 1802/2955/1574
f 3244/7469/3274 1802/2955/1574 1840/3080/1624 1839/3079/1620
f 3244/7466/3274 1839/3070/1620 1624/3069/1339 1623/7467/1338
f 3242/7471/3272 3240/7456/3270 3239/7455/3269 1803/7472/1575
f 3239/7473/3269 1877/3172/1676 1805/2963/1577 1798/2944/1569
f 3239/7473/3269 1798/2944/1569 1797/2943/1568 1803/2956/1575
f 3238/7454/3268 1648/2522/1370 1876/3161/1674 1871/3151/1669
f 1874/3157/1672 1859/3156/1652 363/7474/1647 1861/7475/1655
f 1874/7476/1672 1861/7477/1655 1867/7045/1663 1742/7044/1491
f 1874/3157/1672 1742/2787/1491 1741/2786/1490 1872/3158/1670
f 1873/3154/1671 1872/3153/1670 1741/7478/1490 1740/2994/1489
f 1873/3154/1671 1740/2994/1489 1816/2993/1589 1815/7479/1588
f 1837/7480/1617 1836/7481/1616 330/2896/1547 1786/2898/1552
f 3687/7482/3275 3688/7483/3276 1833/3055/1613 1835/3054/1615 3683/6390/2977
f 3690/7484/3277 1834/7485/1614 1833/3055/1613 3688/7483/3276 3689/7486/3278
f 3245/7487/3279 1834/7485/1614 3690/7484/3277 3691/7488/3280 3692/7489/3281
f 1834/7485/1614 3245/7487/3279 1658/2558/1383 1832/3045/1612
f 3693/7490/3282 3694/7491/3283 3245/7492/3279 3692/7493/3281
f 1659/2561/1384 1658/7494/1383 3245/7492/3279 3694/7491/3283 3695/7495/3284
f 1660/2562/1385 1659/2561/1384 3695/7495/3284 3697/7496/3285 3696/7497/3286
f 3246/7498/3287 3699/7499/3288 3698/7500/3289
f 3246/7501/3287 3247/7502/3290 1660/2562/1385 3696/7497/3286 3700/7503/3291 3699/7504/3288
f 3247/7502/3290 1793/7505/1561 1657/2563/1382 1660/2562/1385
f 3247/7502/3290 3246/7501/3287 3248/7506/3292 1496/2173/1170
f 3247/7502/3290 1496/2173/1170 1495/2172/1169 1793/7505/1561
f 3248/7507/3292 3246/7498/3287 3698/7500/3289 3701/7508/3293 3702/7509/3294
f 1500/2186/1176 3248/7507/3292 3702/7509/3294 3703/7510/3295 3704/7511/3296
f 3248/7506/3292 1500/7512/1176 1497/2174/1171 1496/2173/1170
f 1831/7513/1611 1654/7514/1378 1651/7515/1373 1650/7516/1372
f 1807/7517/1579 1637/7518/1358 1634/7519/1352 1633/7520/1351
f 1804/2958/1576 1515/2223/1200 1514/2222/1199 1627/2467/1343
f 1800/2975/1571 1799/7521/1570 3249/7522/3297 3250/7523/3298
f 1800/2975/1571 3250/7523/3298 1638/2501/1359 1637/2500/1358
f 3250/7523/3298 3249/7522/3297 3251/7524/3299 3252/7525/3300
f 3250/7523/3298 3252/7525/3300 3253/7526/3301 1638/2501/1359
f 3253/7526/3301 3254/7527/3302 290/2498/1305 1638/2501/1359
f 3253/7528/3301 3252/7529/3300 3255/7530/3303 3256/7531/3304
f 3253/7528/3301 3256/7531/3304 3257/7532/3305 3254/7533/3302
f 3257/7532/3305 3258/7534/3306 3259/7535/3307 3254/7533/3302
f 3257/7532/3305 3256/7531/3304 3260/7536/3308 3261/7537/3309
f 3257/7532/3305 3261/7537/3309 3262/7538/3310 3258/7534/3306
f 3262/7539/3310 3263/7540/3311 3264/7541/3312 3258/7542/3306
f 3262/7543/3310 3261/7544/3309 3265/7545/3313 3266/7546/3314
f 3262/7539/3310 3266/7547/3314 3267/7548/3315 3263/7540/3311
f 3267/7549/3315 3268/7550/3316 1611/7551/1323 3263/7552/3311
f 3267/7548/3315 3266/7547/3314 3269/7553/3317 3270/7554/3318
f 3267/7555/3315 3270/7556/3318 3271/7557/3319 3268/7558/3316
f 3271/7559/3319 3270/7560/3318 3272/7561/3320 1539/2293/1235
f 3271/7559/3319 1539/2293/1235 1538/2292/1234 3273/7562/3321
f 3271/7557/3319 3273/7563/3321 3274/7564/3322 3268/7558/3316
f 3274/7564/3322 3273/7563/3321 1566/2335/1266 3275/7565/3323
f 3274/7566/3322 3275/7567/3323 3276/7568/3324 1612/2442/1324
f 3274/7569/3322 1612/7570/1324 1611/7551/1323 3268/7550/3316
f 3275/7565/3323 1566/2335/1266 1565/2334/1265 1662/2566/1388
f 3275/7567/3323 1662/7571/1388 1618/2452/1331 3276/7568/3324
f 3273/7562/3321 1538/2292/1234 1546/2300/1242 1566/7572/1266
f 3272/7573/3320 3277/7574/3325 3278/7575/3326 3279/7576/3327
f 3272/7561/3320 3279/7577/3327 1540/2294/1236 1539/2293/1235
f 3272/7573/3320 3270/7554/3318 3269/7553/3317 3277/7574/3325
f 3279/7576/3327 3278/7575/3326 3280/7578/3328 3281/7579/3329
f 3279/7577/3327 3281/7580/3329 1541/2295/1237 1540/2294/1236
f 3278/7581/3326 3282/7582/3330 1462/7583/1129 3280/7584/3328
f 3278/7581/3326 3277/7585/3325 3283/7586/3331 3282/7582/3330
f 3283/7586/3331 3277/7585/3325 3269/7587/3317 3284/7588/3332
f 3283/7589/3331 3284/7590/3332 3285/7591/3333 3286/7592/3334
f 3283/7589/3331 3286/7592/3334 3287/7593/3335 3282/7594/3330
f 3287/7595/3335 1548/7596/1245 1554/7597/1251 1463/7598/1130
f 3287/7593/3335 1463/7599/1130 1462/7600/1129 3282/7594/3330
f 3287/7593/3335 3286/7592/3334 1549/2304/1246 1548/2303/1245
f 3286/7592/3334 3285/7591/3333 1573/2351/1274 1549/2304/1246
f 3285/7601/3333 3284/7602/3332 3265/7545/3313 3288/7603/3336
f 3285/7591/3333 3288/7604/3336 1574/2352/1275 1573/2351/1274
f 3288/7603/3336 3265/7545/3313 3261/7544/3309 3260/7605/3308
f 3288/7606/3336 3260/7607/3308 3289/7608/3337 1574/7609/1275
f 3289/7610/3337 3260/7536/3308 3256/7531/3304 3255/7530/3303
f 3289/7610/3337 3255/7530/3303 3290/7611/3338 3291/7612/3339
f 3289/7608/3337 3291/7613/3339 274/7614/1272 1574/7609/1275
f 3291/7612/3339 3290/7611/3338 3292/7615/3340 3293/7616/3341
f 3291/7617/3339 3293/7618/3341 1575/2354/1276 274/2353/1272
f 3293/7619/3341 3292/7620/3340 3294/7621/3342 1666/7622/1394
f 3293/7619/3341 1666/7622/1394 1665/2570/1391 1575/7623/1276
f 3294/7624/3342 3292/7625/3340 3295/7626/3343 3296/7627/3344
f 3294/7628/3342 3296/7629/3344 1620/7630/1333 1619/7631/1332
f 3294/7628/3342 1619/7631/1332 1661/2576/1387 1666/2575/1394
f 3296/7627/3344 3295/7626/3343 1631/2480/1347 1626/2479/1341
f 3296/7629/3344 1626/2463/1341 1625/2462/1340 1620/7630/1333
f 3295/7626/3343 3251/7524/3299 3249/7522/3297 1631/2480/1347
f 3295/7632/3343 3292/7615/3340 3290/7611/3338 3251/7633/3299
f 3290/7611/3338 3255/7530/3303 3252/7529/3300 3251/7633/3299
f 3284/7602/3332 3269/7634/3317 3266/7546/3314 3265/7545/3313
f 3264/7541/3312 3263/7540/3311 1611/7635/1323 1610/2446/1322
f 3264/7541/3312 1610/2446/1322 1614/2445/1326 3297/7636/3345
f 3264/7637/3312 3297/7638/3345 3259/7639/3307 3258/7640/3306
f 3297/7636/3345 1614/2445/1326 1604/2418/1312 1599/7641/1303
f 3297/7638/3345 1599/7642/1303 1598/7643/1306 3259/7639/3307
f 3259/7535/3307 1598/2412/1306 290/2411/1305 3254/7533/3302
f 3249/7522/3297 1799/7521/1570 1632/2481/1348 1631/2480/1347
f 1794/7644/1562 1499/7645/1174 1498/7646/1173 1504/7647/1181
f 1792/2913/1558 1791/2912/1557 1787/2901/1553 1784/2900/1550
f 1791/2911/1557 1281/1614/885 1277/1613/880 1787/7648/1553
f 1789/7649/1555 1291/7650/902 1284/1629/892 1282/1628/887
f 1789/2910/1555 1282/7651/887 1274/1615/876 1281/1614/885
f 1773/7652/1535 1772/7653/1534 1126/1240/677 1125/1239/676
f 1773/7652/1535 1125/1239/676 1128/7654/679 1310/1691/931
f 1768/2843/1525 1347/1801/981 1349/1800/983 1356/7007/992
f 1764/2832/1520 1763/2831/1519 1329/7655/957 1330/7656/958
f 1763/2829/1519 1762/2828/1518 1323/1747/951 1329/1746/957
f 1709/2711/1452 1315/7657/939 1314/2858/938 1707/2712/1450
f 1701/2694/1441 1697/2666/1434 1547/7658/1243 1544/7659/1240
f 1701/2688/1441 1544/2298/1240 1543/2297/1239 1693/2689/1429
f 1700/7660/1439 1687/7661/1422 1686/7662/1421 1563/7663/1263
f 1700/7664/1439 1563/7665/1263 1562/7666/1261 3298/7667/3346
f 1700/7668/1439 3298/7669/3346 1559/7670/1257 1558/7671/1256
f 3298/7669/3346 1562/7672/1261 275/7673/1262 3299/7674/3347
f 3298/7669/3346 3299/7674/3347 1560/7675/1258 1559/7670/1257
f 3299/7676/3347 275/7677/1262 1576/7678/1277 3300/7679/3348
f 3299/7676/3347 3300/7679/3348 1681/2621/1415 1560/2324/1258
f 3300/7680/3348 1576/7681/1277 1664/7682/1390 1679/7683/1412
f 3300/7680/3348 1679/7683/1412 1678/7684/1411 1681/7685/1415
f 1699/7686/1437 1689/2650/1425 1553/2311/1250 269/2310/1244
f 1699/2673/1437 269/2306/1244 1552/2309/1249 1695/2674/1432
f 1697/2666/1434 1696/2665/1433 3301/7687/3349 1547/7658/1243
f 3301/7688/3349 1552/2309/1249 1551/2308/1248 3302/7689/3350
f 3301/7690/3349 3302/7691/3350 1545/7692/1241 1547/7693/1243
f 3301/7688/3349 1696/7694/1433 1695/2674/1432 1552/2309/1249
f 3302/7689/3350 1551/2308/1248 1561/7695/1260 271/7696/1259
f 3302/7697/3350 271/7698/1259 1546/2300/1242 1545/2299/1241
f 1693/2658/1429 1543/7699/1239 3303/7700/3351 1688/2659/1424
f 3303/7701/3351 1543/2297/1239 1542/2296/1238 3304/7702/3352
f 3303/7703/3351 3304/7704/3352 1554/2312/1251 1553/2311/1250
f 3303/7703/3351 1553/2311/1250 1689/2650/1425 1688/2649/1424
f 3304/7702/3352 1542/2296/1238 1541/2295/1237 1464/7705/1131
f 3304/7704/3352 1464/2098/1131 1463/2097/1130 1554/2312/1251
f 1686/2643/1421 1685/2642/1420 1564/2333/1264 1563/2332/1263
f 1684/2634/1419 1557/2317/1255 1556/2316/1254 1682/2635/1417
f 1682/2635/1417 1556/2316/1254 1680/2627/1413 1677/7706/1410
f 1679/7707/1412 1664/2569/1390 1663/2568/1389 1675/7708/1408
f 1665/2570/1391 1664/2569/1390 1576/7709/1277 1575/7623/1276
f 1662/7571/1388 1661/7710/1387 1619/2453/1332 1618/2452/1331
f 1656/7711/1380 1655/7712/1379 1510/2212/1194 1509/2211/1193
f 1656/7713/1380 1509/7714/1193 1524/2250/1213 1526/2249/1215
f 2975/6458/3005 2998/7715/3028 290/7716/1305 291/6459/1304
f 337/7717/1350 514/7718/2262 515/7719/2266 1808/7720/1580
f 1633/2484/1351 337/2483/1350 1808/7721/1580 1807/7722/1579
f 1628/2474/1344 1601/2415/1309 3305/7723/3353 3306/7724/3354
f 1628/2470/1344 3306/7725/3354 1622/7726/1335 1629/2471/1345
f 3306/7724/3354 3305/7723/3353 3307/7727/3355 3308/7728/3356
f 3306/7725/3354 3308/7729/3356 1615/7730/1328 1622/7726/1335
f 3308/7728/3356 3307/7727/3355 3309/7731/3357 3310/7732/3358
f 3308/7729/3356 3310/7733/3358 1616/7734/1329 1615/7730/1328
f 3310/7732/3358 3309/7731/3357 1480/7735/1151 1482/7736/1153
f 3310/7733/3358 1482/7737/1153 1531/7738/1224 1616/7734/1329
f 3309/7739/3357 3311/7740/3359 1481/2138/1152 1480/2137/1151
f 3309/7739/3357 3307/7741/3355 284/7742/1321 3311/7740/3359
f 3307/7741/3355 3305/7743/3353 1613/7744/1325 284/7742/1321
f 3305/7743/3353 1601/7745/1309 1600/7746/1308 1613/7744/1325
f 1627/2467/1343 1514/2222/1199 1519/2230/1205 1609/2468/1320
f 1625/7747/1340 1621/7748/1334 285/2451/1327 1620/2454/1333
f 1630/7749/1346 1629/2471/1345 1622/7726/1335 1621/7750/1334
f 286/7751/1336 1840/7752/1624 1802/7753/1574 336/7754/1342
f 1630/7755/1346 286/7756/1336 336/7757/1342 1629/7758/1345
f 1616/2449/1329 1531/2270/1224 1532/2269/1225 1617/2450/1330
f 3311/7759/3359 3312/7760/3360 3313/7761/3361 1481/7762/1152
f 3313/7763/3361 1532/7764/1225 1528/7765/1218 3314/7766/3362
f 3313/7761/3361 3314/7767/3362 1474/7768/1145 1481/7762/1152
f 3313/7763/3361 3312/7769/3360 1617/7770/1330 1532/7764/1225
f 3314/7767/3362 1528/7771/1218 1527/2344/1217 1569/2343/1269
f 3314/7767/3362 1569/2343/1269 1473/7772/1143 1474/7768/1145
f 1614/2445/1326 1613/2444/1325 1600/2414/1308 1604/2418/1312
f 1605/2423/1314 1432/2422/1086 238/7773/1082 1431/7774/1085
f 1604/7775/1312 1603/6207/1311 291/2502/1304 1599/7776/1303
f 1587/2594/1290 1581/2365/1283 1580/2364/1282 1583/7777/1286
f 1584/6525/1287 1583/7778/1286 1580/2370/1282 1582/2369/1284
f 1573/2351/1274 1572/2350/1273 1550/2305/1247 1549/2304/1246
f 1572/7779/1273 1561/7695/1260 1551/2308/1248 1550/2307/1247
f 1571/7780/1271 1466/7781/1134 1465/7782/1133 1567/7783/1267
f 1571/7784/1271 1570/7785/1270 3315/7786/3363 3316/7787/3364
f 1571/7780/1271 3316/7788/3364 3317/7789/3365 1466/7781/1134
f 3317/7790/3365 1494/7791/1167 1467/7792/1135 1466/7793/1134
f 3317/7794/3365 3316/7795/3364 1534/7796/1228 1487/2153/1160
f 3317/7790/3365 1487/7797/1160 1484/7798/1157 1494/7791/1167
f 3316/7787/3364 3315/7786/3363 1535/2274/1229 1534/2273/1228
f 3315/7799/3363 1570/7800/1270 1470/7801/1139 1491/7802/1164
f 3315/7803/3363 1491/7804/1164 1490/7805/1163 1535/7806/1229
f 1569/2343/1269 1568/2342/1268 1469/7807/1138 1473/7772/1143
f 1568/2342/1268 1567/7808/1267 1465/7809/1133 1469/7807/1138
f 1541/7810/1237 3281/7811/3329 250/7812/1128 1464/7813/1131
f 1537/7814/1232 1493/7815/1166 1483/2150/1155 1486/2149/1159
f 1537/2289/1232 1536/2288/1230 1529/2266/1222 1478/2265/1149
f 1537/7816/1232 1478/2135/1149 1477/2134/1148 1493/7817/1166
f 1534/7796/1228 1533/7818/1227 1485/2154/1158 1487/2153/1160
f 1525/2245/1214 1524/2244/1213 1509/7819/1193 1508/7820/1192
f 1525/7821/1214 1508/7822/1192 1513/7823/1197 1517/2227/1203
f 1525/7821/1214 1517/2227/1203 1516/2226/1202 1521/2240/1210
f 1522/2241/1211 1521/2240/1210 1516/2226/1202 1520/7824/1207
f 3704/7511/3296 3664/2187/1177 1500/2186/1176
f 1494/7825/1167 1492/7826/1165 1468/2105/1136 1467/2104/1135
f 1493/2165/1166 1477/7827/1148 1476/7828/1147 1488/2166/1161
f 1492/2162/1165 1491/2161/1164 1470/7829/1139 1468/7830/1136
f 1489/2282/1162 1488/7831/1161 1476/2128/1147 1475/2127/1146
f 3280/7578/3328 1462/7832/1129 250/7833/1128 3281/7579/3329
f 1461/2081/1126 1453/7834/1113 245/7835/1101 1451/2082/1111
f 1461/2093/1126 1456/2092/1117 3318/7836/3366 1453/2052/1113
f 3318/7836/3366 3319/7837/3367 1454/2053/1114 1453/2052/1113
f 3318/7838/3366 1456/2057/1117 1455/2056/1116 3320/7839/3368
f 3318/7838/3366 3320/7839/3368 863/639/336 3319/7840/3367
f 3320/7841/3368 1455/7842/1116 1452/7843/1112 1445/7844/1105
f 3320/7841/3368 1445/7844/1105 856/7845/328 863/7846/336
f 3319/7837/3367 3321/7847/3369 838/7848/302 1454/2053/1114
f 3319/7840/3367 863/639/336 860/635/333 3321/7849/3369
f 3321/7847/3369 827/7850/288 826/7851/287 838/7848/302
f 3321/7852/3369 860/7853/333 859/7854/332 827/7855/288
f 1460/7856/1124 833/7857/297 239/7858/295 1437/2008/1092
f 1460/2077/1124 1459/2076/1122 3322/7859/3370 833/7860/297
f 3322/7859/3370 834/573/298 832/568/296 833/7860/297
f 3322/7861/3370 1459/2070/1122 1441/2069/1097 242/7862/1098
f 3322/7861/3370 242/7862/1098 1444/7863/1103 834/7864/298
f 1454/2053/1114 838/7848/302 837/7865/301 1443/2054/1102
f 1449/2042/1109 1421/6247/1073 854/7866/325 1446/2032/1106
f 1447/2033/1107 839/7867/304 843/7868/308 857/2034/329
f 1447/2033/1107 1446/2032/1106 854/7866/325 851/7869/321
f 1447/2033/1107 851/7869/321 840/7870/305 839/7867/304
f 1444/7863/1103 819/576/278 817/7871/275 834/7864/298
f 1444/7863/1103 1443/7872/1102 837/577/301 819/576/278
f 1425/6258/1078 1424/7873/1077 1417/1977/1069 1420/1980/1072
f 1424/7873/1077 3323/7874/3371 1418/1978/1070 1417/1977/1069
f 1424/1988/1077 1423/1987/1076 3324/7875/3372 3323/7876/3371
f 3324/7877/3372 1423/7878/1076 1191/7879/772 1186/1386/764
f 3324/7877/3372 1186/1386/764 1185/1385/763 1267/7880/866
f 3324/7877/3372 1267/7880/866 1266/7881/865 3323/7882/3371
f 3323/7883/3371 1266/1578/865 3325/7884/3373 1418/7885/1070
f 3325/7886/3373 3326/7887/3374 1234/1482/824 1233/1481/823
f 3325/7886/3373 1233/1481/823 852/7888/323 1418/7889/1070
f 3325/7884/3373 1266/1578/865 1257/1565/855 3326/7890/3374
f 3326/7887/3374 1413/7891/1065 1235/7892/825 1234/1482/824
f 3326/7890/3374 1257/1565/855 1255/1564/852 1413/7893/1065
f 1416/1973/1068 1254/1557/851 1253/1556/850 1261/7894/860
f 1416/1973/1068 1261/7894/860 1358/7895/996 3327/7896/3375
f 1416/1973/1068 3327/7896/3375 1375/7897/1017 1414/1974/1066
f 3327/7898/3375 1358/7899/996 1357/1829/994 1294/1828/909
f 3327/7896/3375 1294/7900/909 1293/7901/908 1375/7897/1017
f 1415/1971/1067 3328/7902/3376 3329/7903/3377 1410/1965/1062
f 1415/1971/1067 1414/1970/1066 1375/1877/1017 1374/1876/1016
f 1415/7904/1067 1374/7905/1016 1373/7906/1015 3328/7907/3376
f 3329/7908/3377 3330/7909/3378 3331/7910/3379 3332/7911/3380
f 3329/7903/3377 3332/7912/3380 1411/1966/1063 1410/1965/1062
f 3329/7908/3377 3328/7907/3376 3333/7913/3381 3330/7909/3378
f 3333/7914/3381 3334/7915/3382 3335/7916/3383 3330/7917/3378
f 3333/7913/3381 3328/7907/3376 1373/7906/1015 3336/7918/3384
f 3333/7919/3381 3336/7920/3384 3337/7921/3385 3334/7922/3382
f 3337/7921/3385 3338/7923/3386 3339/7924/3387 3334/7922/3382
f 3337/7921/3385 3336/7920/3384 3340/7925/3388 3341/7926/3389
f 3337/7921/3385 3341/7926/3389 3342/7927/3390 3338/7923/3386
f 3342/7928/3390 1360/1841/998 1359/1840/997 3338/7929/3386
f 3342/7927/3390 3341/7926/3389 1377/1880/1020 1376/1879/1019
f 3342/7928/3390 1376/1885/1019 1380/1884/1023 1360/1841/998
f 3341/7930/3389 3340/7931/3388 1273/7932/873 1377/7933/1020
f 3340/7934/3388 3336/7918/3384 1373/7906/1015 1372/7935/1014
f 3340/7934/3388 1372/7935/1014 1268/7936/868 1273/7937/873
f 3339/7938/3387 1263/7939/862 1262/7940/861 3343/7941/3391
f 3339/7924/3387 3343/7942/3391 3335/7943/3383 3334/7922/3382
f 3339/7944/3387 3338/7929/3386 1359/1840/997 1263/7945/862
f 3343/7946/3391 1262/7947/861 1403/7948/1053 1402/7949/1052
f 3343/7942/3391 1402/7950/1052 1404/7951/1054 3335/7943/3383
f 3335/7916/3383 1404/1954/1054 3331/7952/3379 3330/7917/3378
f 3332/7911/3380 3331/7910/3379 3344/7953/3392 3345/7954/3393
f 3332/7912/3380 3345/7955/3393 3346/7956/3394 1411/1966/1063
f 3346/7957/3394 3345/7958/3393 1387/1905/1032 1386/1904/1031
f 3346/7957/3394 1386/1904/1031 3347/7959/3395 3348/7960/3396
f 3346/7956/3394 3348/7961/3396 1412/1967/1064 1411/1966/1063
f 3348/7960/3396 3347/7959/3395 1230/1477/820 1229/1476/819
f 3348/7962/3396 1229/7963/819 1235/7964/825 1412/7965/1064
f 3347/7959/3395 1386/1904/1031 1385/1903/1030 3349/7966/3397
f 3347/7959/3395 3349/7966/3397 3350/7967/3398 1230/1477/820
f 3350/7968/3398 3349/7969/3397 3351/7970/3399 3352/7971/3400
f 3350/7968/3398 3352/7971/3400 181/1494/827 1236/1493/826
f 3350/7967/3398 1236/7972/826 1231/1478/821 1230/1477/820
f 3352/7971/3400 3351/7970/3399 3353/7973/3401 3354/7974/3402
f 3352/7975/3400 3354/7976/3402 1244/1517/836 181/1516/827
f 3354/7976/3402 3353/7977/3401 1406/1958/1057 1405/1957/1056
f 3354/7976/3402 1405/1957/1056 1248/1524/840 1244/1517/836
f 3353/7977/3401 3355/7978/3403 3356/7979/3404 1406/1958/1057
f 3353/7973/3401 3351/7970/3399 1389/1908/1034 3355/7980/3403
f 3356/7979/3404 3357/7981/3405 1259/7982/858 1258/7983/857
f 3356/7984/3404 1258/7985/857 1407/1961/1058 1406/7986/1057
f 3356/7979/3404 3355/7978/3403 3358/7987/3406 3357/7981/3405
f 3358/7987/3406 1400/7988/1050 1399/7989/1049 3357/7981/3405
f 3358/7990/3406 3355/7980/3403 1389/1908/1034 1388/1907/1033
f 3358/7990/3406 1388/1907/1033 1390/7991/1035 1400/7992/1050
f 3357/7981/3405 1399/7989/1049 1403/7993/1053 1259/7982/858
f 3351/7970/3399 3349/7969/3397 1385/1909/1030 1389/1908/1034
f 3345/7954/3393 3344/7953/3392 1390/7994/1035 1387/7995/1032
f 3344/7996/3392 1401/1947/1051 1400/1946/1050 1390/7997/1035
f 3344/7998/3392 3331/7952/3379 1404/1954/1054 1401/1953/1051
f 1409/1963/1060 1408/1962/1059 1265/7999/864 1362/1846/1000
f 1409/1963/1060 1362/1846/1000 1098/1845/638 1248/8000/840
f 1409/8001/1060 1248/1524/840 1405/1957/1056 234/1956/1055
f 1408/1962/1059 1407/1961/1058 1258/7985/857 1256/8002/853
f 1408/8003/1059 1256/8004/853 187/1563/849 1265/1577/864
f 1403/8005/1053 1262/1574/861 188/1567/854 1259/1570/858
f 1398/1942/1047 842/587/307 67/586/303 1393/1943/1040
f 1398/8006/1047 1397/8007/1045 855/8008/327 842/8009/307
f 1397/1932/1045 1396/1931/1044 864/641/337 855/628/327
f 1396/1929/1044 1395/1928/1042 3359/8010/3407 864/8011/337
f 3359/8010/3407 3360/8012/3408 861/8013/334 864/8011/337
f 3359/8014/3407 1395/1924/1042 1394/1923/1041 845/8015/310
f 3359/8014/3407 845/8015/310 844/8016/309 3360/8017/3408
f 3360/8012/3408 3361/8018/3409 862/8019/335 861/8013/334
f 3360/8020/3408 844/8021/309 3362/8022/3410 3361/8023/3409
f 3362/8022/3410 873/653/347 872/652/346 3361/8023/3409
f 3362/8024/3410 844/8025/309 841/585/306 877/671/351
f 3362/8024/3410 877/671/351 874/656/348 873/655/347
f 3361/8018/3409 872/8026/346 3363/8027/3411 862/8019/335
f 3363/8027/3411 3364/8028/3412 825/8029/286 3365/8030/3413
f 3363/8027/3411 3365/8030/3413 858/8031/331 862/8019/335
f 3363/8027/3411 872/8026/346 871/8032/345 3364/8028/3412
f 3365/8033/3413 825/8034/286 61/8035/284 3366/8036/3414
f 3365/8033/3413 3366/8036/3414 859/8037/332 858/8038/331
f 3366/8039/3414 61/8040/284 813/511/268 812/510/267
f 3366/8036/3414 812/557/267 827/556/288 859/8037/332
f 3364/8028/3412 788/454/233 787/453/232 825/8029/286
f 3364/8028/3412 871/8032/345 870/8041/344 788/454/233
f 1394/1921/1041 1393/1920/1040 67/8042/303 845/8043/310
f 1384/1895/1028 1278/8044/882 1280/1890/884 1382/1889/1025
f 1384/8045/1028 1381/8046/1024 1271/1606/871 1278/1605/882
f 1383/1897/1026 1361/8047/999 1360/8048/998 1380/1898/1023
f 1381/1886/1024 1378/1881/1021 1272/8049/872 1271/8050/871
f 1378/1881/1021 1377/1880/1020 1273/8051/873 1272/8049/872
f 1372/1874/1014 219/1657/912 1269/1582/869 1268/1581/868
f 1371/1870/1013 3367/8052/3415 1364/8053/1003 1366/1871/1006
f 1371/1870/1013 1370/1869/1012 1363/8054/1002 3368/8055/3416
f 1371/1870/1013 3368/8055/3416 3369/8056/3417 3367/8052/3415
f 3369/8057/3417 1096/8058/635 3370/8059/3418 3367/8060/3415
f 3369/8057/3417 3368/8061/3416 3371/8062/3419 3372/8063/3420
f 3369/8057/3417 3372/8063/3420 1092/8064/631 1096/8058/635
f 3372/8063/3420 3371/8062/3419 3373/8065/3421 3374/8066/3422
f 3372/8063/3420 3374/8066/3422 1093/8067/632 1092/8064/631
f 3374/8068/3422 3373/8069/3421 3375/8070/3423 1073/8071/605
f 3374/8068/3422 1073/8071/605 1072/8072/604 1093/8073/632
f 3375/8074/3423 3373/8075/3421 1090/1149/627 1089/1148/626
f 3375/8076/3423 1089/8077/626 1101/1173/641 1100/1172/640
f 3375/8076/3423 1100/1172/640 1074/1112/606 1073/1111/605
f 3373/8075/3421 3371/8078/3419 1091/1150/628 1090/1149/627
f 3371/8078/3419 3368/8055/3416 1363/8054/1002 1091/1150/628
f 3370/8079/3418 1368/8080/1010 223/8081/1009 1365/8082/1004
f 3370/8059/3418 1365/8083/1004 1364/8084/1003 3367/8060/3415
f 3370/8079/3418 1096/1158/635 1095/1157/634 1368/8080/1010
f 1370/8085/1012 1369/8086/1011 1097/1851/636 1363/1850/1002
f 1369/1866/1011 1368/1865/1010 1095/1163/634 1097/1162/636
f 1362/1846/1000 1265/7999/864 1264/8087/863 1086/1847/1001
f 1359/8088/997 220/1837/995 1260/1571/859 1263/1575/862
f 220/1837/995 1358/1838/996 1261/1572/860 1260/1571/859
f 1354/6995/990 1353/8089/988 1352/8090/987 1351/6996/986
f 1344/8091/976 1340/1779/971 1339/1766/969 1338/1765/968
f 1343/1786/975 1335/8092/964 1334/8093/963 1341/1787/973
f 1330/1751/958 1320/1750/945 1311/1738/934 1325/1737/953
f 1310/1691/931 1128/7654/679 3376/8094/3424 1309/1692/930
f 1302/8095/921 1300/1891/918 1280/1890/884 1279/8096/883
f 1267/7880/866 1185/1385/763 1184/1384/762 189/8097/856
f 1264/1576/863 189/1566/856 1184/8098/762 3377/8099/3425
f 1264/8087/863 3377/8100/3425 1087/1175/642 1086/1847/1001
f 3377/8101/3425 1184/1384/762 1129/1372/681 146/8102/680
f 3377/8100/3425 146/8103/680 1102/1176/643 1087/1175/642
f 1251/1543/845 1246/1542/838 1245/8104/837 1239/8105/830
f 1251/1535/845 1239/1498/830 1238/1497/829 1249/1536/842
f 1249/1530/842 1238/1502/829 1240/1501/831 1243/1531/835
f 1245/8104/837 1094/8106/633 1076/8107/610 1239/8105/830
f 1241/1508/832 1160/1514/731 1159/8108/730 1163/8109/736
f 1233/8110/823 1232/8111/822 853/8112/324 852/8113/323
f 1228/8114/816 1078/1125/613 1055/8115/572 967/850/461
f 1228/8114/816 967/850/461 966/849/460 1225/8116/813
f 1228/8114/816 1164/8117/737 1079/1126/614 1078/1125/613
f 1227/8118/815 1226/8119/814 1220/1453/808 1219/1452/807
f 1227/1473/815 1219/8120/807 796/477/246 878/676/352
f 1226/1469/814 1225/1468/813 966/8121/460 3378/8122/3426
f 1226/8119/814 3378/8123/3426 3379/8124/3427 1220/1453/808
f 3379/8125/3427 3378/8122/3426 950/818/441 954/822/445
f 3379/8126/3427 954/8127/445 963/8128/456 3380/8129/3428
f 3379/8124/3427 3380/8130/3428 1221/1454/809 1220/1453/808
f 3380/8129/3428 963/8128/456 960/8131/453 964/8132/457
f 3380/8129/3428 964/8132/457 1222/1457/810 1221/1456/809
f 3378/8122/3426 966/8121/460 951/819/442 950/818/441
f 1224/8133/812 1202/1422/787 3381/8134/3429 793/8135/243
f 1224/8136/812 793/8137/243 791/8138/238 797/8139/247
f 1224/8133/812 1204/8140/789 1198/1423/782 1202/1422/787
f 3381/8141/3429 1196/4480/780 808/505/262 807/504/261
f 3381/8141/3429 807/504/261 794/469/242 793/474/243
f 3381/8134/3429 1202/1422/787 1194/1412/776 1196/1411/780
f 1223/1458/811 1222/1457/810 3382/8142/3430 3383/8143/3431
f 1223/1460/811 3383/8144/3431 1206/1430/791 1205/1429/790
f 3383/8143/3431 3382/8142/3430 989/896/489 995/906/495
f 3383/8144/3431 995/8145/495 1218/8146/805 1206/1430/791
f 3382/8142/3430 1222/1457/810 964/8132/457 883/687/361
f 3382/8142/3430 883/687/361 882/686/360 989/896/489
f 1218/8146/805 1217/8147/804 1207/1431/792 1206/1430/791
f 1218/1449/805 995/8148/495 994/908/494 1213/1442/800
f 1217/8147/804 1216/8149/803 1208/8150/793 1207/1431/792
f 1216/8151/803 1014/8152/519 1013/8153/518 1208/8154/793
f 1216/1446/803 1215/1445/802 1018/953/524 1014/952/519
f 1215/1450/802 1173/1359/748 1172/1358/747 1018/8155/524
f 1214/1443/801 1213/1442/800 994/908/494 996/907/496
f 1210/8156/795 1209/8157/794 1166/1347/741 1168/8158/743
f 1209/8157/794 1208/8159/793 1013/943/518 1166/1347/741
f 1191/8160/772 167/1398/766 1181/1401/759 1186/8161/764
f 1180/1379/758 1179/1378/757 1169/1352/744 1165/1346/740
f 1180/1379/758 1165/1346/740 1082/1345/617 1085/8162/620
f 1180/8163/758 1085/1135/620 1062/1062/583 1061/1061/582
f 1172/1358/747 1029/973/536 1017/972/522 1018/8155/524
f 1157/1319/727 1149/1301/715 1151/1300/718 157/1320/728
f 157/1320/728 1151/1300/718 1156/8164/724 152/8165/720
f 1156/8164/724 1151/1300/718 1150/1299/717 3384/8166/3432
f 1156/1310/724 3384/8167/3432 1140/1279/702 1144/1287/708
f 3384/8166/3432 1150/1299/717 1152/8168/719 3385/8169/3433
f 3384/8170/3432 3385/8171/3433 1141/1357/703 1140/8172/702
f 3385/8169/3433 1152/8168/719 1027/969/534 1026/968/533
f 3385/8171/3433 1026/974/533 1029/973/536 1141/1357/703
f 156/1317/726 3376/8094/3424 1128/7654/679 1127/1318/678
f 156/8173/726 1155/8174/723 1132/8175/686 3376/8176/3424
f 1104/1182/645 1101/1181/641 1089/8177/626 1088/1188/625
f 1100/1172/640 138/1137/622 1075/1113/607 1074/1112/606
f 1094/8178/633 1093/8073/632 1072/8072/604 1076/8179/610
f 1085/1135/620 1084/1134/619 1063/8180/584 1062/1062/583
f 1083/8181/618 1011/1041/516 1056/1040/573 1077/8182/612
f 1078/8183/613 1077/8182/612 1056/1040/573 1055/1039/572
f 1055/8115/572 1054/8184/571 94/845/458 967/850/461
f 1054/8185/571 1052/8186/568 1051/8187/567 94/8188/458
f 1053/1031/569 1016/8189/521 1040/999/551 1049/1032/565
f 1049/1032/565 1040/999/551 1039/998/550 1048/8190/563
f 1048/1018/563 1039/8191/550 974/862/469 973/861/468
f 1050/1023/566 972/859/467 968/858/463 965/8192/459
f 1050/8193/566 965/8194/459 94/8195/458 1051/8196/567
f 1046/8197/559 1045/8198/558 984/884/482 981/883/479
f 1040/999/551 1016/8189/521 1015/8199/520 1038/991/549
f 113/982/544 111/967/523 1028/970/535 1031/983/539
f 1035/8200/543 1034/8201/542 1021/8202/528 1020/8203/527
f 1034/8204/542 1033/8205/541 1022/8206/529 1021/8207/528
f 1008/6108/512 977/869/474 976/868/473 970/6109/465
f 992/903/492 991/902/491 3386/8208/3434 783/8209/224
f 3386/8210/3434 991/8211/491 990/8212/490 3387/8213/3435
f 3386/8210/3434 3387/8213/3435 3388/8214/3436 3389/8215/3437
f 3386/8216/3434 3389/8217/3437 779/8218/220 783/8219/224
f 3389/8217/3437 3388/8220/3436 802/8221/255 801/8222/254
f 3389/8217/3437 801/8222/254 780/8223/221 779/8218/220
f 3388/8214/3436 3387/8213/3435 3390/8224/3438 3391/8225/3439
f 3388/8226/3436 3391/8227/3439 3392/8228/3440 802/8229/255
f 3392/8228/3440 3391/8227/3439 3393/8230/3441 3394/8231/3442
f 3392/8232/3440 3394/8233/3442 3395/8234/3443 3396/8235/3444
f 3392/8232/3440 3396/8235/3444 798/480/249 802/8236/255
f 3396/8235/3444 3395/8234/3443 3397/8237/3445 3398/8238/3446
f 3396/8235/3444 3398/8238/3446 101/481/250 798/480/249
f 3398/8239/3446 3397/8240/3445 3399/8241/3447 979/876/476
f 3398/8239/3446 979/876/476 975/866/472 101/865/250
f 3399/8241/3447 3397/8240/3445 3400/8242/3448 3401/8243/3449
f 3399/8244/3447 3401/8245/3449 3402/8246/3450 3403/8247/3451
f 3399/8244/3447 3403/8247/3451 98/8248/359 979/8249/476
f 3403/8247/3451 3402/8246/3450 3404/8250/3452 879/8251/354
f 3403/8247/3451 879/8251/354 76/8252/353 98/8248/359
f 3404/8250/3452 3402/8246/3450 3405/8253/3453 911/8254/393
f 3404/8255/3452 911/740/393 910/739/392 3406/8256/3454
f 3404/8255/3452 3406/8256/3454 880/679/355 879/678/354
f 3406/8256/3454 910/739/392 909/8257/391 3407/8258/3455
f 3406/8256/3454 3407/8258/3455 3408/8259/3456 880/679/355
f 3408/8260/3456 3407/8261/3455 3409/8262/3457 3410/8263/3458
f 3408/8260/3456 3410/8263/3458 3390/8224/3438 3411/8264/3459
f 3408/8259/3456 3411/8265/3459 881/680/356 880/679/355
f 3411/8264/3459 3390/8224/3438 3387/8213/3435 990/8212/490
f 3411/8265/3459 990/899/490 884/689/362 881/680/356
f 3410/8266/3458 3409/8267/3457 3412/8268/3460 3393/8269/3441
f 3410/8263/3458 3393/8270/3441 3391/8225/3439 3390/8224/3438
f 3412/8268/3460 3409/8267/3457 917/8271/400 916/8272/399
f 3412/8273/3460 916/8274/399 3413/8275/3461 3414/8276/3462
f 3412/8273/3460 3414/8276/3462 3394/8231/3442 3393/8230/3441
f 3414/8277/3462 3413/8278/3461 3415/8279/3463 3416/8280/3464
f 3414/8277/3462 3416/8280/3464 3395/8234/3443 3394/8233/3442
f 3416/8280/3464 3415/8279/3463 3417/8281/3465 3400/8282/3448
f 3416/8280/3464 3400/8282/3448 3397/8237/3445 3395/8234/3443
f 3417/8281/3465 3415/8279/3463 922/765/407 3418/8283/3466
f 3417/8284/3465 3418/8285/3466 3419/8286/3467 3420/8287/3468
f 3417/8284/3465 3420/8287/3468 3401/8243/3449 3400/8242/3448
f 3420/8288/3468 3419/8289/3467 3421/8290/3469 3405/8253/3453
f 3420/8288/3468 3405/8253/3453 3402/8246/3450 3401/8245/3449
f 3421/8290/3469 3419/8289/3467 3422/8291/3470 3423/8292/3471
f 3421/8290/3469 3423/8292/3471 908/8293/390 907/8294/389
f 3421/8290/3469 907/8294/389 911/8254/393 3405/8253/3453
f 3423/8295/3471 3422/8296/3470 933/797/421 938/796/426
f 3423/8297/3471 938/8298/426 3424/8299/3472 908/8300/390
f 3424/8299/3472 938/8298/426 937/8301/425 3425/8302/3473
f 3424/8303/3472 3425/8304/3473 948/815/438 947/814/437
f 3424/8303/3472 947/814/437 904/734/386 908/733/390
f 3425/8305/3473 937/795/425 936/794/424 3426/8306/3474
f 3425/8307/3473 3426/8308/3474 949/8309/439 948/8310/438
f 3426/8306/3474 936/794/424 931/8311/418 930/8312/417
f 3426/8308/3474 930/8313/417 932/8314/419 949/8309/439
f 3422/8315/3470 3427/8316/3475 934/790/422 933/789/421
f 3422/8317/3470 3419/8286/3467 3418/8285/3466 3427/8318/3475
f 3427/8318/3475 3418/8285/3466 922/8319/407 921/8320/406
f 3427/8316/3475 921/8321/406 3428/8322/3476 934/790/422
f 3428/8322/3476 3429/8323/3477 935/791/423 934/790/422
f 3428/8324/3476 921/764/406 920/763/405 928/775/414
f 3428/8322/3476 928/8325/414 927/8326/413 3429/8323/3477
f 3429/8327/3477 931/8311/418 936/794/424 935/793/423
f 3429/8328/3477 927/8329/413 926/783/412 931/782/418
f 3415/8279/3463 3413/8278/3461 84/760/402 922/765/407
f 3413/8275/3461 916/8274/399 915/8330/401 84/8331/402
f 3409/8262/3457 3407/8261/3455 909/737/391 917/753/400
f 985/8332/484 107/8333/477 99/8334/252 799/8335/251
f 978/873/475 971/856/466 970/855/465 976/8336/473
f 968/8337/463 943/828/432 957/827/449 965/848/459
f 963/8128/456 954/8127/445 953/8338/444 961/8339/454
f 962/837/455 961/836/454 953/8340/444 955/8341/446
f 962/837/455 955/8341/446 956/8342/448 940/8343/429
f 962/837/455 940/8343/429 939/8344/428 959/833/452
f 958/831/450 956/830/448 955/8345/446 952/846/443
f 949/8346/439 932/8347/419 3430/8348/3478 944/8349/434
f 3430/8350/3478 932/786/419 929/785/416 3431/8351/3479
f 3430/8348/3478 3431/8352/3479 3432/8353/3480 3433/8354/3481
f 3430/8348/3478 3433/8354/3481 945/8355/435 944/8349/434
f 3433/8356/3481 3432/8357/3480 3434/8358/3482 3435/8359/3483
f 3433/8354/3481 3435/8360/3483 3436/8361/3484 945/8355/435
f 3436/8362/3484 905/8363/387 946/813/436 945/812/435
f 3436/8361/3484 3435/8360/3483 3437/8364/3485 3438/8365/3486
f 3436/8362/3484 3438/8366/3486 902/8367/384 905/8363/387
f 3438/8365/3486 3437/8364/3485 657/118/62 660/117/66
f 3438/8366/3486 660/8368/66 903/8369/385 902/8367/384
f 3437/8370/3485 3435/8359/3483 3434/8358/3482 3439/8371/3487
f 3437/8370/3485 3439/8371/3487 641/72/40 657/112/62
f 3439/8372/3487 3434/8373/3482 3440/8374/3488 644/8375/43
f 3439/8371/3487 644/8376/43 7/67/37 641/72/40
f 3440/8377/3488 3434/8358/3482 3432/8357/3480 3441/8378/3489
f 3440/8379/3488 3441/8380/3489 919/8381/404 918/8382/403
f 3440/8383/3488 918/761/403 645/79/44 644/78/43
f 3441/8384/3489 3432/8385/3480 3431/8386/3479 924/769/410
f 3441/8384/3489 924/769/410 923/768/409 919/8387/404
f 3431/8386/3479 929/779/416 925/770/411 924/769/410
f 947/814/437 946/813/436 905/8363/387 904/734/386
f 928/775/414 920/763/405 919/762/404 923/776/409
f 917/753/400 909/737/391 906/736/388 914/754/398
f 915/766/401 913/8388/396 642/80/41 645/79/44
f 914/750/398 906/730/388 895/722/376 901/721/382
f 82/741/394 636/58/34 638/62/36 643/743/42
f 912/8389/395 3442/8390/3490 630/48/27 634/52/31
f 912/8389/395 898/718/379 3443/8391/3491 3442/8390/3490
f 3443/8391/3491 686/196/101 3444/8392/3492 3442/8390/3490
f 3443/8391/3491 898/718/379 894/717/375 3445/8393/3493
f 3443/8391/3491 3445/8393/3493 669/197/79 686/196/101
f 3445/8393/3493 894/717/375 893/8394/374 3446/8395/3494
f 3445/8396/3493 3446/8397/3494 15/131/76 669/134/79
f 3446/8395/3494 893/8394/374 3447/8398/3495 3448/8399/3496
f 3446/8400/3494 3448/8401/3496 670/8402/80 15/8403/76
f 3448/8399/3496 3447/8398/3495 890/705/370 3449/8404/3497
f 3448/8401/3496 3449/8405/3497 681/8406/94 670/8402/80
f 3449/8404/3497 890/705/370 886/704/365 3450/8407/3498
f 3449/8408/3497 3450/8409/3498 682/169/95 681/168/94
f 3450/8410/3498 886/693/365 885/692/364 3451/8411/3499
f 3450/8410/3498 3451/8411/3499 684/8412/98 682/8413/95
f 3451/8414/3499 885/698/364 888/697/368 3452/8415/3500
f 3451/8416/3499 3452/8417/3500 685/180/99 684/179/98
f 3452/8415/3500 888/697/368 3453/8418/3501 3454/8419/3502
f 3452/8417/3500 3454/8420/3502 3455/8421/3503 685/180/99
f 3455/8421/3503 3454/8420/3502 14/8422/64 665/8423/73
f 3455/8424/3503 665/8425/73 663/8426/71 3456/8427/3504
f 3455/8421/3503 3456/8428/3504 683/181/97 685/180/99
f 3456/8429/3504 663/8430/71 662/138/70 671/137/81
f 3456/8431/3504 671/8432/81 680/173/93 683/172/97
f 3454/8419/3502 3453/8418/3501 666/129/74 14/115/64
f 3453/8418/3501 3457/8433/3505 900/8434/381 666/129/74
f 3453/8418/3501 888/697/368 887/696/367 3457/8433/3505
f 3457/8435/3505 3458/8436/3506 892/710/373 900/720/381
f 3457/8435/3505 887/8437/367 889/8438/369 3458/8436/3506
f 3458/8436/3506 3447/8439/3495 893/711/374 892/710/373
f 3458/8440/3506 889/706/369 890/705/370 3447/8398/3495
f 3444/8441/3492 627/8442/22 626/8443/21 631/8444/28
f 3444/8441/3492 631/8444/28 630/8445/27 3442/8446/3490
f 3444/8447/3492 686/8448/101 629/45/25 627/44/22
f 903/8449/385 660/117/66 659/116/65 667/130/75
f 903/725/385 667/8450/75 897/715/378 896/714/377
f 900/8451/381 897/8452/378 667/8453/75 666/8454/74
f 877/671/351 841/585/306 840/584/305 846/672/313
f 876/8455/350 810/507/264 814/8456/269 875/8457/349
f 876/8455/350 792/470/240 794/469/242 810/507/264
f 875/666/349 814/8458/269 824/8459/285 789/667/234
f 870/8041/344 784/8460/227 786/455/231 788/454/233
f 870/650/344 869/649/343 785/437/228 784/436/227
f 866/644/340 75/609/312 79/608/320 867/645/341
f 847/8461/315 853/8462/324 1232/8463/822 175/8464/316
f 824/8465/285 774/424/210 51/423/215 789/458/234
f 51/8466/215 45/8467/214 49/8468/213 786/8469/231
f 773/8470/208 3459/8471/3507 3460/8472/3508 770/401/204
f 773/8470/208 770/401/204 769/400/203 771/8473/206
f 773/411/208 772/410/207 3461/8474/3509 3459/8475/3507
f 3461/8474/3509 3462/8476/3510 3463/8477/3511 3459/8475/3507
f 3461/8478/3509 772/408/207 757/371/189 3464/8479/3512
f 3461/8478/3509 3464/8479/3512 3465/8480/3513 3462/8481/3510
f 3465/8480/3513 3466/8482/3514 3467/8483/3515 3462/8481/3510
f 3465/8480/3513 3464/8479/3512 3468/8484/3516 3469/8485/3517
f 3465/8480/3513 3469/8485/3517 3470/8486/3518 3466/8482/3514
f 3470/8486/3518 3471/8487/3519 3472/8488/3520 3466/8482/3514
f 3470/8489/3518 3469/8490/3517 3473/8491/3521 3474/8492/3522
f 3470/8489/3518 3474/8492/3522 3475/8493/3523 3471/8494/3519
f 3475/8493/3523 3476/8495/3524 3477/8496/3525 3471/8494/3519
f 3475/8493/3523 3474/8492/3522 3478/8497/3526 3479/8498/3527
f 3475/8493/3523 3479/8498/3527 3480/8499/3528 3476/8495/3524
f 3480/8499/3528 661/8500/69 3481/8501/3529 3476/8495/3524
f 3480/8499/3528 3479/8498/3527 3482/8502/3530 3483/8503/3531
f 3480/8499/3528 3483/8503/3531 648/8504/50 661/8500/69
f 3483/8505/3531 3482/8506/3530 3484/8507/3532 3485/8508/3533
f 3483/8509/3531 3485/8510/3533 649/8511/51 648/8512/50
f 3485/8508/3533 3484/8507/3532 3486/8513/3534 3487/8514/3535
f 3485/8508/3533 3487/8514/3535 611/8515/3 649/8516/51
f 3487/8514/3535 3486/8513/3534 3488/8517/3536 3489/8518/3537
f 3487/8514/3535 3489/8518/3537 612/8519/4 611/8515/3
f 3489/8520/3537 3488/8521/3536 3490/8522/3538 3491/8523/3539
f 3489/8520/3537 3491/8523/3539 613/87/5 612/8524/4
f 3491/8523/3539 3490/8522/3538 3492/8525/3540 3493/8526/3541
f 3491/8523/3539 3493/8526/3541 646/88/46 613/87/5
f 3493/8527/3541 3492/8528/3540 3472/8488/3520 3494/8529/3542
f 3493/8530/3541 3494/8531/3542 9/83/47 646/82/46
f 3494/8529/3542 3472/8488/3520 3471/8487/3519 3477/8532/3525
f 3494/8529/3542 3477/8532/3525 3495/8533/3543 9/8534/47
f 3492/8525/3540 3490/8522/3538 3496/8535/3544 3467/8536/3515
f 3492/8528/3540 3467/8483/3515 3466/8482/3514 3472/8488/3520
f 3496/8535/3544 3490/8522/3538 3488/8521/3536 3497/8537/3545
f 3496/8535/3544 3497/8537/3545 3498/8538/3546 3463/8539/3511
f 3496/8540/3544 3463/8477/3511 3462/8476/3510 3467/8541/3515
f 3498/8538/3546 3497/8537/3545 3499/8542/3547 3500/8543/3548
f 3498/8538/3546 3500/8543/3548 3501/8544/3549 3460/8472/3508
f 3498/8538/3546 3460/8472/3508 3459/8471/3507 3463/8539/3511
f 3501/8545/3549 3500/8546/3548 3502/8547/3550 3503/8548/3551
f 3501/8545/3549 3503/8548/3551 763/383/196 768/394/202
f 3501/8544/3549 768/402/202 770/401/204 3460/8472/3508
f 3503/8548/3551 3502/8547/3550 3504/8549/3552 3505/8550/3553
f 3503/8548/3551 3505/8550/3553 764/384/197 763/383/196
f 3505/8551/3553 3504/8552/3552 3506/8553/3554 3507/8554/3555
f 3505/8551/3553 3507/8554/3555 767/391/200 764/390/197
f 3507/8555/3555 3506/8556/3554 3473/8491/3521 3508/8557/3556
f 3507/8555/3555 3508/8557/3556 760/375/192 767/8558/200
f 3508/8557/3556 3473/8491/3521 3469/8490/3517 3468/8559/3516
f 3508/8557/3556 3468/8559/3516 756/376/188 760/375/192
f 3506/8556/3554 3478/8497/3526 3474/8492/3522 3473/8491/3521
f 3506/8553/3554 3504/8552/3552 3509/8560/3557 3478/8561/3526
f 3509/8562/3557 3482/8502/3530 3479/8498/3527 3478/8497/3526
f 3509/8563/3557 3504/8549/3552 3502/8547/3550 3510/8564/3558
f 3509/8563/3557 3510/8564/3558 3484/8507/3532 3482/8506/3530
f 3510/8564/3558 3502/8547/3550 3500/8546/3548 3499/8565/3547
f 3510/8564/3558 3499/8565/3547 3486/8513/3534 3484/8507/3532
f 3499/8565/3547 3497/8566/3545 3488/8517/3536 3486/8513/3534
f 3481/8567/3529 664/127/72 658/114/63 3495/8533/3543
f 3481/8567/3529 3495/8533/3543 3477/8532/3525 3476/8568/3524
f 3481/8501/3529 661/8500/69 13/123/67 664/8569/72
f 3468/8484/3516 3464/8479/3512 757/371/189 756/370/188
f 771/8570/206 769/398/203 766/397/199 761/8571/193
f 767/8558/200 760/375/192 759/374/191 765/8572/198
f 766/8573/199 765/8574/198 759/380/191 761/379/193
f 749/8575/179 698/222/116 695/217/113 734/8576/161
f 733/4879/160 728/4872/155 727/312/154 725/311/150
f 681/8406/94 680/8577/93 671/8578/81 670/8402/80
f 679/157/91 656/156/60 655/8579/59 673/8580/83
f 679/163/91 673/8581/83 672/8582/82 677/164/88
f 675/186/86 674/8583/84 651/8584/53 650/187/52
f 665/8585/73 664/8569/72 13/123/67 663/126/71
f 649/8516/51 611/8515/3 610/8586/2 11/8587/24
f 643/75/42 638/8588/36 621/21/15 639/76/38
f 640/69/39 639/68/38 621/8589/15 620/8590/14
f 640/8591/39 620/8592/14 619/29/13 617/8593/9
f 640/8594/39 617/12/9 1/11/1 616/8595/8
f 638/8588/36 637/8596/35 622/22/16 621/21/15
f 637/66/35 635/65/32 623/8597/17 622/8598/16
f 635/65/32 632/8599/29 625/8600/20 623/8597/17
f 632/8601/29 631/8444/28 626/8443/21 625/8602/20
f 624/28/19 4/8603/10 617/8593/9 619/29/13
f 369/8604/1665 1909/8605/1717 397/8606/1761 1945/8607/1763
f 513/4390/2250 2330/4393/2253 2335/8608/2256 2332/8609/2259
f 75/609/312 866/644/340 865/643/339 874/8610/348
f 3495/8533/3543 658/114/63 10/113/48 9/8534/47
f 378/8611/751 379/1286/707 150/1278/701
f 1904/3253/1708 377/3252/1722 150/8612/701
f 156/1317/726 157/1320/728 152/8165/720 1155/8613/723
f 1987/8614/1819 413/8615/1838 411/3512/1825
f 413/8615/1838 1969/3448/1793 411/3512/1825
f 2705/8616/2718 2704/8617/2717 2463/8618/2442 571/8619/2441
f 571/8620/2441 521/8621/276 2462/8622/2440
f 521/8621/276 522/8623/2287 2462/8622/2440
f 571/4835/2441 520/4838/2283 521/8624/276
f 2705/8625/2718 822/8626/282 60/8627/279
f 2705/8628/2718 571/8629/2441 2462/8630/2440 822/8631/282
f 108/935/511 106/8632/497 103/8633/471 977/936/474
f 108/935/511 1009/938/513 1007/6104/510 106/8632/497
f 147/8634/646 1103/1177/644 1102/1176/643 146/8103/680
f 1131/8635/685 1309/8636/930 3376/8637/3424 3512/8638/3559
f 3376/8639/3424 1132/8640/686 147/8641/646 3512/8642/3559
f 147/8641/646 146/8643/680 1131/8644/685 3512/8642/3559
f 1057/8645/576 1060/8646/581 1058/8647/577
f 1060/8648/581 155/8649/648 1058/8650/577
f 1058/1315/577 155/8651/648 154/1316/691
f 155/8652/648 1105/8653/647 154/8654/691
f 1438/2009/1093 1437/2008/1092 239/7858/295 1435/8655/1089
f 1442/8656/1099 1440/8657/1096 1438/8658/1093 1435/8659/1089
f 1442/8660/1099 242/7862/1098 1441/2069/1097 1440/8661/1096
f 1564/2333/1264 1685/2642/1420 3514/8662/3560 3513/8663/3561
f 312/8664/1392 298/8665/1386 3514/8666/3560 1685/8667/1420
f 3513/8668/3561 3514/8666/3560 298/8665/1386 1565/8669/1265
f 271/2330/1259 1564/2333/1264 3513/8663/3561 1565/2334/1265
f 3276/8670/3324 3312/8671/3360 3311/8672/3359
f 3276/8673/3324 3311/7740/3359 284/7742/1321
f 3276/7568/3324 284/2439/1321 1612/2442/1324
f 3276/7568/3324 1618/2452/1331 285/2451/1327 3312/8674/3360
f 285/8675/1327 1617/7770/1330 3312/7769/3360
f 2007/8676/1844 3132/8677/3162 2011/8678/1848
f 2007/8679/1844 2011/8680/1848 2010/8681/1847
f 2007/8682/1844 2010/8683/1847 417/8684/1806
f 2010/8685/1847 3092/7009/3122 3105/7008/3135 417/8686/1806
f 3105/7008/3135 1977/8687/1803 417/8686/1806
f 2714/8688/2727 2162/8689/2043 473/6541/2044
f 2293/4318/2210 2714/8688/2727 473/6541/2044
f 2162/8690/2043 474/8691/1644 2792/5845/2805 473/5844/2044
f 2491/8692/2476 2521/8693/2515 588/8694/2516 2487/8695/2472
f 588/8696/2516 2524/8697/2519 584/8698/2499 2487/8699/2472
f 116/1000/552 118/1010/560 1045/1008/558 117/1001/553
f 136/1146/624 221/1151/629 1086/1847/1001 1087/1175/642
f 294/2530/1363 1652/2533/1374 295/8700/1375 1649/8701/1371
f 546/8702/2376 3511/8703/2379 555/8704/2378 547/8705/2373
f 3515/8706/3562 3516/8707/3563 3517/8708/3564 3518/8709/3565
f 3515/8706/3562 3518/8709/3565 3519/8710/3566 3520/8711/3567
f 3515/8706/3562 3520/8711/3567 3521/8712/3568 3516/8707/3563
f 3521/8712/3568 3522/8713/3569 3523/8714/3570 3516/8707/3563
f 3523/8714/3570 3524/8715/3571 3517/8708/3564 3516/8707/3563
f 3524/8715/3571 3525/8716/3572 3526/8717/3564 3517/8708/3564
f 3526/8717/3564 3527/8718/3573 3518/8709/3565 3517/8708/3564
f 3527/8719/3573 3528/8720/3574 3529/8721/3575 3530/8722/3576
f 3519/8710/3566 3518/8709/3565 3527/8718/3573 3530/8723/3576
f 3529/8724/3575 3528/8725/3574 3531/8726/3577
f 3532/8727/3578 3536/8728/3579 3537/8729/3580 3538/8730/3581
f 3532/8727/3578 3539/8731/3582 3540/8732/3583 3536/8728/3579
f 3532/8727/3578 3538/8730/3581 3541/8733/3584 3539/8731/3582
f 3533/8734/3585 3542/8735/3586 3543/8736/3587 3544/8737/3588
f 3533/8734/3585 3539/8731/3582 3541/8733/3584 3542/8735/3586
f 3533/8734/3585 3545/8738/3589 3546/8739/3590 3547/8740/3591
f 3533/8734/3585 3544/8737/3588 3548/8741/3592 3545/8738/3589
f 3533/8734/3585 3547/8740/3591 3540/8732/3583 3539/8731/3582
f 3534/8742/3593 3549/8743/3594 3550/8744/3595 3551/8745/3596
f 3534/8746/3593 3552/8747/3597 3553/8748/3598 3549/8749/3594
f 3534/8746/3593 3547/8750/3591 3546/8751/3590 3552/8747/3597
f 3534/8752/3593 3551/8753/3596 3535/8754/3599
f 3551/8753/3596 3554/8755/3600 3535/8754/3599
f 3534/8756/3593 3535/8757/3599 3540/8732/3583 3547/8740/3591
f 3535/8757/3599 3555/8758/3601 3536/8728/3579 3540/8732/3583
f 3535/8759/3599 3556/8760/3602 3557/8761/3603 3555/8762/3601
f 3557/8761/3603 3556/8760/3602 3558/8763/3604 3559/8764/3605
f 3557/8761/3603 3559/8764/3605 3560/8765/3606 3561/8766/3607
f 3557/8761/3603 3561/8766/3607 3562/8767/3608 3555/8762/3601
f 3562/8767/3608 3561/8766/3607 3563/8768/3609 3564/8769/3610
f 3562/8770/3608 3537/8729/3580 3536/8728/3579 3555/8758/3601
f 3563/8768/3609 3561/8766/3607 3560/8765/3606 3565/8771/3611
f 3565/8771/3611 3560/8765/3606 3566/8772/3612 3567/8773/3613
f 3566/8772/3612 3560/8765/3606 3559/8764/3605 3568/8774/3614
f 3558/8775/3604 3569/8776/3615 3548/8777/3592 3544/8778/3588
f 3558/8763/3604 3556/8760/3602 3570/8779/3616 3569/8780/3615
f 3570/8779/3616 3571/8781/3617 3572/8782/3618 3569/8780/3615
f 3570/8779/3616 3556/8760/3602 3535/8759/3599 3554/8783/3600
f 3570/8779/3616 3554/8783/3600 3573/8784/3619 3571/8781/3617
f 3573/8785/3619 3554/8755/3600 3551/8753/3596 3574/8786/3620
f 3574/8786/3620 3551/8753/3596 3550/8787/3595 3575/8788/3621
f 3575/8789/3621 3550/8790/3595 3577/8791/3622
f 3550/8790/3595 3576/8792/3623 3577/8791/3622
f 3576/8792/3623 3550/8790/3595 3549/8793/3594 3578/8794/3624
f 3578/8794/3624 3549/8793/3594 3553/8795/3598 3579/8796/3625
f 3572/8797/3618 3580/8798/3626 3548/8777/3592 3569/8776/3615
f 3568/8799/3614 3558/8800/3604 3544/8801/3588 3543/8802/3587
f 3568/8774/3614 3559/8764/3605 3558/8763/3604
f 3581/8803/3627 3584/8804/3628 3585/8805/3629 3586/8806/3630
f 3581/8807/3627 3586/8808/3630 3587/8809/3631 3588/8810/3632
f 3582/8811/3633 3589/8812/3633 3590/8813/3633
f 3583/8814/3634 3591/8815/3635 3592/8816/3636 3593/8817/3637
f 3592/8816/3636 3594/8818/3638 3595/8819/3639 3593/8817/3637
f 3592/8816/3636 3591/8815/3635 3596/8820/3640 3597/8821/3641
f 3592/8816/3636 3597/8821/3641 3598/8822/3642 3594/8818/3638
f 3598/8822/3642 3599/8823/3643 3600/8824/3644 3594/8818/3638
f 3598/8822/3642 3597/8821/3641 3601/8825/3645 3602/8826/3646
f 3598/8822/3642 3602/8826/3646 3603/8827/3647 3599/8823/3643
f 3603/8827/3647 3604/8828/3648 3605/8829/3649 3599/8823/3643
f 3603/8827/3647 3602/8826/3646 3606/8830/3650 3607/8831/3651
f 3603/8827/3647 3607/8831/3651 3608/8832/3652 3604/8828/3648
f 3608/8832/3652 3609/8833/3653 3610/8834/3654 3604/8828/3648
f 3608/8835/3652 3607/8836/3651 3587/8837/3631 3611/8838/3655
f 3608/8832/3652 3611/8839/3655 3612/8840/3656 3609/8833/3653
f 3612/8840/3656 3613/8841/3657 3614/8842/3658 3609/8833/3653
f 3612/8843/3656 3611/8844/3655 3615/8845/3659 3616/8846/3660
f 3612/8847/3656 3616/8848/3660 3617/8849/3661 3613/8850/3657
f 3617/8851/3661 3616/8852/3660 3618/8853/3662 3619/8854/3663
f 3619/8855/3663 3618/8856/3662 3620/8857/3664 3614/8858/3658
f 3620/8859/3664 3618/8853/3662 3621/8860/3665 3622/8861/3666
f 3620/8862/3664 3622/8863/3666 3623/8864/3667 3610/8865/3654
f 3620/8866/3664 3610/8834/3654 3609/8833/3653 3614/8842/3658
f 3623/8867/3667 3622/8861/3666 3624/8868/3668 3625/8869/3669
f 3623/8870/3667 3625/8871/3669 3626/8872/3670 3605/8873/3649
f 3623/8874/3667 3605/8829/3649 3604/8828/3648 3610/8834/3654
f 3626/8875/3670 3625/8876/3669 3627/8877/3671 3628/8878/3672
f 3626/8879/3670 3628/8880/3672 3629/8881/3673 3600/8882/3644
f 3626/8883/3670 3600/8824/3644 3599/8823/3643 3605/8829/3649
f 3629/8884/3673 3595/8885/3639 3594/8886/3638 3600/8887/3644
f 3627/8888/3671 3625/8869/3669 3624/8868/3668 3630/8889/3674
f 3630/8889/3674 3624/8868/3668 3585/8805/3629 3584/8804/3628
f 3624/8868/3668 3622/8861/3666 3621/8860/3665 3585/8805/3629
f 3621/8860/3665 3615/8890/3659 3586/8806/3630 3585/8805/3629
f 3621/8860/3665 3618/8853/3662 3616/8852/3660 3615/8890/3659
f 3615/8845/3659 3611/8844/3655 3587/8809/3631 3586/8808/3630
f 3607/8836/3651 3606/8891/3650 3588/8892/3632 3587/8837/3631
f 3601/8893/3645 3597/8894/3641 3596/8895/3640
f 3613/8896/3657 3617/8897/3661 3619/8898/3663 3614/8899/3658
f 3606/8830/3650 3602/8826/3646 3596/8820/3640
f 3602/8826/3646 3601/8825/3645 3596/8820/3640
f 3631/8900/3675 3635/8901/3676 3637/8902/3677
f 3635/8901/3676 3636/8903/3678 3637/8902/3677
f 3632/8904/3679 3638/8905/3680 3639/8906/3681 3640/8907/3682
f 3633/8908/3683 3641/8909/3684 3639/8910/3681 3638/8911/3680
f 3637/8912/3677 3636/8913/3678 3642/8914/3685
f 3634/8915/3686 3637/8912/3677 3642/8914/3685
f 3642/8916/3685 3636/8903/3678 3643/8917/3687 3644/8918/3688
f 3644/8918/3688 3643/8917/3687 3645/8919/3689 3646/8920/3690
f 3646/8921/3690 3645/8922/3689 3647/8923/3691 3648/8924/3692
f 3648/8924/3692 3647/8923/3691 3649/8925/3693 3650/8926/3694
f 3650/8926/3694 3649/8925/3693 3651/8927/3695 3652/8928/3696
f 3652/8928/3696 3651/8927/3695 3639/8929/3681 3641/8930/3684
f 3651/8931/3695 3653/8932/3697 3640/8907/3682 3639/8906/3681
f 3651/8931/3695 3649/8933/3693 3654/8934/3698 3653/8932/3697
f 3654/8934/3698 3649/8933/3693 3647/8935/3691 3655/8936/3699
f 3655/8936/3699 3647/8935/3691 3645/8919/3689 3656/8937/3700
f 3656/8937/3700 3645/8919/3689 3643/8917/3687 3657/8938/3701
f 3657/8938/3701 3643/8917/3687 3636/8903/3678 3635/8901/3676
s 0
f 3674/8939/3702 3669/8940/3702 3668/8941/3702 3660/8942/3702 3658/8943/3702 3659/8944/3702 3661/8945/3702 3662/8946/3702 3663/8947/3702 3673/8948/3702 3672/8949/3702 3671/8950/3702 3670/8951/3702 3686/8952/3702 3684/8953/3702 3685/8954/3702 3667/8955/3702 3666/8956/3702 3665/8957/3702 3664/8958/3702 3704/8959/3702 3703/8960/3702 3702/8961/3702 3701/8962/3702 3698/8963/3702 3699/8964/3702 3700/8965/3702 3696/8966/3702 3697/8967/3702 3695/8968/3702 3694/8969/3702 3693/8970/3702 3692/8971/3702 3691/8972/3702 3690/8973/3702 3689/8974/3702 3688/8975/3702 3687/8976/3702 3683/8977/3702 3682/8978/3702 3681/8979/3702 3680/8980/3702 3679/8981/3702 3678/8982/3702 3677/8983/3702 3676/8984/3702 3675/8985/3702
